transacao_id,cpf,nome,data,favorecido,valor,meio,descricao
T00001,999.000.111-28,Isabela Dantas,2025-01-01,Aline Monteiro,3587.6,TED,pagamento
T00002,777.888.999-06,Gabriela Ramos,2025-01-01,Henrique Paiva,2384.11,PIX,rotina
T00003,303.404.505-61,Lucas Gouveia,2025-01-01,Henrique Paiva,7687.0,PIX,serviço
T00004,333.444.555-62,Carla Nogueira,2025-01-02,Karen Freitas,2361.21,PIX,rotina
T00005,444.555.666-73,Diego Vasconcelos,2025-01-02,Fábio Leal,2526.36,BOLETO,pagamento
T00006,222.333.444-51,Bruno Tavares,2025-01-02,Fábio Leal,6417.59,BOLETO,serviço
T00007,666.777.888-95,Fábio Leal,2025-01-02,ALFA COMÉRCIO LTDA,1093.41,TED,pagamento
T00008,555.666.777-84,Elisa Barros,2025-01-02,Diego Vasconcelos,6164.72,TRANSFERÊNCIA,serviço
T00009,999.000.111-28,Isabela Dantas,2025-01-02,Isabela Dantas,2629.57,TRANSFERÊNCIA,serviço
T00010,101.202.303-49,Jonas Melo,2025-01-03,Lucas Gouveia,6419.45,TRANSFERÊNCIA,pagamento
T00011,333.444.555-62,Carla Nogueira,2025-01-03,Elisa Barros,465.75,TED,rotina
T00012,888.999.000-17,Henrique Paiva,2025-01-03,Aline Monteiro,1145.63,BOLETO,compra
T00013,303.404.505-61,Lucas Gouveia,2025-01-03,Carla Nogueira,3538.81,BOLETO,pagamento
T00014,888.999.000-17,Henrique Paiva,2025-01-03,Karen Freitas,1258.53,PIX,pagamento
T00015,111.222.333-40,Aline Monteiro,2025-01-03,Diego Vasconcelos,3728.54,BOLETO,rotina
T00016,101.202.303-49,Jonas Melo,2025-01-03,ALFA COMÉRCIO LTDA,6698.75,TED,serviço
T00017,111.222.333-40,Aline Monteiro,2025-01-03,ALFA COMÉRCIO LTDA,9678.2,PIX,repasse
T00018,222.333.444-51,Bruno Tavares,2025-01-03,ALFA COMÉRCIO LTDA,9925.96,PIX,repasse
T00019,222.333.444-51,Bruno Tavares,2025-01-03,ALFA COMÉRCIO LTDA,9959.81,PIX,repasse
T00020,222.333.444-51,Bruno Tavares,2025-01-03,ALFA COMÉRCIO LTDA,9931.15,PIX,repasse
T00021,444.555.666-73,Diego Vasconcelos,2025-01-04,BETA SERVIÇOS ME,1956.45,BOLETO,pagamento
T00022,222.333.444-51,Bruno Tavares,2025-01-04,Gabriela Ramos,1812.93,TED,serviço
T00023,666.777.888-95,Fábio Leal,2025-01-04,Aline Monteiro,2462.73,PIX,compra
T00024,303.404.505-61,Lucas Gouveia,2025-01-04,Bruno Tavares,3637.79,BOLETO,rotina
T00025,888.999.000-17,Henrique Paiva,2025-01-04,DELTA CONSULTORIA LTDA,6300.38,TED,pagamento
T00026,111.222.333-40,Aline Monteiro,2025-01-04,ALFA COMÉRCIO LTDA,9794.32,PIX,repasse
T00027,222.333.444-51,Bruno Tavares,2025-01-04,ALFA COMÉRCIO LTDA,9886.87,PIX,repasse
T00028,101.202.303-49,Jonas Melo,2025-01-05,BETA SERVIÇOS ME,8485.44,PIX,compra
T00029,666.777.888-95,Fábio Leal,2025-01-05,Elisa Barros,7674.66,BOLETO,serviço
T00030,111.222.333-40,Aline Monteiro,2025-01-05,DELTA CONSULTORIA LTDA,6942.91,TED,rotina
T00031,101.202.303-49,Jonas Melo,2025-01-05,Karen Freitas,3221.86,BOLETO,rotina
T00032,101.202.303-49,Jonas Melo,2025-01-05,Lucas Gouveia,6563.95,TRANSFERÊNCIA,pagamento
T00033,444.555.666-73,Diego Vasconcelos,2025-01-05,ÔMEGA EVENTOS ME,8252.18,TED,rotina
T00034,222.333.444-51,Bruno Tavares,2025-01-05,Carla Nogueira,5488.48,PIX,serviço
T00035,202.303.404-50,Karen Freitas,2025-01-05,Aline Monteiro,3339.08,TED,rotina
T00036,333.444.555-62,Carla Nogueira,2025-01-06,Jonas Melo,329.63,BOLETO,compra
T00037,888.999.000-17,Henrique Paiva,2025-01-06,Lucas Gouveia,4889.63,TED,pagamento
T00038,222.333.444-51,Bruno Tavares,2025-01-06,Elisa Barros,7832.21,TRANSFERÊNCIA,serviço
T00039,101.202.303-49,Jonas Melo,2025-01-07,Isabela Dantas,3740.34,BOLETO,pagamento
T00040,444.555.666-73,Diego Vasconcelos,2025-01-07,Jonas Melo,5224.86,TRANSFERÊNCIA,rotina
T00041,333.444.555-62,Carla Nogueira,2025-01-07,Karen Freitas,2397.57,TED,pagamento
T00042,101.202.303-49,Jonas Melo,2025-01-07,ALFA COMÉRCIO LTDA,356.84,TED,serviço
T00043,333.444.555-62,Carla Nogueira,2025-01-08,ÔMEGA EVENTOS ME,6021.49,TED,pagamento
T00044,101.202.303-49,Jonas Melo,2025-01-08,Aline Monteiro,2004.97,PIX,rotina
T00045,888.999.000-17,Henrique Paiva,2025-01-08,Karen Freitas,3956.79,TED,pagamento
T00046,222.333.444-51,Bruno Tavares,2025-01-09,Henrique Paiva,1261.84,TRANSFERÊNCIA,compra
T00047,303.404.505-61,Lucas Gouveia,2025-01-09,GAMA LOGÍSTICA LTDA,4827.99,BOLETO,rotina
T00048,999.000.111-28,Isabela Dantas,2025-01-09,Jonas Melo,4716.26,TRANSFERÊNCIA,rotina
T00049,888.999.000-17,Henrique Paiva,2025-01-09,Gabriela Ramos,1477.45,PIX,compra
T00050,111.222.333-40,Aline Monteiro,2025-01-09,SIGMA PARTICIPAÇÕES LTDA,2136.92,TRANSFERÊNCIA,serviço
T00051,444.555.666-73,Diego Vasconcelos,2025-01-09,ÔMEGA EVENTOS ME,1666.65,BOLETO,rotina
T00052,444.555.666-73,Diego Vasconcelos,2025-01-10,GAMA LOGÍSTICA LTDA,1906.55,TRANSFERÊNCIA,rotina
T00053,999.000.111-28,Isabela Dantas,2025-01-10,Elisa Barros,4857.81,PIX,serviço
T00054,555.666.777-84,Elisa Barros,2025-01-10,Carla Nogueira,6712.24,PIX,compra
T00055,303.404.505-61,Lucas Gouveia,2025-01-10,Aline Monteiro,529.21,BOLETO,compra
T00056,111.222.333-40,Aline Monteiro,2025-01-10,ALFA COMÉRCIO LTDA,9911.65,PIX,repasse
T00057,111.222.333-40,Aline Monteiro,2025-01-10,ALFA COMÉRCIO LTDA,9924.36,PIX,repasse
T00058,111.222.333-40,Aline Monteiro,2025-01-10,ALFA COMÉRCIO LTDA,9720.72,PIX,repasse
T00059,222.333.444-51,Bruno Tavares,2025-01-10,ALFA COMÉRCIO LTDA,9691.48,PIX,repasse
T00060,222.333.444-51,Bruno Tavares,2025-01-10,ALFA COMÉRCIO LTDA,9894.16,PIX,repasse
T00061,222.333.444-51,Bruno Tavares,2025-01-10,ALFA COMÉRCIO LTDA,9793.12,PIX,repasse
T00062,666.777.888-95,Fábio Leal,2025-01-11,SIGMA PARTICIPAÇÕES LTDA,7183.1,TRANSFERÊNCIA,compra
T00063,222.333.444-51,Bruno Tavares,2025-01-11,ALFA COMÉRCIO LTDA,5040.31,PIX,rotina
T00064,111.222.333-40,Aline Monteiro,2025-01-11,Henrique Paiva,1695.27,BOLETO,serviço
T00065,999.000.111-28,Isabela Dantas,2025-01-12,Gabriela Ramos,6565.46,TED,pagamento
T00066,202.303.404-50,Karen Freitas,2025-01-12,Fábio Leal,8186.66,BOLETO,serviço
T00067,555.666.777-84,Elisa Barros,2025-01-12,Karen Freitas,6070.1,BOLETO,rotina
T00068,888.999.000-17,Henrique Paiva,2025-01-12,Elisa Barros,7359.92,BOLETO,pagamento
T00069,555.666.777-84,Elisa Barros,2025-01-12,Bruno Tavares,8275.06,BOLETO,pagamento
T00070,222.333.444-51,Bruno Tavares,2025-01-12,BETA SERVIÇOS ME,8077.68,TED,serviço
T00071,333.444.555-62,Carla Nogueira,2025-01-12,Bruno Tavares,5937.86,BOLETO,pagamento
T00072,303.404.505-61,Lucas Gouveia,2025-01-13,Fábio Leal,4581.46,TRANSFERÊNCIA,pagamento
T00073,101.202.303-49,Jonas Melo,2025-01-13,BETA SERVIÇOS ME,7884.66,TED,rotina
T00074,101.202.303-49,Jonas Melo,2025-01-13,Diego Vasconcelos,599.43,PIX,rotina
T00075,444.555.666-73,Diego Vasconcelos,2025-01-13,GAMA LOGÍSTICA LTDA,494.85,PIX,pagamento
T00076,101.202.303-49,Jonas Melo,2025-01-13,Aline Monteiro,6249.18,PIX,compra
T00077,555.666.777-84,Elisa Barros,2025-01-13,Carla Nogueira,4036.02,TRANSFERÊNCIA,rotina
T00078,999.000.111-28,Isabela Dantas,2025-01-14,ALFA COMÉRCIO LTDA,750.38,TED,compra
T00079,333.444.555-62,Carla Nogueira,2025-01-14,Elisa Barros,1055.33,TED,pagamento
T00080,222.333.444-51,Bruno Tavares,2025-01-14,Lucas Gouveia,8271.4,TED,serviço
T00081,666.777.888-95,Fábio Leal,2025-01-14,,6140.29,PIX,pagamento
T00082,101.202.303-49,Jonas Melo,2025-01-14,SIGMA PARTICIPAÇÕES LTDA,3229.75,PIX,serviço
T00083,888.999.000-17,Henrique Paiva,2025-01-15,Karen Freitas,4412.51,PIX,pagamento
T00084,202.303.404-50,Karen Freitas,2025-01-15,Bruno Tavares,6429.82,TED,serviço
T00085,555.666.777-84,Elisa Barros,2025-01-15,DELTA CONSULTORIA LTDA,7302.02,TRANSFERÊNCIA,rotina
T00086,303.404.505-61,Lucas Gouveia,2025-01-16,Elisa Barros,2517.95,TED,pagamento
T00087,222.333.444-51,Bruno Tavares,2025-01-16,SIGMA PARTICIPAÇÕES LTDA,3636.0,TED,serviço
T00088,666.777.888-95,Fábio Leal,2025-01-16,SIGMA PARTICIPAÇÕES LTDA,2942.71,TED,compra
T00089,222.333.444-51,Bruno Tavares,2025-01-17,GAMA LOGÍSTICA LTDA,7167.44,PIX,serviço
T00090,777.888.999-06,Gabriela Ramos,2025-01-17,Gabriela Ramos,1076.16,TED,serviço
T00091,555.666.777-84,Elisa Barros,2025-01-17,Fábio Leal,3966.44,PIX,serviço
T00092,101.202.303-49,Jonas Melo,2025-01-17,Fábio Leal,3458.31,TED,rotina
T00093,444.555.666-73,Diego Vasconcelos,2025-01-17,Isabela Dantas,2729.92,TRANSFERÊNCIA,compra
T00094,303.404.505-61,Lucas Gouveia,2025-01-17,Carla Nogueira,3755.91,TRANSFERÊNCIA,rotina
T00095,444.555.666-73,Diego Vasconcelos,2025-01-17,Bruno Tavares,3798.23,PIX,compra
T00096,101.202.303-49,Jonas Melo,2025-01-18,Fábio Leal,2506.66,BOLETO,rotina
T00097,111.222.333-40,Aline Monteiro,2025-01-18,Henrique Paiva,6462.7,TED,pagamento
T00098,202.303.404-50,Karen Freitas,2025-01-18,Bruno Tavares,205.95,PIX,pagamento
T00099,333.444.555-62,Carla Nogueira,2025-01-18,DELTA CONSULTORIA LTDA,5017.06,PIX,serviço
T00100,444.555.666-73,Diego Vasconcelos,2025-01-18,BETA SERVIÇOS ME,3509.76,TED,pagamento
T00101,111.222.333-40,Aline Monteiro,2025-01-18,ALFA COMÉRCIO LTDA,9894.53,PIX,repasse
T00102,111.222.333-40,Aline Monteiro,2025-01-18,ALFA COMÉRCIO LTDA,9826.21,PIX,repasse
T00103,111.222.333-40,Aline Monteiro,2025-01-18,ALFA COMÉRCIO LTDA,9912.53,PIX,repasse
T00104,222.333.444-51,Bruno Tavares,2025-01-18,ALFA COMÉRCIO LTDA,9827.01,PIX,repasse
T00105,101.202.303-49,Jonas Melo,2025-01-19,Lucas Gouveia,2723.8,TRANSFERÊNCIA,rotina
T00106,999.000.111-28,Isabela Dantas,2025-01-19,Jonas Melo,4850.31,TRANSFERÊNCIA,serviço
T00107,333.444.555-62,Carla Nogueira,2025-01-19,SIGMA PARTICIPAÇÕES LTDA,4399.3,TRANSFERÊNCIA,serviço
T00108,222.333.444-51,Bruno Tavares,2025-01-19,DELTA CONSULTORIA LTDA,2600.56,BOLETO,pagamento
T00109,101.202.303-49,Jonas Melo,2025-01-19,Karen Freitas,2226.66,BOLETO,serviço
T00110,666.777.888-95,Fábio Leal,2025-01-20,Bruno Tavares,5318.77,TRANSFERÊNCIA,serviço
T00111,111.222.333-40,Aline Monteiro,2025-01-20,Elisa Barros,1117.47,TED,pagamento
T00112,555.666.777-84,Elisa Barros,2025-01-20,Elisa Barros,5556.85,PIX,rotina
T00113,222.333.444-51,Bruno Tavares,2025-01-20,DELTA CONSULTORIA LTDA,648.09,PIX,rotina
T00114,101.202.303-49,Jonas Melo,2025-01-20,Henrique Paiva,5316.57,PIX,compra
T00115,888.999.000-17,Henrique Paiva,2025-01-21,Gabriela Ramos,2315.99,TED,pagamento
T00116,333.444.555-62,Carla Nogueira,2025-01-21,Diego Vasconcelos,5808.14,BOLETO,compra
T00117,303.404.505-61,Lucas Gouveia,2025-01-21,BETA SERVIÇOS ME,7956.16,TRANSFERÊNCIA,serviço
T00118,999.000.111-28,Isabela Dantas,2025-01-21,Bruno Tavares,1760.69,TED,serviço
T00119,777.888.999-06,Gabriela Ramos,2025-01-21,Isabela Dantas,1595.13,TRANSFERÊNCIA,compra
T00120,666.777.888-95,Fábio Leal,2025-01-21,Elisa Barros,7155.21,BOLETO,pagamento
T00121,333.444.555-62,Carla Nogueira,2025-01-22,Fábio Leal,2540.5,TRANSFERÊNCIA,serviço
T00122,666.777.888-95,Fábio Leal,2025-01-22,Lucas Gouveia,8089.47,BOLETO,compra
T00123,222.333.444-51,Bruno Tavares,2025-01-22,DELTA CONSULTORIA LTDA,4885.45,TRANSFERÊNCIA,pagamento
T00124,777.888.999-06,Gabriela Ramos,2025-01-22,Bruno Tavares,3973.74,TED,compra
T00125,888.999.000-17,Henrique Paiva,2025-01-22,Gabriela Ramos,6076.3,TRANSFERÊNCIA,serviço
T00126,999.000.111-28,Isabela Dantas,2025-01-22,Henrique Paiva,2037.57,BOLETO,rotina
T00127,777.888.999-06,Gabriela Ramos,2025-01-22,Carla Nogueira,7422.17,TRANSFERÊNCIA,serviço
T00128,101.202.303-49,Jonas Melo,2025-01-22,Elisa Barros,1485.0,BOLETO,pagamento
T00129,888.999.000-17,Henrique Paiva,2025-01-23,Diego Vasconcelos,6021.02,BOLETO,serviço
T00130,333.444.555-62,Carla Nogueira,2025-01-23,Diego Vasconcelos,2649.59,PIX,serviço
T00131,888.999.000-17,Henrique Paiva,2025-01-23,Henrique Paiva,279.88,TED,rotina
T00132,303.404.505-61,Lucas Gouveia,2025-01-23,Fábio Leal,3262.98,PIX,serviço
T00133,444.555.666-73,Diego Vasconcelos,2025-01-23,Lucas Gouveia,5164.63,PIX,rotina
T00134,303.404.505-61,Lucas Gouveia,2025-01-23,Fábio Leal,4259.76,TED,compra
T00135,999.000.111-28,Isabela Dantas,2025-01-23,BETA SERVIÇOS ME,3831.81,BOLETO,pagamento
T00136,101.202.303-49,Jonas Melo,2025-01-23,BETA SERVIÇOS ME,7858.44,TRANSFERÊNCIA,compra
T00137,666.777.888-95,Fábio Leal,2025-01-24,Aline Monteiro,2410.62,BOLETO,serviço
T00138,303.404.505-61,Lucas Gouveia,2025-01-24,Lucas Gouveia,3530.07,TRANSFERÊNCIA,rotina
T00139,111.222.333-40,Aline Monteiro,2025-01-24,Jonas Melo,3496.93,BOLETO,rotina
T00140,333.444.555-62,Carla Nogueira,2025-01-24,SIGMA PARTICIPAÇÕES LTDA,7097.91,TED,serviço
T00141,888.999.000-17,Henrique Paiva,2025-01-24,GAMA LOGÍSTICA LTDA,3604.88,TRANSFERÊNCIA,compra
T00142,111.222.333-40,Aline Monteiro,2025-01-24,ALFA COMÉRCIO LTDA,9805.45,PIX,repasse
T00143,111.222.333-40,Aline Monteiro,2025-01-24,ALFA COMÉRCIO LTDA,9926.71,PIX,repasse
T00144,222.333.444-51,Bruno Tavares,2025-01-24,ALFA COMÉRCIO LTDA,9882.9,PIX,repasse
T00145,222.333.444-51,Bruno Tavares,2025-01-24,ALFA COMÉRCIO LTDA,9887.77,PIX,repasse
T00146,222.333.444-51,Bruno Tavares,2025-01-24,ALFA COMÉRCIO LTDA,9978.17,PIX,repasse
T00147,444.555.666-73,Diego Vasconcelos,2025-01-25,SIGMA PARTICIPAÇÕES LTDA,6703.55,BOLETO,rotina
T00148,888.999.000-17,Henrique Paiva,2025-01-25,Carla Nogueira,8309.43,BOLETO,compra
T00149,333.444.555-62,Carla Nogueira,2025-01-25,Isabela Dantas,2290.63,TRANSFERÊNCIA,compra
T00150,202.303.404-50,Karen Freitas,2025-01-25,Karen Freitas,5723.91,TRANSFERÊNCIA,rotina
T00151,333.444.555-62,Carla Nogueira,2025-01-25,GAMA LOGÍSTICA LTDA,2303.38,TRANSFERÊNCIA,serviço
T00152,111.222.333-40,Aline Monteiro,2025-01-25,ALFA COMÉRCIO LTDA,9902.07,PIX,repasse
T00153,111.222.333-40,Aline Monteiro,2025-01-25,ALFA COMÉRCIO LTDA,9973.23,PIX,repasse
T00154,222.333.444-51,Bruno Tavares,2025-01-25,ALFA COMÉRCIO LTDA,9717.86,PIX,repasse
T00155,222.333.444-51,Bruno Tavares,2025-01-25,ALFA COMÉRCIO LTDA,9900.3,PIX,repasse
T00156,888.999.000-17,Henrique Paiva,2025-01-26,Elisa Barros,8299.52,TED,serviço
T00157,666.777.888-95,Fábio Leal,2025-01-26,DELTA CONSULTORIA LTDA,4921.37,TED,rotina
T00158,111.222.333-40,Aline Monteiro,2025-01-26,Elisa Barros,7644.0,TRANSFERÊNCIA,rotina
T00159,101.202.303-49,Jonas Melo,2025-01-26,Diego Vasconcelos,5044.77,TRANSFERÊNCIA,pagamento
T00160,101.202.303-49,Jonas Melo,2025-01-27,Henrique Paiva,5320.14,PIX,serviço
T00161,888.999.000-17,Henrique Paiva,2025-01-27,Elisa Barros,2198.89,TED,serviço
T00162,555.666.777-84,Elisa Barros,2025-01-27,Jonas Melo,2804.02,PIX,serviço
T00163,222.333.444-51,Bruno Tavares,2025-01-27,SIGMA PARTICIPAÇÕES LTDA,6422.59,TRANSFERÊNCIA,serviço
T00164,303.404.505-61,Lucas Gouveia,2025-01-27,Bruno Tavares,4474.09,TRANSFERÊNCIA,compra
T00165,666.777.888-95,Fábio Leal,2025-01-27,Fábio Leal,8065.34,TRANSFERÊNCIA,compra
T00166,111.222.333-40,Aline Monteiro,2025-01-28,BETA SERVIÇOS ME,6959.81,TED,serviço
T00167,666.777.888-95,Fábio Leal,2025-01-28,Karen Freitas,7057.62,TRANSFERÊNCIA,serviço
T00168,101.202.303-49,Jonas Melo,2025-01-28,Carla Nogueira,7530.67,BOLETO,rotina
T00169,101.202.303-49,Jonas Melo,2025-01-28,Jonas Melo,3262.43,PIX,serviço
T00170,888.999.000-17,Henrique Paiva,2025-01-28,SIGMA PARTICIPAÇÕES LTDA,4703.32,BOLETO,pagamento
T00171,303.404.505-61,Lucas Gouveia,2025-01-28,SIGMA PARTICIPAÇÕES LTDA,3241.71,TRANSFERÊNCIA,compra
T00172,666.777.888-95,Fábio Leal,2025-01-28,Karen Freitas,2927.76,TRANSFERÊNCIA,serviço
T00173,555.666.777-84,Elisa Barros,2025-01-28,ÔMEGA EVENTOS ME,6716.81,TRANSFERÊNCIA,pagamento
T00174,111.222.333-40,Aline Monteiro,2025-01-29,Elisa Barros,5255.73,PIX,pagamento
T00175,444.555.666-73,Diego Vasconcelos,2025-01-29,Fábio Leal,6500.86,PIX,serviço
T00176,666.777.888-95,Fábio Leal,2025-01-29,Bruno Tavares,4454.03,TED,compra
T00177,101.202.303-49,Jonas Melo,2025-01-29,Carla Nogueira,2350.06,BOLETO,compra
T00178,101.202.303-49,Jonas Melo,2025-01-29,Lucas Gouveia,2851.81,TRANSFERÊNCIA,pagamento
T00179,555.666.777-84,Elisa Barros,2025-01-29,DELTA CONSULTORIA LTDA,7121.76,TED,pagamento
T00180,888.999.000-17,Henrique Paiva,2025-01-29,Aline Monteiro,457.08,PIX,pagamento
T00181,111.222.333-40,Aline Monteiro,2025-01-30,ÔMEGA EVENTOS ME,5913.17,TED,serviço
T00182,222.333.444-51,Bruno Tavares,2025-01-30,Fábio Leal,3842.33,BOLETO,compra
T00183,999.000.111-28,Isabela Dantas,2025-01-30,ALFA COMÉRCIO LTDA,880.07,PIX,compra
T00184,555.666.777-84,Elisa Barros,2025-01-30,Bruno Tavares,5119.05,PIX,compra
T00185,777.888.999-06,Gabriela Ramos,2025-01-30,BETA SERVIÇOS ME,1544.51,PIX,pagamento
T00186,777.888.999-06,Gabriela Ramos,2025-01-30,Aline Monteiro,6672.01,TRANSFERÊNCIA,compra
T00187,444.555.666-73,Diego Vasconcelos,2025-01-31,Gabriela Ramos,6970.64,BOLETO,serviço
T00188,101.202.303-49,Jonas Melo,2025-01-31,Elisa Barros,592.75,TRANSFERÊNCIA,compra
T00189,666.777.888-95,Fábio Leal,2025-01-31,Henrique Paiva,8223.01,BOLETO,rotina
T00190,333.444.555-62,Carla Nogueira,2025-01-31,Gabriela Ramos,7230.35,TED,serviço
T00191,111.222.333-40,Aline Monteiro,2025-01-31,ALFA COMÉRCIO LTDA,9771.12,PIX,repasse
T00192,222.333.444-51,Bruno Tavares,2025-01-31,ALFA COMÉRCIO LTDA,9780.23,PIX,repasse
T00193,333.444.555-62,Carla Nogueira,2025-02-01,ÔMEGA EVENTOS ME,5310.01,TRANSFERÊNCIA,pagamento
T00194,888.999.000-17,Henrique Paiva,2025-02-01,Karen Freitas,4564.81,TED,compra
T00195,666.777.888-95,Fábio Leal,2025-02-01,Lucas Gouveia,1951.29,TRANSFERÊNCIA,serviço
T00196,303.404.505-61,Lucas Gouveia,2025-02-01,Karen Freitas,7385.53,TED,serviço
T00197,101.202.303-49,Jonas Melo,2025-02-01,SIGMA PARTICIPAÇÕES LTDA,4558.88,TRANSFERÊNCIA,compra
T00198,222.333.444-51,Bruno Tavares,2025-02-01,ÔMEGA EVENTOS ME,7908.06,TRANSFERÊNCIA,pagamento
T00199,101.202.303-49,Jonas Melo,2025-02-01,Aline Monteiro,6962.26,PIX,rotina
T00200,111.222.333-40,Aline Monteiro,2025-02-01,ALFA COMÉRCIO LTDA,9933.34,PIX,repasse
T00201,222.333.444-51,Bruno Tavares,2025-02-01,ALFA COMÉRCIO LTDA,9939.44,PIX,repasse
T00202,101.202.303-49,Jonas Melo,2025-02-02,Aline Monteiro,2452.61,TED,pagamento
T00203,555.666.777-84,Elisa Barros,2025-02-02,SIGMA PARTICIPAÇÕES LTDA,4988.55,PIX,compra
T00204,333.444.555-62,Carla Nogueira,2025-02-02,Fábio Leal,3953.22,PIX,rotina
T00205,222.333.444-51,Bruno Tavares,2025-02-02,SIGMA PARTICIPAÇÕES LTDA,5918.12,BOLETO,serviço
T00206,222.333.444-51,Bruno Tavares,2025-02-02,Henrique Paiva,213.11,PIX,rotina
T00207,999.000.111-28,Isabela Dantas,2025-02-03,ALFA COMÉRCIO LTDA,2570.66,PIX,rotina
T00208,222.333.444-51,Bruno Tavares,2025-02-03,ALFA COMÉRCIO LTDA,8183.89,TRANSFERÊNCIA,pagamento
T00209,303.404.505-61,Lucas Gouveia,2025-02-03,DELTA CONSULTORIA LTDA,1082.83,PIX,compra
T00210,777.888.999-06,Gabriela Ramos,2025-02-03,Gabriela Ramos,4023.35,TED,compra
T00211,303.404.505-61,Lucas Gouveia,2025-02-03,GAMA LOGÍSTICA LTDA,5616.32,PIX,serviço
T00212,555.666.777-84,Elisa Barros,2025-02-04,GAMA LOGÍSTICA LTDA,6315.21,BOLETO,compra
T00213,555.666.777-84,Elisa Barros,2025-02-04,Henrique Paiva,6301.88,PIX,pagamento
T00214,303.404.505-61,Lucas Gouveia,2025-02-04,Aline Monteiro,1539.27,BOLETO,rotina
T00215,888.999.000-17,Henrique Paiva,2025-02-04,GAMA LOGÍSTICA LTDA,4691.69,TRANSFERÊNCIA,rotina
T00216,888.999.000-17,Henrique Paiva,2025-02-04,Karen Freitas,7408.46,TED,pagamento
T00217,202.303.404-50,Karen Freitas,2025-02-05,,1088.7,PIX,serviço
T00218,999.000.111-28,Isabela Dantas,2025-02-05,Carla Nogueira,592.62,TRANSFERÊNCIA,pagamento
T00219,303.404.505-61,Lucas Gouveia,2025-02-05,ALFA COMÉRCIO LTDA,2730.72,TRANSFERÊNCIA,pagamento
T00220,666.777.888-95,Fábio Leal,2025-02-05,Elisa Barros,2955.92,TED,compra
T00221,888.999.000-17,Henrique Paiva,2025-02-06,GAMA LOGÍSTICA LTDA,6870.08,BOLETO,compra
T00222,333.444.555-62,Carla Nogueira,2025-02-06,Henrique Paiva,6441.57,TRANSFERÊNCIA,pagamento
T00223,303.404.505-61,Lucas Gouveia,2025-02-06,Karen Freitas,1222.32,PIX,compra
T00224,303.404.505-61,Lucas Gouveia,2025-02-06,Gabriela Ramos,3216.6,TRANSFERÊNCIA,serviço
T00225,111.222.333-40,Aline Monteiro,2025-02-06,Henrique Paiva,1275.98,PIX,serviço
T00226,111.222.333-40,Aline Monteiro,2025-02-06,Karen Freitas,1336.16,BOLETO,serviço
T00227,888.999.000-17,Henrique Paiva,2025-02-06,Carla Nogueira,862.71,PIX,rotina
T00228,111.222.333-40,Aline Monteiro,2025-02-06,GAMA LOGÍSTICA LTDA,297.68,BOLETO,rotina
T00229,999.000.111-28,Isabela Dantas,2025-02-07,DELTA CONSULTORIA LTDA,7943.67,PIX,compra
T00230,222.333.444-51,Bruno Tavares,2025-02-07,Aline Monteiro,6101.53,PIX,pagamento
T00231,101.202.303-49,Jonas Melo,2025-02-07,SIGMA PARTICIPAÇÕES LTDA,6939.58,BOLETO,compra
T00232,111.222.333-40,Aline Monteiro,2025-02-07,ALFA COMÉRCIO LTDA,9890.66,PIX,repasse
T00233,111.222.333-40,Aline Monteiro,2025-02-07,ALFA COMÉRCIO LTDA,9778.8,PIX,repasse
T00234,222.333.444-51,Bruno Tavares,2025-02-07,ALFA COMÉRCIO LTDA,9805.55,PIX,repasse
T00235,222.333.444-51,Bruno Tavares,2025-02-07,ALFA COMÉRCIO LTDA,9917.56,PIX,repasse
T00236,222.333.444-51,Bruno Tavares,2025-02-07,ALFA COMÉRCIO LTDA,9902.45,PIX,repasse
T00237,555.666.777-84,Elisa Barros,2025-02-08,ÔMEGA EVENTOS ME,7823.45,PIX,rotina
T00238,888.999.000-17,Henrique Paiva,2025-02-08,Lucas Gouveia,1353.62,TRANSFERÊNCIA,compra
T00239,202.303.404-50,Karen Freitas,2025-02-08,ALFA COMÉRCIO LTDA,6598.64,TED,pagamento
T00240,666.777.888-95,Fábio Leal,2025-02-08,ALFA COMÉRCIO LTDA,5440.3,BOLETO,rotina
T00241,333.444.555-62,Carla Nogueira,2025-02-08,Carla Nogueira,6506.03,PIX,serviço
T00242,333.444.555-62,Carla Nogueira,2025-02-08,GAMA LOGÍSTICA LTDA,1102.96,BOLETO,rotina
T00243,555.666.777-84,Elisa Barros,2025-02-08,Carla Nogueira,6707.29,PIX,pagamento
T00244,111.222.333-40,Aline Monteiro,2025-02-08,Karen Freitas,,BOLETO,serviço
T00245,111.222.333-40,Aline Monteiro,2025-02-08,ALFA COMÉRCIO LTDA,9966.34,PIX,repasse
T00246,111.222.333-40,Aline Monteiro,2025-02-08,ALFA COMÉRCIO LTDA,9805.7,PIX,repasse
T00247,222.333.444-51,Bruno Tavares,2025-02-08,ALFA COMÉRCIO LTDA,9900.41,PIX,repasse
T00248,222.333.444-51,Bruno Tavares,2025-02-08,ALFA COMÉRCIO LTDA,9898.67,PIX,repasse
T00249,666.777.888-95,Fábio Leal,2025-02-09,Carla Nogueira,2247.92,PIX,pagamento
T00250,444.555.666-73,Diego Vasconcelos,2025-02-09,BETA SERVIÇOS ME,5419.42,TRANSFERÊNCIA,rotina
T00251,101.202.303-49,Jonas Melo,2025-02-09,Aline Monteiro,4324.93,TRANSFERÊNCIA,serviço
T00252,101.202.303-49,Jonas Melo,2025-02-10,Bruno Tavares,7847.99,PIX,pagamento
T00253,555.666.777-84,Elisa Barros,2025-02-10,Karen Freitas,6477.41,TED,compra
T00254,101.202.303-49,Jonas Melo,2025-02-10,Carla Nogueira,1940.15,PIX,rotina
T00255,777.888.999-06,Gabriela Ramos,2025-02-10,Aline Monteiro,1511.8,PIX,compra
T00256,202.303.404-50,Karen Freitas,2025-02-10,Elisa Barros,4386.16,TRANSFERÊNCIA,rotina
T00257,555.666.777-84,Elisa Barros,2025-02-10,Elisa Barros,5081.86,TRANSFERÊNCIA,rotina
T00258,111.222.333-40,Aline Monteiro,2025-02-10,Jonas Melo,5050.76,TED,serviço
T00259,333.444.555-62,Carla Nogueira,2025-02-10,Gabriela Ramos,6040.33,TRANSFERÊNCIA,rotina
T00260,555.666.777-84,Elisa Barros,2025-02-11,Jonas Melo,5061.02,BOLETO,compra
T00261,444.555.666-73,Diego Vasconcelos,2025-02-11,Gabriela Ramos,4299.5,TRANSFERÊNCIA,rotina
T00262,444.555.666-73,Diego Vasconcelos,2025-02-11,Lucas Gouveia,3018.57,PIX,pagamento
T00263,101.202.303-49,Jonas Melo,2025-02-11,Bruno Tavares,3180.71,BOLETO,serviço
T00264,303.404.505-61,Lucas Gouveia,2025-02-12,Elisa Barros,4211.09,BOLETO,pagamento
T00265,444.555.666-73,Diego Vasconcelos,2025-02-12,Karen Freitas,6400.56,TRANSFERÊNCIA,pagamento
T00266,888.999.000-17,Henrique Paiva,2025-02-12,Karen Freitas,1001.38,TRANSFERÊNCIA,serviço
T00267,666.777.888-95,Fábio Leal,2025-02-12,Diego Vasconcelos,549.6,BOLETO,rotina
T00268,999.000.111-28,Isabela Dantas,2025-02-12,GAMA LOGÍSTICA LTDA,3689.34,TED,compra
T00269,888.999.000-17,Henrique Paiva,2025-02-12,Gabriela Ramos,6563.88,TED,serviço
T00270,444.555.666-73,Diego Vasconcelos,2025-02-12,Isabela Dantas,6025.0,TRANSFERÊNCIA,compra
T00271,555.666.777-84,Elisa Barros,2025-02-12,Elisa Barros,6247.0,PIX,serviço
T00272,333.444.555-62,Carla Nogueira,2025-02-13,Karen Freitas,367.03,TRANSFERÊNCIA,serviço
T00273,222.333.444-51,Bruno Tavares,2025-02-13,SIGMA PARTICIPAÇÕES LTDA,8407.81,PIX,pagamento
T00274,202.303.404-50,Karen Freitas,2025-02-13,Bruno Tavares,253.03,TED,rotina
T00275,999.000.111-28,Isabela Dantas,2025-02-14,BETA SERVIÇOS ME,6709.82,BOLETO,rotina
T00276,202.303.404-50,Karen Freitas,2025-02-14,GAMA LOGÍSTICA LTDA,6814.97,TED,rotina
T00277,303.404.505-61,Lucas Gouveia,2025-02-14,GAMA LOGÍSTICA LTDA,886.63,PIX,pagamento
T00278,222.333.444-51,Bruno Tavares,2025-02-14,Fábio Leal,6412.96,BOLETO,compra
T00279,111.222.333-40,Aline Monteiro,2025-02-14,Gabriela Ramos,535.99,TRANSFERÊNCIA,compra
T00280,555.666.777-84,Elisa Barros,2025-02-14,Diego Vasconcelos,870.42,TRANSFERÊNCIA,serviço
T00281,777.888.999-06,Gabriela Ramos,2025-02-14,Fábio Leal,4923.0,PIX,serviço
T00282,999.000.111-28,Isabela Dantas,2025-02-14,Aline Monteiro,4654.57,TRANSFERÊNCIA,compra
T00283,111.222.333-40,Aline Monteiro,2025-02-14,ALFA COMÉRCIO LTDA,9817.43,PIX,repasse
T00284,111.222.333-40,Aline Monteiro,2025-02-14,ALFA COMÉRCIO LTDA,9873.06,PIX,repasse
T00285,111.222.333-40,Aline Monteiro,2025-02-14,ALFA COMÉRCIO LTDA,9815.54,PIX,repasse
T00286,222.333.444-51,Bruno Tavares,2025-02-14,ALFA COMÉRCIO LTDA,9909.91,PIX,repasse
T00287,777.888.999-06,Gabriela Ramos,2025-02-15,ÔMEGA EVENTOS ME,4868.32,PIX,pagamento
T00288,202.303.404-50,Karen Freitas,2025-02-15,Aline Monteiro,2347.96,TED,serviço
T00289,222.333.444-51,Bruno Tavares,2025-02-15,Lucas Gouveia,7632.07,BOLETO,serviço
T00290,333.444.555-62,Carla Nogueira,2025-02-15,Elisa Barros,502.24,PIX,compra
T00291,202.303.404-50,Karen Freitas,2025-02-15,Bruno Tavares,752.19,TED,rotina
T00292,777.888.999-06,Gabriela Ramos,2025-02-15,Henrique Paiva,1452.27,TRANSFERÊNCIA,compra
T00293,666.777.888-95,Fábio Leal,2025-02-15,Karen Freitas,3730.52,TED,serviço
T00294,111.222.333-40,Aline Monteiro,2025-02-15,ALFA COMÉRCIO LTDA,9774.78,PIX,repasse
T00295,222.333.444-51,Bruno Tavares,2025-02-15,ALFA COMÉRCIO LTDA,9876.61,PIX,repasse
T00296,222.333.444-51,Bruno Tavares,2025-02-15,ALFA COMÉRCIO LTDA,9945.92,PIX,repasse
T00297,222.333.444-51,Bruno Tavares,2025-02-15,ALFA COMÉRCIO LTDA,9826.46,PIX,repasse
T00298,111.222.333-40,Aline Monteiro,2025-02-15,SIGMA PARTICIPAÇÕES LTDA,92000,TED,aporte extraordinário
T00299,333.444.555-62,Carla Nogueira,2025-02-16,ÔMEGA EVENTOS ME,318.48,TED,compra
T00300,555.666.777-84,Elisa Barros,2025-02-16,Bruno Tavares,968.82,TRANSFERÊNCIA,pagamento
T00301,444.555.666-73,Diego Vasconcelos,2025-02-16,SIGMA PARTICIPAÇÕES LTDA,6764.4,TED,compra
T00302,111.222.333-40,Aline Monteiro,2025-02-17,Henrique Paiva,2809.25,PIX,compra
T00303,999.000.111-28,Isabela Dantas,2025-02-17,Henrique Paiva,3182.97,TRANSFERÊNCIA,compra
T00304,222.333.444-51,Bruno Tavares,2025-02-17,Aline Monteiro,5349.59,PIX,pagamento
T00305,111.222.333-40,Aline Monteiro,2025-02-17,Elisa Barros,550.2,TRANSFERÊNCIA,compra
T00306,666.777.888-95,Fábio Leal,2025-02-17,DELTA CONSULTORIA LTDA,5578.42,PIX,rotina
T00307,666.777.888-95,Fábio Leal,2025-02-18,Gabriela Ramos,4420.22,TRANSFERÊNCIA,rotina
T00308,999.000.111-28,Isabela Dantas,2025-02-18,BETA SERVIÇOS ME,5506.17,TED,compra
T00309,101.202.303-49,Jonas Melo,2025-02-18,Lucas Gouveia,311.53,BOLETO,pagamento
T00310,333.444.555-62,Carla Nogueira,2025-02-19,Jonas Melo,7160.86,PIX,pagamento
T00311,777.888.999-06,Gabriela Ramos,2025-02-19,Gabriela Ramos,222.43,PIX,rotina
T00312,222.333.444-51,Bruno Tavares,2025-02-19,Diego Vasconcelos,8035.46,TRANSFERÊNCIA,pagamento
T00313,303.404.505-61,Lucas Gouveia,2025-02-19,BETA SERVIÇOS ME,8422.73,BOLETO,rotina
T00314,555.666.777-84,Elisa Barros,2025-02-19,Carla Nogueira,6340.29,TED,pagamento
T00315,222.333.444-51,Bruno Tavares,2025-02-19,Henrique Paiva,4429.8,PIX,pagamento
T00316,999.000.111-28,Isabela Dantas,2025-02-20,Karen Freitas,3457.32,TED,pagamento
T00317,111.222.333-40,Aline Monteiro,2025-02-20,Elisa Barros,1271.09,TRANSFERÊNCIA,pagamento
T00318,777.888.999-06,Gabriela Ramos,2025-02-20,DELTA CONSULTORIA LTDA,6847.48,TED,compra
T00319,555.666.777-84,Elisa Barros,2025-02-20,SIGMA PARTICIPAÇÕES LTDA,1616.86,BOLETO,rotina
T00320,101.202.303-49,Jonas Melo,2025-02-20,Carla Nogueira,8386.78,TRANSFERÊNCIA,compra
T00321,444.555.666-73,Diego Vasconcelos,2025-02-20,Elisa Barros,8141.58,PIX,rotina
T00322,303.404.505-61,Lucas Gouveia,2025-02-20,BETA SERVIÇOS ME,6776.7,PIX,compra
T00323,666.777.888-95,Fábio Leal,2025-02-21,Bruno Tavares,5038.43,PIX,pagamento
T00324,444.555.666-73,Diego Vasconcelos,2025-02-21,Fábio Leal,7691.4,TRANSFERÊNCIA,rotina
T00325,222.333.444-51,Bruno Tavares,2025-02-21,Fábio Leal,6807.28,TRANSFERÊNCIA,serviço
T00326,333.444.555-62,Carla Nogueira,2025-02-21,Carla Nogueira,6495.76,TED,serviço
T00327,888.999.000-17,Henrique Paiva,2025-02-22,Jonas Melo,5033.35,TRANSFERÊNCIA,pagamento
T00328,333.444.555-62,Carla Nogueira,2025-02-22,GAMA LOGÍSTICA LTDA,7076.83,TRANSFERÊNCIA,rotina
T00329,444.555.666-73,Diego Vasconcelos,2025-02-22,BETA SERVIÇOS ME,5957.54,PIX,pagamento
T00330,666.777.888-95,Fábio Leal,2025-02-22,Bruno Tavares,455.87,BOLETO,pagamento
T00331,101.202.303-49,Jonas Melo,2025-02-22,SIGMA PARTICIPAÇÕES LTDA,1056.67,TRANSFERÊNCIA,pagamento
T00332,555.666.777-84,Elisa Barros,2025-02-22,BETA SERVIÇOS ME,3507.63,PIX,compra
T00333,222.333.444-51,Bruno Tavares,2025-02-22,Jonas Melo,1682.37,PIX,pagamento
T00334,111.222.333-40,Aline Monteiro,2025-02-22,ALFA COMÉRCIO LTDA,9952.33,PIX,repasse
T00335,222.333.444-51,Bruno Tavares,2025-02-22,ALFA COMÉRCIO LTDA,9896.37,PIX,repasse
T00336,303.404.505-61,Lucas Gouveia,2025-02-23,DELTA CONSULTORIA LTDA,6436.28,PIX,compra
T00337,333.444.555-62,Carla Nogueira,2025-02-23,ALFA COMÉRCIO LTDA,4357.09,BOLETO,compra
T00338,333.444.555-62,Carla Nogueira,2025-02-23,Carla Nogueira,1078.87,TED,rotina
T00339,101.202.303-49,Jonas Melo,2025-02-24,Fábio Leal,6607.99,TED,compra
T00340,202.303.404-50,Karen Freitas,2025-02-24,GAMA LOGÍSTICA LTDA,7853.18,PIX,compra
T00341,444.555.666-73,Diego Vasconcelos,2025-02-24,Diego Vasconcelos,7098.25,TRANSFERÊNCIA,rotina
T00342,555.666.777-84,Elisa Barros,2025-02-24,Elisa Barros,8045.61,TED,serviço
T00343,303.404.505-61,Lucas Gouveia,2025-02-24,Bruno Tavares,831.16,TRANSFERÊNCIA,compra
T00344,303.404.505-61,Lucas Gouveia,2025-02-24,Aline Monteiro,2235.43,BOLETO,serviço
T00345,666.777.888-95,Fábio Leal,2025-02-24,Diego Vasconcelos,3853.26,PIX,compra
T00346,111.222.333-40,Aline Monteiro,2025-02-25,Diego Vasconcelos,1917.17,TRANSFERÊNCIA,pagamento
T00347,303.404.505-61,Lucas Gouveia,2025-02-25,Carla Nogueira,6317.77,TED,rotina
T00348,202.303.404-50,Karen Freitas,2025-02-25,Bruno Tavares,5653.91,TRANSFERÊNCIA,serviço
T00349,888.999.000-17,Henrique Paiva,2025-02-26,Aline Monteiro,7644.74,TED,compra
T00350,999.000.111-28,Isabela Dantas,2025-02-26,Karen Freitas,2045.52,TRANSFERÊNCIA,compra
T00351,777.888.999-06,Gabriela Ramos,2025-02-26,BETA SERVIÇOS ME,7229.28,PIX,pagamento
T00352,303.404.505-61,Lucas Gouveia,2025-02-26,Fábio Leal,5261.35,TED,pagamento
T00353,202.303.404-50,Karen Freitas,2025-02-26,Diego Vasconcelos,4937.63,TED,compra
T00354,888.999.000-17,Henrique Paiva,2025-02-26,Fábio Leal,6089.87,TED,pagamento
T00355,222.333.444-51,Bruno Tavares,2025-02-27,ALFA COMÉRCIO LTDA,1506.69,TED,pagamento
T00356,101.202.303-49,Jonas Melo,2025-02-27,GAMA LOGÍSTICA LTDA,1321.08,TED,compra
T00357,333.444.555-62,Carla Nogueira,2025-02-27,Jonas Melo,7456.9,TED,rotina
T00358,111.222.333-40,Aline Monteiro,2025-02-27,BETA SERVIÇOS ME,2609.74,TRANSFERÊNCIA,compra
T00359,444.555.666-73,Diego Vasconcelos,2025-02-27,Lucas Gouveia,7083.13,TED,serviço
T00360,666.777.888-95,Fábio Leal,2025-02-27,Diego Vasconcelos,4107.47,TRANSFERÊNCIA,pagamento
T00361,888.999.000-17,Henrique Paiva,2025-02-28,Diego Vasconcelos,3358.46,BOLETO,serviço
T00362,222.333.444-51,Bruno Tavares,2025-02-28,Elisa Barros,2090.13,BOLETO,pagamento
T00363,101.202.303-49,Jonas Melo,2025-02-28,Lucas Gouveia,2917.7,TRANSFERÊNCIA,serviço
T00364,444.555.666-73,Diego Vasconcelos,2025-02-28,BETA SERVIÇOS ME,3479.1,PIX,compra
T00365,888.999.000-17,Henrique Paiva,2025-02-28,ÔMEGA EVENTOS ME,4933.78,TRANSFERÊNCIA,compra
T00366,666.777.888-95,Fábio Leal,2025-02-28,Gabriela Ramos,1898.94,TRANSFERÊNCIA,pagamento
T00367,888.999.000-17,Henrique Paiva,2025-02-28,Henrique Paiva,5133.27,BOLETO,rotina
T00368,111.222.333-40,Aline Monteiro,2025-02-28,ALFA COMÉRCIO LTDA,9905.02,PIX,repasse
T00369,222.333.444-51,Bruno Tavares,2025-02-28,ALFA COMÉRCIO LTDA,9782.08,PIX,repasse
T00370,222.333.444-51,Bruno Tavares,2025-02-28,ALFA COMÉRCIO LTDA,9720.29,PIX,repasse
T00371,303.404.505-61,Lucas Gouveia,2025-03-01,Henrique Paiva,8092.22,TED,serviço
T00372,444.555.666-73,Diego Vasconcelos,2025-03-01,ÔMEGA EVENTOS ME,1467.72,TED,rotina
T00373,555.666.777-84,Elisa Barros,2025-03-01,Bruno Tavares,7145.45,PIX,compra
T00374,666.777.888-95,Fábio Leal,2025-03-01,BETA SERVIÇOS ME,4999.07,TRANSFERÊNCIA,rotina
T00375,303.404.505-61,Lucas Gouveia,2025-03-01,Lucas Gouveia,215.09,BOLETO,compra
T00376,111.222.333-40,Aline Monteiro,2025-03-01,Isabela Dantas,2617.49,BOLETO,rotina
T00377,999.000.111-28,Isabela Dantas,2025-03-01,Gabriela Ramos,6855.79,PIX,compra
T00378,111.222.333-40,Aline Monteiro,2025-03-01,ALFA COMÉRCIO LTDA,9772.36,PIX,repasse
T00379,111.222.333-40,Aline Monteiro,2025-03-01,ALFA COMÉRCIO LTDA,9697.54,PIX,repasse
T00380,111.222.333-40,Aline Monteiro,2025-03-01,ALFA COMÉRCIO LTDA,9702.26,PIX,repasse
T00381,222.333.444-51,Bruno Tavares,2025-03-01,ALFA COMÉRCIO LTDA,9790.93,PIX,repasse
T00382,111.222.333-40,Aline Monteiro,2025-03-02,SIGMA PARTICIPAÇÕES LTDA,513.46,PIX,pagamento
T00383,666.777.888-95,Fábio Leal,2025-03-02,BETA SERVIÇOS ME,8127.77,BOLETO,rotina
T00384,888.999.000-17,Henrique Paiva,2025-03-02,Bruno Tavares,1558.44,TRANSFERÊNCIA,serviço
T00385,202.303.404-50,Karen Freitas,2025-03-02,Aline Monteiro,801.69,TED,serviço
T00386,111.222.333-40,Aline Monteiro,2025-03-02,Diego Vasconcelos,1984.81,TED,pagamento
T00387,222.333.444-51,Bruno Tavares,2025-03-02,ÔMEGA EVENTOS ME,5091.99,TRANSFERÊNCIA,compra
T00388,444.555.666-73,Diego Vasconcelos,2025-03-02,Karen Freitas,5028.08,TRANSFERÊNCIA,rotina
T00389,222.333.444-51,Bruno Tavares,2025-03-02,Aline Monteiro,944.64,TRANSFERÊNCIA,compra
T00390,333.444.555-62,Carla Nogueira,2025-03-03,Carla Nogueira,4144.68,TRANSFERÊNCIA,rotina
T00391,666.777.888-95,Fábio Leal,2025-03-03,Fábio Leal,8454.5,PIX,rotina
T00392,333.444.555-62,Carla Nogueira,2025-03-03,Karen Freitas,3979.08,TRANSFERÊNCIA,rotina
T00393,303.404.505-61,Lucas Gouveia,2025-03-04,Isabela Dantas,5248.07,PIX,compra
T00394,333.444.555-62,Carla Nogueira,2025-03-04,BETA SERVIÇOS ME,6155.44,TRANSFERÊNCIA,pagamento
T00395,777.888.999-06,Gabriela Ramos,2025-03-04,GAMA LOGÍSTICA LTDA,6860.91,TED,serviço
T00396,303.404.505-61,Lucas Gouveia,2025-03-04,GAMA LOGÍSTICA LTDA,5031.56,BOLETO,rotina
T00397,777.888.999-06,Gabriela Ramos,2025-03-04,ALFA COMÉRCIO LTDA,2238.98,TED,pagamento
T00398,202.303.404-50,Karen Freitas,2025-03-04,ALFA COMÉRCIO LTDA,5323.28,TED,serviço
T00399,777.888.999-06,Gabriela Ramos,2025-03-04,BETA SERVIÇOS ME,8097.45,PIX,serviço
T00400,777.888.999-06,Gabriela Ramos,2025-03-04,Isabela Dantas,595.4,TRANSFERÊNCIA,compra
T00401,444.555.666-73,Diego Vasconcelos,2025-03-05,SIGMA PARTICIPAÇÕES LTDA,3201.0,TED,serviço
T00402,444.555.666-73,Diego Vasconcelos,2025-03-05,Jonas Melo,4954.42,BOLETO,serviço
T00403,888.999.000-17,Henrique Paiva,2025-03-05,GAMA LOGÍSTICA LTDA,532.84,TED,rotina
T00404,555.666.777-84,Elisa Barros,2025-03-05,ÔMEGA EVENTOS ME,886.91,TRANSFERÊNCIA,compra
T00405,555.666.777-84,Elisa Barros,2025-03-06,Karen Freitas,2337.75,PIX,serviço
T00406,303.404.505-61,Lucas Gouveia,2025-03-06,Henrique Paiva,6059.08,TED,rotina
T00407,333.444.555-62,Carla Nogueira,2025-03-06,BETA SERVIÇOS ME,4103.48,TED,pagamento
T00408,777.888.999-06,Gabriela Ramos,2025-03-06,Henrique Paiva,3221.62,TRANSFERÊNCIA,rotina
T00409,101.202.303-49,Jonas Melo,2025-03-06,Henrique Paiva,1351.21,PIX,rotina
T00410,333.444.555-62,Carla Nogueira,2025-03-06,Karen Freitas,407.41,BOLETO,pagamento
T00411,303.404.505-61,Lucas Gouveia,2025-03-06,Karen Freitas,2266.62,BOLETO,rotina
T00412,999.000.111-28,Isabela Dantas,2025-03-06,Henrique Paiva,5535.52,TED,pagamento
T00413,101.202.303-49,Jonas Melo,2025-03-07,ALFA COMÉRCIO LTDA,405.68,TRANSFERÊNCIA,pagamento
T00414,333.444.555-62,Carla Nogueira,2025-03-07,Lucas Gouveia,5569.32,TRANSFERÊNCIA,pagamento
T00415,101.202.303-49,Jonas Melo,2025-03-07,BETA SERVIÇOS ME,1309.68,PIX,compra
T00416,555.666.777-84,Elisa Barros,2025-03-07,Fábio Leal,3300.95,PIX,pagamento
T00417,222.333.444-51,Bruno Tavares,2025-03-07,BETA SERVIÇOS ME,2485.76,TRANSFERÊNCIA,serviço
T00418,666.777.888-95,Fábio Leal,2025-03-07,GAMA LOGÍSTICA LTDA,2260.37,PIX,pagamento
T00419,111.222.333-40,Aline Monteiro,2025-03-07,DELTA CONSULTORIA LTDA,900.32,TED,rotina
T00420,777.888.999-06,Gabriela Ramos,2025-03-07,Carla Nogueira,8065.47,PIX,compra
T00421,111.222.333-40,Aline Monteiro,2025-03-07,ALFA COMÉRCIO LTDA,9887.7,PIX,repasse
T00422,111.222.333-40,Aline Monteiro,2025-03-07,ALFA COMÉRCIO LTDA,9828.77,PIX,repasse
T00423,222.333.444-51,Bruno Tavares,2025-03-07,ALFA COMÉRCIO LTDA,9883.79,PIX,repasse
T00424,222.333.444-51,Bruno Tavares,2025-03-07,ALFA COMÉRCIO LTDA,9828.21,PIX,repasse
T00425,222.333.444-51,Bruno Tavares,2025-03-07,ALFA COMÉRCIO LTDA,9909.25,PIX,repasse
T00426,333.444.555-62,Carla Nogueira,2025-03-08,Karen Freitas,6554.06,TED,compra
T00427,888.999.000-17,Henrique Paiva,2025-03-08,BETA SERVIÇOS ME,5836.07,PIX,pagamento
T00428,999.000.111-28,Isabela Dantas,2025-03-08,Bruno Tavares,387.92,TED,rotina
T00429,444.555.666-73,Diego Vasconcelos,2025-03-08,Jonas Melo,7918.31,BOLETO,pagamento
T00430,111.222.333-40,Aline Monteiro,2025-03-08,ALFA COMÉRCIO LTDA,9788.07,PIX,repasse
T00431,111.222.333-40,Aline Monteiro,2025-03-08,ALFA COMÉRCIO LTDA,9790.94,PIX,repasse
T00432,111.222.333-40,Aline Monteiro,2025-03-08,ALFA COMÉRCIO LTDA,9785.76,PIX,repasse
T00433,222.333.444-51,Bruno Tavares,2025-03-08,ALFA COMÉRCIO LTDA,9681.81,PIX,repasse
T00434,222.333.444-51,Bruno Tavares,2025-03-08,ALFA COMÉRCIO LTDA,9955.14,PIX,repasse
T00435,222.333.444-51,Bruno Tavares,2025-03-08,ALFA COMÉRCIO LTDA,9676.33,PIX,repasse
T00436,999.000.111-28,Isabela Dantas,2025-03-09,Henrique Paiva,7332.76,PIX,rotina
T00437,333.444.555-62,Carla Nogueira,2025-03-09,Jonas Melo,4539.88,TRANSFERÊNCIA,rotina
T00438,444.555.666-73,Diego Vasconcelos,2025-03-09,DELTA CONSULTORIA LTDA,8254.27,TRANSFERÊNCIA,rotina
T00439,999.000.111-28,Isabela Dantas,2025-03-09,ÔMEGA EVENTOS ME,8100.44,BOLETO,compra
T00440,555.666.777-84,Elisa Barros,2025-03-09,Gabriela Ramos,2119.17,BOLETO,compra
T00441,666.777.888-95,Fábio Leal,2025-03-09,ÔMEGA EVENTOS ME,4522.3,TRANSFERÊNCIA,pagamento
T00442,333.444.555-62,Carla Nogueira,2025-03-09,Elisa Barros,3481.87,BOLETO,pagamento
T00443,333.444.555-62,Carla Nogueira,2025-03-10,Diego Vasconcelos,6978.83,TED,pagamento
T00444,303.404.505-61,Lucas Gouveia,2025-03-10,ALFA COMÉRCIO LTDA,2804.46,BOLETO,serviço
T00445,111.222.333-40,Aline Monteiro,2025-03-10,Karen Freitas,1855.98,BOLETO,compra
T00446,222.333.444-51,Bruno Tavares,2025-03-10,Diego Vasconcelos,3906.83,PIX,pagamento
T00447,101.202.303-49,Jonas Melo,2025-03-10,Isabela Dantas,5429.47,TRANSFERÊNCIA,compra
T00448,333.444.555-62,Carla Nogueira,2025-03-10,Aline Monteiro,5740.72,BOLETO,compra
T00449,777.888.999-06,Gabriela Ramos,2025-03-10,Aline Monteiro,5312.44,PIX,serviço
T00450,333.444.555-62,Carla Nogueira,2025-03-10,Jonas Melo,5638.51,TED,compra
T00451,101.202.303-49,Jonas Melo,2025-03-11,Aline Monteiro,6351.96,TRANSFERÊNCIA,pagamento
T00452,111.222.333-40,Aline Monteiro,2025-03-11,DELTA CONSULTORIA LTDA,1841.66,TRANSFERÊNCIA,rotina
T00453,111.222.333-40,Aline Monteiro,2025-03-11,Isabela Dantas,2685.39,PIX,rotina
T00454,101.202.303-49,Jonas Melo,2025-03-11,Bruno Tavares,7589.01,PIX,rotina
T00455,111.222.333-40,Aline Monteiro,2025-03-12,Elisa Barros,1488.39,PIX,compra
T00456,202.303.404-50,Karen Freitas,2025-03-12,Jonas Melo,1406.45,TRANSFERÊNCIA,serviço
T00457,222.333.444-51,Bruno Tavares,2025-03-12,Gabriela Ramos,4104.31,PIX,pagamento
T00458,303.404.505-61,Lucas Gouveia,2025-03-12,Bruno Tavares,3391.86,TRANSFERÊNCIA,rotina
T00459,555.666.777-84,Elisa Barros,2025-03-12,Bruno Tavares,6861.15,TRANSFERÊNCIA,compra
T00460,111.222.333-40,Aline Monteiro,2025-03-12,Karen Freitas,8477.19,TED,pagamento
T00461,555.666.777-84,Elisa Barros,2025-03-12,Jonas Melo,619.82,PIX,compra
T00462,999.000.111-28,Isabela Dantas,2025-03-13,Diego Vasconcelos,1349.35,TRANSFERÊNCIA,serviço
T00463,777.888.999-06,Gabriela Ramos,2025-03-13,Aline Monteiro,4290.09,BOLETO,compra
T00464,999.000.111-28,Isabela Dantas,2025-03-13,Gabriela Ramos,7272.0,BOLETO,serviço
T00465,888.999.000-17,Henrique Paiva,2025-03-13,Gabriela Ramos,7109.19,TRANSFERÊNCIA,compra
T00466,111.222.333-40,Aline Monteiro,2025-03-13,ALFA COMÉRCIO LTDA,7756.97,PIX,serviço
T00467,888.999.000-17,Henrique Paiva,2025-03-13,Elisa Barros,7826.69,BOLETO,rotina
T00468,222.333.444-51,Bruno Tavares,2025-03-14,GAMA LOGÍSTICA LTDA,5952.13,TED,rotina
T00469,111.222.333-40,Aline Monteiro,2025-03-14,Elisa Barros,5912.95,BOLETO,rotina
T00470,999.000.111-28,Isabela Dantas,2025-03-14,SIGMA PARTICIPAÇÕES LTDA,3128.07,TED,serviço
T00471,101.202.303-49,Jonas Melo,2025-03-14,ÔMEGA EVENTOS ME,7350.93,PIX,pagamento
T00472,303.404.505-61,Lucas Gouveia,2025-03-14,ALFA COMÉRCIO LTDA,2613.0,TED,compra
T00473,999.000.111-28,Isabela Dantas,2025-03-14,Carla Nogueira,6496.88,BOLETO,compra
T00474,111.222.333-40,Aline Monteiro,2025-03-14,ALFA COMÉRCIO LTDA,9697.01,PIX,repasse
T00475,222.333.444-51,Bruno Tavares,2025-03-14,ALFA COMÉRCIO LTDA,9700.36,PIX,repasse
T00476,222.333.444-51,Bruno Tavares,2025-03-14,ALFA COMÉRCIO LTDA,9878.4,PIX,repasse
T00477,222.333.444-51,Bruno Tavares,2025-03-14,ALFA COMÉRCIO LTDA,9911.82,PIX,repasse
T00478,111.222.333-40,Aline Monteiro,2025-03-15,Elisa Barros,1182.04,TED,serviço
T00479,999.000.111-28,Isabela Dantas,2025-03-15,Aline Monteiro,2252.37,TED,serviço
T00480,444.555.666-73,Diego Vasconcelos,2025-03-15,Henrique Paiva,1340.4,TRANSFERÊNCIA,pagamento
T00481,444.555.666-73,Diego Vasconcelos,2025-03-15,Bruno Tavares,4033.73,TED,compra
T00482,888.999.000-17,Henrique Paiva,2025-03-15,Fábio Leal,3867.15,TED,rotina
T00483,111.222.333-40,Aline Monteiro,2025-03-15,ALFA COMÉRCIO LTDA,9689.68,PIX,repasse
T00484,111.222.333-40,Aline Monteiro,2025-03-15,ALFA COMÉRCIO LTDA,9809.74,PIX,repasse
T00485,222.333.444-51,Bruno Tavares,2025-03-15,ALFA COMÉRCIO LTDA,9874.98,PIX,repasse
T00486,222.333.444-51,Bruno Tavares,2025-03-15,ALFA COMÉRCIO LTDA,9917.0,PIX,repasse
T00487,222.333.444-51,Bruno Tavares,2025-03-15,ALFA COMÉRCIO LTDA,9702.21,PIX,repasse
T00488,333.444.555-62,Carla Nogueira,2025-03-16,Elisa Barros,5917.02,TED,serviço
T00489,666.777.888-95,Fábio Leal,2025-03-16,ÔMEGA EVENTOS ME,173.55,TED,serviço
T00490,444.555.666-73,Diego Vasconcelos,2025-03-16,Fábio Leal,1579.03,BOLETO,rotina
T00491,202.303.404-50,Karen Freitas,2025-03-16,BETA SERVIÇOS ME,2922.28,PIX,pagamento
T00492,333.444.555-62,Carla Nogueira,2025-03-16,GAMA LOGÍSTICA LTDA,7695.64,TRANSFERÊNCIA,serviço
T00493,202.303.404-50,Karen Freitas,2025-03-17,Isabela Dantas,1844.27,TRANSFERÊNCIA,compra
T00494,555.666.777-84,Elisa Barros,2025-03-17,Bruno Tavares,2204.7,TRANSFERÊNCIA,rotina
T00495,999.000.111-28,Isabela Dantas,2025-03-17,Carla Nogueira,2331.24,TRANSFERÊNCIA,compra
T00496,101.202.303-49,Jonas Melo,2025-03-17,Lucas Gouveia,8397.61,BOLETO,compra
T00497,444.555.666-73,Diego Vasconcelos,2025-03-17,Lucas Gouveia,4046.96,TED,serviço
T00498,333.444.555-62,Carla Nogueira,2025-03-17,Bruno Tavares,4681.44,TED,serviço
T00499,101.202.303-49,Jonas Melo,2025-03-18,ALFA COMÉRCIO LTDA,5923.52,TED,pagamento
T00500,333.444.555-62,Carla Nogueira,2025-03-18,Henrique Paiva,6505.44,PIX,compra
T00501,444.555.666-73,Diego Vasconcelos,2025-03-18,BETA SERVIÇOS ME,6143.94,BOLETO,rotina
T00502,111.222.333-40,Aline Monteiro,2025-03-18,GAMA LOGÍSTICA LTDA,5428.56,PIX,rotina
T00503,888.999.000-17,Henrique Paiva,2025-03-18,SIGMA PARTICIPAÇÕES LTDA,176.76,BOLETO,serviço
T00504,555.666.777-84,Elisa Barros,2025-03-18,Fábio Leal,7921.03,TRANSFERÊNCIA,rotina
T00505,101.202.303-49,Jonas Melo,2025-03-19,Gabriela Ramos,1962.79,BOLETO,compra
T00506,202.303.404-50,Karen Freitas,2025-03-19,ÔMEGA EVENTOS ME,3542.29,TED,pagamento
T00507,777.888.999-06,Gabriela Ramos,2025-03-19,Jonas Melo,7094.06,TED,serviço
T00508,101.202.303-49,Jonas Melo,2025-03-19,Gabriela Ramos,2439.55,PIX,pagamento
T00509,999.000.111-28,Isabela Dantas,2025-03-20,Aline Monteiro,6952.73,TED,compra
T00510,202.303.404-50,Karen Freitas,2025-03-20,SIGMA PARTICIPAÇÕES LTDA,3103.77,TED,rotina
T00511,888.999.000-17,Henrique Paiva,2025-03-20,Isabela Dantas,301.06,BOLETO,serviço
T00512,888.999.000-17,Henrique Paiva,2025-03-20,ALFA COMÉRCIO LTDA,1645.94,TED,rotina
T00513,999.000.111-28,Isabela Dantas,2025-03-20,Karen Freitas,6349.82,TRANSFERÊNCIA,pagamento
T00514,444.555.666-73,Diego Vasconcelos,2025-03-21,DELTA CONSULTORIA LTDA,6608.58,TRANSFERÊNCIA,pagamento
T00515,444.555.666-73,Diego Vasconcelos,2025-03-21,SIGMA PARTICIPAÇÕES LTDA,5446.96,TED,compra
T00516,202.303.404-50,Karen Freitas,2025-03-21,Elisa Barros,8471.11,BOLETO,serviço
T00517,999.000.111-28,Isabela Dantas,2025-03-21,BETA SERVIÇOS ME,1894.0,BOLETO,rotina
T00518,999.000.111-28,Isabela Dantas,2025-03-21,Bruno Tavares,7056.68,BOLETO,compra
T00519,303.404.505-61,Lucas Gouveia,2025-03-21,ÔMEGA EVENTOS ME,8415.19,PIX,serviço
T00520,202.303.404-50,Karen Freitas,2025-03-22,Jonas Melo,6070.24,TRANSFERÊNCIA,rotina
T00521,333.444.555-62,Carla Nogueira,2025-03-22,ÔMEGA EVENTOS ME,4528.36,BOLETO,rotina
T00522,333.444.555-62,Carla Nogueira,2025-03-22,Diego Vasconcelos,1801.87,PIX,compra
T00523,555.666.777-84,Elisa Barros,2025-03-22,Lucas Gouveia,4608.25,PIX,serviço
T00524,999.000.111-28,Isabela Dantas,2025-03-22,Elisa Barros,922.7,TED,serviço
T00525,111.222.333-40,Aline Monteiro,2025-03-23,ALFA COMÉRCIO LTDA,995.4,TED,pagamento
T00526,202.303.404-50,Karen Freitas,2025-03-23,Henrique Paiva,3948.52,PIX,pagamento
T00527,101.202.303-49,Jonas Melo,2025-03-23,Elisa Barros,6709.75,PIX,pagamento
T00528,555.666.777-84,Elisa Barros,2025-03-23,GAMA LOGÍSTICA LTDA,657.58,TED,rotina
T00529,101.202.303-49,Jonas Melo,2025-03-23,Jonas Melo,4518.47,TED,pagamento
T00530,101.202.303-49,Jonas Melo,2025-03-23,DELTA CONSULTORIA LTDA,2445.33,TRANSFERÊNCIA,serviço
T00531,444.555.666-73,Diego Vasconcelos,2025-03-23,ÔMEGA EVENTOS ME,6298.86,BOLETO,serviço
T00532,888.999.000-17,Henrique Paiva,2025-03-23,Gabriela Ramos,6695.29,TRANSFERÊNCIA,rotina
T00533,333.444.555-62,Carla Nogueira,2025-03-24,DELTA CONSULTORIA LTDA,1613.91,TRANSFERÊNCIA,compra
T00534,666.777.888-95,Fábio Leal,2025-03-24,Karen Freitas,6373.74,TRANSFERÊNCIA,serviço
T00535,555.666.777-84,Elisa Barros,2025-03-24,Karen Freitas,4471.63,BOLETO,serviço
T00536,222.333.444-51,Bruno Tavares,2025-03-24,Aline Monteiro,1235.68,PIX,serviço
T00537,111.222.333-40,Aline Monteiro,2025-03-24,ALFA COMÉRCIO LTDA,6046.08,PIX,rotina
T00538,999.000.111-28,Isabela Dantas,2025-03-24,ÔMEGA EVENTOS ME,7862.51,TRANSFERÊNCIA,rotina
T00539,111.222.333-40,Aline Monteiro,2025-03-25,Carla Nogueira,4385.59,PIX,serviço
T00540,101.202.303-49,Jonas Melo,2025-03-25,ÔMEGA EVENTOS ME,4808.42,PIX,serviço
T00541,555.666.777-84,Elisa Barros,2025-03-25,Carla Nogueira,5216.2,TRANSFERÊNCIA,rotina
T00542,999.000.111-28,Isabela Dantas,2025-03-25,Lucas Gouveia,3028.95,BOLETO,compra
T00543,101.202.303-49,Jonas Melo,2025-03-26,DELTA CONSULTORIA LTDA,4757.71,TRANSFERÊNCIA,pagamento
T00544,111.222.333-40,Aline Monteiro,2025-03-26,ÔMEGA EVENTOS ME,2624.14,BOLETO,compra
T00545,555.666.777-84,Elisa Barros,2025-03-26,GAMA LOGÍSTICA LTDA,7002.55,BOLETO,compra
T00546,444.555.666-73,Diego Vasconcelos,2025-03-26,Lucas Gouveia,3927.08,BOLETO,pagamento
T00547,101.202.303-49,Jonas Melo,2025-03-26,GAMA LOGÍSTICA LTDA,2100.84,TED,serviço
T00548,333.444.555-62,Carla Nogueira,2025-03-27,Bruno Tavares,436.89,PIX,compra
T00549,111.222.333-40,Aline Monteiro,2025-03-27,Bruno Tavares,5842.09,BOLETO,pagamento
T00550,202.303.404-50,Karen Freitas,2025-03-27,SIGMA PARTICIPAÇÕES LTDA,7534.0,BOLETO,pagamento
T00551,888.999.000-17,Henrique Paiva,2025-03-28,Henrique Paiva,8477.89,TED,rotina
T00552,444.555.666-73,Diego Vasconcelos,2025-03-28,Bruno Tavares,3842.22,TRANSFERÊNCIA,pagamento
T00553,303.404.505-61,Lucas Gouveia,2025-03-28,Henrique Paiva,8238.2,BOLETO,rotina
T00554,303.404.505-61,Lucas Gouveia,2025-03-28,Isabela Dantas,2961.18,TRANSFERÊNCIA,compra
T00555,555.666.777-84,Elisa Barros,2025-03-28,GAMA LOGÍSTICA LTDA,8335.43,BOLETO,compra
T00556,333.444.555-62,Carla Nogueira,2025-03-28,ÔMEGA EVENTOS ME,7672.39,PIX,serviço
T00557,111.222.333-40,Aline Monteiro,2025-03-28,ALFA COMÉRCIO LTDA,9872.43,PIX,repasse
T00558,111.222.333-40,Aline Monteiro,2025-03-28,ALFA COMÉRCIO LTDA,9915.1,PIX,repasse
T00559,222.333.444-51,Bruno Tavares,2025-03-28,ALFA COMÉRCIO LTDA,9680.71,PIX,repasse
T00560,222.333.444-51,Bruno Tavares,2025-03-28,ALFA COMÉRCIO LTDA,9929.41,PIX,repasse
T00561,222.333.444-51,Bruno Tavares,2025-03-28,ALFA COMÉRCIO LTDA,9943.02,PIX,repasse
T00562,111.222.333-40,Aline Monteiro,2025-03-29,Bruno Tavares,6364.34,TRANSFERÊNCIA,serviço
T00563,202.303.404-50,Karen Freitas,2025-03-29,ÔMEGA EVENTOS ME,6882.83,TED,pagamento
T00564,111.222.333-40,Aline Monteiro,2025-03-29,Jonas Melo,4766.06,TRANSFERÊNCIA,rotina
T00565,333.444.555-62,Carla Nogueira,2025-03-29,Lucas Gouveia,7078.57,TED,rotina
T00566,444.555.666-73,Diego Vasconcelos,2025-03-29,Fábio Leal,8175.41,TRANSFERÊNCIA,rotina
T00567,111.222.333-40,Aline Monteiro,2025-03-29,ALFA COMÉRCIO LTDA,9925.62,PIX,repasse
T00568,222.333.444-51,Bruno Tavares,2025-03-29,ALFA COMÉRCIO LTDA,9916.44,PIX,repasse
T00569,222.333.444-51,Bruno Tavares,2025-03-29,ALFA COMÉRCIO LTDA,9939.9,PIX,repasse
T00570,888.999.000-17,Henrique Paiva,2025-03-30,ÔMEGA EVENTOS ME,5368.25,TRANSFERÊNCIA,rotina
T00571,333.444.555-62,Carla Nogueira,2025-03-30,Aline Monteiro,,PIX,rotina
T00572,666.777.888-95,Fábio Leal,2025-03-30,GAMA LOGÍSTICA LTDA,485.16,BOLETO,rotina
T00573,101.202.303-49,Jonas Melo,2025-03-30,BETA SERVIÇOS ME,7504.15,TED,serviço
T00574,555.666.777-84,Elisa Barros,2025-03-31,BETA SERVIÇOS ME,1441.86,TRANSFERÊNCIA,pagamento
T00575,888.999.000-17,Henrique Paiva,2025-03-31,Gabriela Ramos,8075.42,TED,serviço
T00576,101.202.303-49,Jonas Melo,2025-03-31,DELTA CONSULTORIA LTDA,7493.67,TRANSFERÊNCIA,serviço
T00577,444.555.666-73,Diego Vasconcelos,2025-04-01,ALFA COMÉRCIO LTDA,7418.5,BOLETO,serviço
T00578,202.303.404-50,Karen Freitas,2025-04-01,Jonas Melo,2474.83,BOLETO,serviço
T00579,888.999.000-17,Henrique Paiva,2025-04-01,Diego Vasconcelos,6700.59,TED,compra
T00580,222.333.444-51,Bruno Tavares,2025-04-01,Elisa Barros,3174.05,BOLETO,rotina
T00581,222.333.444-51,Bruno Tavares,2025-04-01,Henrique Paiva,7030.72,PIX,serviço
T00582,202.303.404-50,Karen Freitas,2025-04-01,ALFA COMÉRCIO LTDA,980.62,TED,pagamento
T00583,111.222.333-40,Aline Monteiro,2025-04-02,Karen Freitas,3396.37,BOLETO,serviço
T00584,111.222.333-40,Aline Monteiro,2025-04-02,ALFA COMÉRCIO LTDA,6065.3,TRANSFERÊNCIA,rotina
T00585,888.999.000-17,Henrique Paiva,2025-04-02,Karen Freitas,2371.54,PIX,rotina
T00586,333.444.555-62,Carla Nogueira,2025-04-02,Henrique Paiva,4868.03,TRANSFERÊNCIA,pagamento
T00587,888.999.000-17,Henrique Paiva,2025-04-02,Lucas Gouveia,5482.87,PIX,serviço
T00588,101.202.303-49,Jonas Melo,2025-04-02,SIGMA PARTICIPAÇÕES LTDA,5334.28,PIX,compra
T00589,999.000.111-28,Isabela Dantas,2025-04-03,Karen Freitas,654.55,TED,rotina
T00590,555.666.777-84,Elisa Barros,2025-04-03,Henrique Paiva,5845.66,TED,rotina
T00591,222.333.444-51,Bruno Tavares,2025-04-03,Henrique Paiva,7742.65,PIX,rotina
T00592,555.666.777-84,Elisa Barros,2025-04-03,Isabela Dantas,2728.05,TED,compra
T00593,555.666.777-84,Elisa Barros,2025-04-03,Henrique Paiva,5120.52,BOLETO,compra
T00594,222.333.444-51,Bruno Tavares,2025-04-03,Fábio Leal,3323.25,BOLETO,serviço
T00595,999.000.111-28,Isabela Dantas,2025-04-03,SIGMA PARTICIPAÇÕES LTDA,3519.13,TRANSFERÊNCIA,compra
T00596,222.333.444-51,Bruno Tavares,2025-04-04,Carla Nogueira,374.09,PIX,pagamento
T00597,444.555.666-73,Diego Vasconcelos,2025-04-04,DELTA CONSULTORIA LTDA,1848.24,TRANSFERÊNCIA,pagamento
T00598,555.666.777-84,Elisa Barros,2025-04-04,Elisa Barros,5310.86,PIX,compra
T00599,222.333.444-51,Bruno Tavares,2025-04-04,Diego Vasconcelos,6178.92,TED,rotina
T00600,777.888.999-06,Gabriela Ramos,2025-04-04,Jonas Melo,7356.42,TED,serviço
T00601,101.202.303-49,Jonas Melo,2025-04-04,Fábio Leal,2251.87,TRANSFERÊNCIA,serviço
T00602,111.222.333-40,Aline Monteiro,2025-04-04,ÔMEGA EVENTOS ME,552.27,BOLETO,rotina
T00603,777.888.999-06,Gabriela Ramos,2025-04-05,ALFA COMÉRCIO LTDA,7025.7,BOLETO,compra
T00604,999.000.111-28,Isabela Dantas,2025-04-05,Karen Freitas,1167.68,TRANSFERÊNCIA,compra
T00605,666.777.888-95,Fábio Leal,2025-04-05,Isabela Dantas,2997.4,BOLETO,compra
T00606,111.222.333-40,Aline Monteiro,2025-04-05,ALFA COMÉRCIO LTDA,9881.3,PIX,repasse
T00607,111.222.333-40,Aline Monteiro,2025-04-05,ALFA COMÉRCIO LTDA,9815.43,PIX,repasse
T00608,222.333.444-51,Bruno Tavares,2025-04-05,ALFA COMÉRCIO LTDA,9797.14,PIX,repasse
T00609,222.333.444-51,Bruno Tavares,2025-04-05,ALFA COMÉRCIO LTDA,9686.17,PIX,repasse
T00610,999.000.111-28,Isabela Dantas,2025-04-06,GAMA LOGÍSTICA LTDA,3641.91,PIX,compra
T00611,222.333.444-51,Bruno Tavares,2025-04-06,BETA SERVIÇOS ME,1346.08,BOLETO,rotina
T00612,333.444.555-62,Carla Nogueira,2025-04-06,ÔMEGA EVENTOS ME,1169.86,TED,serviço
T00613,999.000.111-28,Isabela Dantas,2025-04-06,ALFA COMÉRCIO LTDA,1221.34,BOLETO,serviço
T00614,444.555.666-73,Diego Vasconcelos,2025-04-06,ALFA COMÉRCIO LTDA,620.22,BOLETO,rotina
T00615,222.333.444-51,Bruno Tavares,2025-04-06,BETA SERVIÇOS ME,6663.17,TRANSFERÊNCIA,rotina
T00616,555.666.777-84,Elisa Barros,2025-04-07,DELTA CONSULTORIA LTDA,8176.17,BOLETO,pagamento
T00617,777.888.999-06,Gabriela Ramos,2025-04-07,BETA SERVIÇOS ME,4600.04,BOLETO,serviço
T00618,555.666.777-84,Elisa Barros,2025-04-07,Jonas Melo,7455.98,TRANSFERÊNCIA,compra
T00619,222.333.444-51,Bruno Tavares,2025-04-08,Isabela Dantas,866.6,TRANSFERÊNCIA,serviço
T00620,444.555.666-73,Diego Vasconcelos,2025-04-08,ALFA COMÉRCIO LTDA,4880.15,TRANSFERÊNCIA,rotina
T00621,333.444.555-62,Carla Nogueira,2025-04-08,Lucas Gouveia,7969.02,PIX,rotina
T00622,666.777.888-95,Fábio Leal,2025-04-09,Bruno Tavares,6662.55,PIX,serviço
T00623,555.666.777-84,Elisa Barros,2025-04-09,ALFA COMÉRCIO LTDA,5010.54,TED,serviço
T00624,444.555.666-73,Diego Vasconcelos,2025-04-09,Carla Nogueira,1191.26,TED,serviço
T00625,333.444.555-62,Carla Nogueira,2025-04-09,Jonas Melo,7611.98,TRANSFERÊNCIA,rotina
T00626,999.000.111-28,Isabela Dantas,2025-04-09,ÔMEGA EVENTOS ME,527.92,PIX,compra
T00627,555.666.777-84,Elisa Barros,2025-04-09,ÔMEGA EVENTOS ME,6747.58,TRANSFERÊNCIA,serviço
T00628,777.888.999-06,Gabriela Ramos,2025-04-09,SIGMA PARTICIPAÇÕES LTDA,4857.52,TED,pagamento
T00629,888.999.000-17,Henrique Paiva,2025-04-10,Jonas Melo,7463.69,TRANSFERÊNCIA,compra
T00630,333.444.555-62,Carla Nogueira,2025-04-10,Gabriela Ramos,6761.79,PIX,serviço
T00631,999.000.111-28,Isabela Dantas,2025-04-10,Jonas Melo,4516.11,TED,pagamento
T00632,777.888.999-06,Gabriela Ramos,2025-04-10,BETA SERVIÇOS ME,205.41,TED,compra
T00633,222.333.444-51,Bruno Tavares,2025-04-10,BETA SERVIÇOS ME,1686.82,TED,rotina
T00634,444.555.666-73,Diego Vasconcelos,2025-04-11,Lucas Gouveia,4876.26,TRANSFERÊNCIA,pagamento
T00635,888.999.000-17,Henrique Paiva,2025-04-11,Jonas Melo,883.7,BOLETO,rotina
T00636,101.202.303-49,Jonas Melo,2025-04-11,Carla Nogueira,2914.61,TRANSFERÊNCIA,compra
T00637,999.000.111-28,Isabela Dantas,2025-04-11,Lucas Gouveia,7365.15,BOLETO,pagamento
T00638,303.404.505-61,Lucas Gouveia,2025-04-11,Isabela Dantas,3716.69,TED,rotina
T00639,202.303.404-50,Karen Freitas,2025-04-11,Karen Freitas,7697.78,TRANSFERÊNCIA,compra
T00640,888.999.000-17,Henrique Paiva,2025-04-11,Henrique Paiva,3885.3,PIX,compra
T00641,303.404.505-61,Lucas Gouveia,2025-04-11,Jonas Melo,731.29,BOLETO,pagamento
T00642,111.222.333-40,Aline Monteiro,2025-04-11,ALFA COMÉRCIO LTDA,9680.38,PIX,repasse
T00643,111.222.333-40,Aline Monteiro,2025-04-11,ALFA COMÉRCIO LTDA,9926.46,PIX,repasse
T00644,111.222.333-40,Aline Monteiro,2025-04-11,ALFA COMÉRCIO LTDA,9722.01,PIX,repasse
T00645,222.333.444-51,Bruno Tavares,2025-04-11,ALFA COMÉRCIO LTDA,9709.99,PIX,repasse
T00646,222.333.444-51,Bruno Tavares,2025-04-11,ALFA COMÉRCIO LTDA,9901.22,PIX,repasse
T00647,222.333.444-51,Bruno Tavares,2025-04-11,ALFA COMÉRCIO LTDA,9694.13,PIX,repasse
T00648,999.000.111-28,Isabela Dantas,2025-04-12,Carla Nogueira,6102.32,TED,pagamento
T00649,999.000.111-28,Isabela Dantas,2025-04-12,ALFA COMÉRCIO LTDA,4298.74,BOLETO,serviço
T00650,666.777.888-95,Fábio Leal,2025-04-12,Gabriela Ramos,5530.75,BOLETO,compra
T00651,111.222.333-40,Aline Monteiro,2025-04-12,SIGMA PARTICIPAÇÕES LTDA,6821.51,TRANSFERÊNCIA,compra
T00652,777.888.999-06,Gabriela Ramos,2025-04-12,ALFA COMÉRCIO LTDA,384.91,PIX,pagamento
T00653,111.222.333-40,Aline Monteiro,2025-04-12,ALFA COMÉRCIO LTDA,9711.64,PIX,repasse
T00654,111.222.333-40,Aline Monteiro,2025-04-12,ALFA COMÉRCIO LTDA,9960.93,PIX,repasse
T00655,111.222.333-40,Aline Monteiro,2025-04-12,ALFA COMÉRCIO LTDA,9812.29,PIX,repasse
T00656,222.333.444-51,Bruno Tavares,2025-04-12,ALFA COMÉRCIO LTDA,9876.66,PIX,repasse
T00657,222.333.444-51,Bruno Tavares,2025-04-12,ALFA COMÉRCIO LTDA,9783.89,PIX,repasse
T00658,666.777.888-95,Fábio Leal,2025-04-13,SIGMA PARTICIPAÇÕES LTDA,7911.31,BOLETO,rotina
T00659,999.000.111-28,Isabela Dantas,2025-04-13,GAMA LOGÍSTICA LTDA,5885.82,BOLETO,rotina
T00660,555.666.777-84,Elisa Barros,2025-04-13,DELTA CONSULTORIA LTDA,5343.3,PIX,rotina
T00661,999.000.111-28,Isabela Dantas,2025-04-13,Gabriela Ramos,804.13,BOLETO,compra
T00662,222.333.444-51,Bruno Tavares,2025-04-13,Aline Monteiro,2373.22,TED,pagamento
T00663,303.404.505-61,Lucas Gouveia,2025-04-13,GAMA LOGÍSTICA LTDA,8268.12,PIX,compra
T00664,101.202.303-49,Jonas Melo,2025-04-14,Lucas Gouveia,4958.65,TRANSFERÊNCIA,serviço
T00665,101.202.303-49,Jonas Melo,2025-04-14,GAMA LOGÍSTICA LTDA,8153.81,TRANSFERÊNCIA,compra
T00666,444.555.666-73,Diego Vasconcelos,2025-04-14,Diego Vasconcelos,2610.68,BOLETO,pagamento
T00667,666.777.888-95,Fábio Leal,2025-04-14,DELTA CONSULTORIA LTDA,7989.1,BOLETO,serviço
T00668,111.222.333-40,Aline Monteiro,2025-04-14,Isabela Dantas,5272.93,TED,rotina
T00669,444.555.666-73,Diego Vasconcelos,2025-04-14,GAMA LOGÍSTICA LTDA,168000,TED,aporte extraordinário
T00670,222.333.444-51,Bruno Tavares,2025-04-15,Diego Vasconcelos,462.54,BOLETO,compra
T00671,777.888.999-06,Gabriela Ramos,2025-04-15,Fábio Leal,5650.37,TED,pagamento
T00672,202.303.404-50,Karen Freitas,2025-04-15,ÔMEGA EVENTOS ME,7505.42,TRANSFERÊNCIA,rotina
T00673,444.555.666-73,Diego Vasconcelos,2025-04-15,Isabela Dantas,1227.17,TED,rotina
T00674,111.222.333-40,Aline Monteiro,2025-04-15,Bruno Tavares,3706.06,PIX,pagamento
T00675,777.888.999-06,Gabriela Ramos,2025-04-16,BETA SERVIÇOS ME,6279.51,BOLETO,serviço
T00676,303.404.505-61,Lucas Gouveia,2025-04-16,ALFA COMÉRCIO LTDA,1562.33,BOLETO,serviço
T00677,222.333.444-51,Bruno Tavares,2025-04-16,Bruno Tavares,7163.58,TED,rotina
T00678,777.888.999-06,Gabriela Ramos,2025-04-16,Carla Nogueira,5497.32,PIX,compra
T00679,333.444.555-62,Carla Nogueira,2025-04-16,Henrique Paiva,4827.29,TRANSFERÊNCIA,compra
T00680,666.777.888-95,Fábio Leal,2025-04-16,Diego Vasconcelos,7196.44,BOLETO,serviço
T00681,444.555.666-73,Diego Vasconcelos,2025-04-16,DELTA CONSULTORIA LTDA,5266.86,TRANSFERÊNCIA,compra
T00682,333.444.555-62,Carla Nogueira,2025-04-17,Elisa Barros,4865.19,TRANSFERÊNCIA,compra
T00683,555.666.777-84,Elisa Barros,2025-04-17,Henrique Paiva,2127.48,BOLETO,compra
T00684,444.555.666-73,Diego Vasconcelos,2025-04-17,DELTA CONSULTORIA LTDA,6114.85,BOLETO,pagamento
T00685,202.303.404-50,Karen Freitas,2025-04-17,Lucas Gouveia,1817.63,TED,pagamento
T00686,666.777.888-95,Fábio Leal,2025-04-17,DELTA CONSULTORIA LTDA,3231.3,PIX,serviço
T00687,333.444.555-62,Carla Nogueira,2025-04-17,Henrique Paiva,5658.69,PIX,serviço
T00688,333.444.555-62,Carla Nogueira,2025-04-18,DELTA CONSULTORIA LTDA,3710.01,BOLETO,pagamento
T00689,777.888.999-06,Gabriela Ramos,2025-04-18,ÔMEGA EVENTOS ME,8269.35,TRANSFERÊNCIA,pagamento
T00690,101.202.303-49,Jonas Melo,2025-04-18,Gabriela Ramos,826.78,BOLETO,pagamento
T00691,222.333.444-51,Bruno Tavares,2025-04-18,Lucas Gouveia,5006.72,PIX,rotina
T00692,444.555.666-73,Diego Vasconcelos,2025-04-19,DELTA CONSULTORIA LTDA,8224.9,TRANSFERÊNCIA,rotina
T00693,111.222.333-40,Aline Monteiro,2025-04-19,ÔMEGA EVENTOS ME,4347.94,TED,compra
T00694,333.444.555-62,Carla Nogueira,2025-04-19,BETA SERVIÇOS ME,536.36,TRANSFERÊNCIA,pagamento
T00695,101.202.303-49,Jonas Melo,2025-04-19,Elisa Barros,5644.41,TED,pagamento
T00696,303.404.505-61,Lucas Gouveia,2025-04-19,GAMA LOGÍSTICA LTDA,5244.48,TED,compra
T00697,111.222.333-40,Aline Monteiro,2025-04-19,ALFA COMÉRCIO LTDA,9921.94,PIX,repasse
T00698,111.222.333-40,Aline Monteiro,2025-04-19,ALFA COMÉRCIO LTDA,9969.5,PIX,repasse
T00699,111.222.333-40,Aline Monteiro,2025-04-19,ALFA COMÉRCIO LTDA,9795.59,PIX,repasse
T00700,222.333.444-51,Bruno Tavares,2025-04-19,ALFA COMÉRCIO LTDA,9899.72,PIX,repasse
T00701,888.999.000-17,Henrique Paiva,2025-04-20,Fábio Leal,6908.86,TRANSFERÊNCIA,compra
T00702,444.555.666-73,Diego Vasconcelos,2025-04-20,Lucas Gouveia,297.88,BOLETO,rotina
T00703,333.444.555-62,Carla Nogueira,2025-04-20,Henrique Paiva,3412.65,TED,pagamento
T00704,444.555.666-73,Diego Vasconcelos,2025-04-21,SIGMA PARTICIPAÇÕES LTDA,5612.26,TRANSFERÊNCIA,serviço
T00705,101.202.303-49,Jonas Melo,2025-04-21,Fábio Leal,1959.9,TRANSFERÊNCIA,compra
T00706,303.404.505-61,Lucas Gouveia,2025-04-21,GAMA LOGÍSTICA LTDA,1226.45,BOLETO,serviço
T00707,555.666.777-84,Elisa Barros,2025-04-21,BETA SERVIÇOS ME,929.47,TED,pagamento
T00708,222.333.444-51,Bruno Tavares,2025-04-22,GAMA LOGÍSTICA LTDA,7682.55,TRANSFERÊNCIA,serviço
T00709,666.777.888-95,Fábio Leal,2025-04-22,GAMA LOGÍSTICA LTDA,5179.96,BOLETO,pagamento
T00710,888.999.000-17,Henrique Paiva,2025-04-22,Jonas Melo,2535.8,PIX,serviço
T00711,888.999.000-17,Henrique Paiva,2025-04-23,Elisa Barros,2960.95,TRANSFERÊNCIA,pagamento
T00712,202.303.404-50,Karen Freitas,2025-04-23,BETA SERVIÇOS ME,6758.96,PIX,serviço
T00713,777.888.999-06,Gabriela Ramos,2025-04-23,Isabela Dantas,8308.64,PIX,compra
T00714,303.404.505-61,Lucas Gouveia,2025-04-23,GAMA LOGÍSTICA LTDA,1490.31,TED,serviço
T00715,111.222.333-40,Aline Monteiro,2025-04-23,Carla Nogueira,2192.68,BOLETO,pagamento
T00716,888.999.000-17,Henrique Paiva,2025-04-24,BETA SERVIÇOS ME,8203.66,TED,rotina
T00717,101.202.303-49,Jonas Melo,2025-04-24,Lucas Gouveia,7072.75,TRANSFERÊNCIA,pagamento
T00718,333.444.555-62,Carla Nogueira,2025-04-24,Gabriela Ramos,3536.87,TRANSFERÊNCIA,rotina
T00719,888.999.000-17,Henrique Paiva,2025-04-24,DELTA CONSULTORIA LTDA,1958.98,TED,rotina
T00720,202.303.404-50,Karen Freitas,2025-04-24,Fábio Leal,4246.93,PIX,serviço
T00721,555.666.777-84,Elisa Barros,2025-04-25,Bruno Tavares,2280.58,PIX,compra
T00722,303.404.505-61,Lucas Gouveia,2025-04-25,Elisa Barros,983.92,TED,compra
T00723,111.222.333-40,Aline Monteiro,2025-04-25,Jonas Melo,5901.74,TRANSFERÊNCIA,pagamento
T00724,303.404.505-61,Lucas Gouveia,2025-04-25,Carla Nogueira,4885.49,TED,compra
T00725,777.888.999-06,Gabriela Ramos,2025-04-25,Elisa Barros,407.35,BOLETO,rotina
T00726,303.404.505-61,Lucas Gouveia,2025-04-25,Jonas Melo,6886.94,BOLETO,compra
T00727,111.222.333-40,Aline Monteiro,2025-04-25,ALFA COMÉRCIO LTDA,9801.97,PIX,repasse
T00728,111.222.333-40,Aline Monteiro,2025-04-25,ALFA COMÉRCIO LTDA,9962.17,PIX,repasse
T00729,222.333.444-51,Bruno Tavares,2025-04-25,ALFA COMÉRCIO LTDA,9771.6,PIX,repasse
T00730,222.333.444-51,Bruno Tavares,2025-04-25,ALFA COMÉRCIO LTDA,9728.15,PIX,repasse
T00731,222.333.444-51,Bruno Tavares,2025-04-25,ALFA COMÉRCIO LTDA,9802.36,PIX,repasse
T00732,303.404.505-61,Lucas Gouveia,2025-04-26,Diego Vasconcelos,8444.4,TED,rotina
T00733,666.777.888-95,Fábio Leal,2025-04-26,Diego Vasconcelos,1630.92,BOLETO,compra
T00734,999.000.111-28,Isabela Dantas,2025-04-26,SIGMA PARTICIPAÇÕES LTDA,6876.12,BOLETO,rotina
T00735,111.222.333-40,Aline Monteiro,2025-04-26,ALFA COMÉRCIO LTDA,9906.59,PIX,repasse
T00736,111.222.333-40,Aline Monteiro,2025-04-26,ALFA COMÉRCIO LTDA,9691.75,PIX,repasse
T00737,111.222.333-40,Aline Monteiro,2025-04-26,ALFA COMÉRCIO LTDA,9774.3,PIX,repasse
T00738,222.333.444-51,Bruno Tavares,2025-04-26,ALFA COMÉRCIO LTDA,9783.52,PIX,repasse
T00739,222.333.444-51,Bruno Tavares,2025-04-26,ALFA COMÉRCIO LTDA,9923.26,PIX,repasse
T00740,202.303.404-50,Karen Freitas,2025-04-27,BETA SERVIÇOS ME,6038.51,TED,serviço
T00741,202.303.404-50,Karen Freitas,2025-04-27,SIGMA PARTICIPAÇÕES LTDA,4291.24,PIX,pagamento
T00742,777.888.999-06,Gabriela Ramos,2025-04-27,BETA SERVIÇOS ME,5512.76,PIX,compra
T00743,666.777.888-95,Fábio Leal,2025-04-27,Henrique Paiva,2511.09,TED,serviço
T00744,222.333.444-51,Bruno Tavares,2025-04-27,Elisa Barros,4359.38,TED,rotina
T00745,333.444.555-62,Carla Nogueira,2025-04-27,ALFA COMÉRCIO LTDA,8234.57,TRANSFERÊNCIA,serviço
T00746,555.666.777-84,Elisa Barros,2025-04-27,Elisa Barros,307.03,TED,rotina
T00747,202.303.404-50,Karen Freitas,2025-04-27,Lucas Gouveia,6650.07,PIX,pagamento
T00748,888.999.000-17,Henrique Paiva,2025-04-28,DELTA CONSULTORIA LTDA,3963.8,TRANSFERÊNCIA,rotina
T00749,111.222.333-40,Aline Monteiro,2025-04-28,Karen Freitas,328.29,TED,serviço
T00750,101.202.303-49,Jonas Melo,2025-04-28,Aline Monteiro,2275.87,PIX,serviço
T00751,303.404.505-61,Lucas Gouveia,2025-04-28,Diego Vasconcelos,3903.19,PIX,pagamento
T00752,555.666.777-84,Elisa Barros,2025-04-28,Karen Freitas,5880.61,TRANSFERÊNCIA,pagamento
T00753,555.666.777-84,Elisa Barros,2025-04-28,Isabela Dantas,6824.45,BOLETO,rotina
T00754,444.555.666-73,Diego Vasconcelos,2025-04-28,Bruno Tavares,3146.47,TED,serviço
T00755,666.777.888-95,Fábio Leal,2025-04-29,Bruno Tavares,407.11,TRANSFERÊNCIA,serviço
T00756,666.777.888-95,Fábio Leal,2025-04-29,Gabriela Ramos,3486.18,TRANSFERÊNCIA,compra
T00757,666.777.888-95,Fábio Leal,2025-04-29,Lucas Gouveia,5711.15,TRANSFERÊNCIA,rotina
T00758,666.777.888-95,Fábio Leal,2025-04-29,SIGMA PARTICIPAÇÕES LTDA,7325.96,TED,pagamento
T00759,303.404.505-61,Lucas Gouveia,2025-04-29,Karen Freitas,4353.52,PIX,pagamento
T00760,888.999.000-17,Henrique Paiva,2025-04-29,Elisa Barros,4311.08,TRANSFERÊNCIA,serviço
T00761,999.000.111-28,Isabela Dantas,2025-04-30,Diego Vasconcelos,4305.05,TED,pagamento
T00762,222.333.444-51,Bruno Tavares,2025-04-30,GAMA LOGÍSTICA LTDA,338.55,BOLETO,serviço
T00763,444.555.666-73,Diego Vasconcelos,2025-04-30,ALFA COMÉRCIO LTDA,5198.86,PIX,pagamento
T00764,666.777.888-95,Fábio Leal,2025-04-30,DELTA CONSULTORIA LTDA,7355.47,PIX,compra
T00765,555.666.777-84,Elisa Barros,2025-04-30,Lucas Gouveia,2681.16,TED,serviço
T00766,999.000.111-28,Isabela Dantas,2025-04-30,ÔMEGA EVENTOS ME,4597.85,TRANSFERÊNCIA,pagamento
T00767,101.202.303-49,Jonas Melo,2025-05-01,Gabriela Ramos,4918.08,PIX,compra
T00768,202.303.404-50,Karen Freitas,2025-05-01,Bruno Tavares,2072.04,TED,compra
T00769,999.000.111-28,Isabela Dantas,2025-05-01,Isabela Dantas,1416.64,TRANSFERÊNCIA,pagamento
T00770,999.000.111-28,Isabela Dantas,2025-05-01,Karen Freitas,4913.37,TED,compra
T00771,999.000.111-28,Isabela Dantas,2025-05-01,ÔMEGA EVENTOS ME,7280.54,PIX,pagamento
T00772,777.888.999-06,Gabriela Ramos,2025-05-01,Elisa Barros,859.82,PIX,compra
T00773,555.666.777-84,Elisa Barros,2025-05-02,Bruno Tavares,4485.91,TRANSFERÊNCIA,rotina
T00774,666.777.888-95,Fábio Leal,2025-05-02,Henrique Paiva,5707.89,BOLETO,compra
T00775,555.666.777-84,Elisa Barros,2025-05-02,Gabriela Ramos,2024.7,BOLETO,rotina
T00776,202.303.404-50,Karen Freitas,2025-05-02,Fábio Leal,1172.39,TRANSFERÊNCIA,rotina
T00777,111.222.333-40,Aline Monteiro,2025-05-02,Carla Nogueira,1335.29,TRANSFERÊNCIA,serviço
T00778,111.222.333-40,Aline Monteiro,2025-05-02,Diego Vasconcelos,456.86,PIX,serviço
T00779,222.333.444-51,Bruno Tavares,2025-05-02,Lucas Gouveia,6840.53,TRANSFERÊNCIA,rotina
T00780,111.222.333-40,Aline Monteiro,2025-05-02,ALFA COMÉRCIO LTDA,9936.49,PIX,repasse
T00781,111.222.333-40,Aline Monteiro,2025-05-02,ALFA COMÉRCIO LTDA,9686.05,PIX,repasse
T00782,222.333.444-51,Bruno Tavares,2025-05-02,ALFA COMÉRCIO LTDA,9916.19,PIX,repasse
T00783,999.000.111-28,Isabela Dantas,2025-05-03,ALFA COMÉRCIO LTDA,7825.29,TRANSFERÊNCIA,serviço
T00784,303.404.505-61,Lucas Gouveia,2025-05-03,BETA SERVIÇOS ME,2447.13,TED,compra
T00785,101.202.303-49,Jonas Melo,2025-05-03,Karen Freitas,4390.02,BOLETO,pagamento
T00786,888.999.000-17,Henrique Paiva,2025-05-03,Diego Vasconcelos,3169.28,TED,serviço
T00787,999.000.111-28,Isabela Dantas,2025-05-03,BETA SERVIÇOS ME,4126.4,TED,pagamento
T00788,303.404.505-61,Lucas Gouveia,2025-05-03,BETA SERVIÇOS ME,2125.05,TRANSFERÊNCIA,compra
T00789,444.555.666-73,Diego Vasconcelos,2025-05-03,ALFA COMÉRCIO LTDA,2047.08,PIX,compra
T00790,111.222.333-40,Aline Monteiro,2025-05-03,ALFA COMÉRCIO LTDA,9727.38,PIX,repasse
T00791,111.222.333-40,Aline Monteiro,2025-05-03,ALFA COMÉRCIO LTDA,9887.32,PIX,repasse
T00792,222.333.444-51,Bruno Tavares,2025-05-03,ALFA COMÉRCIO LTDA,9877.28,PIX,repasse
T00793,222.333.444-51,Bruno Tavares,2025-05-03,ALFA COMÉRCIO LTDA,9729.29,PIX,repasse
T00794,333.444.555-62,Carla Nogueira,2025-05-04,SIGMA PARTICIPAÇÕES LTDA,7716.5,TRANSFERÊNCIA,rotina
T00795,101.202.303-49,Jonas Melo,2025-05-04,Karen Freitas,5409.34,TRANSFERÊNCIA,rotina
T00796,202.303.404-50,Karen Freitas,2025-05-04,GAMA LOGÍSTICA LTDA,6274.23,PIX,serviço
T00797,222.333.444-51,Bruno Tavares,2025-05-04,BETA SERVIÇOS ME,1352.69,BOLETO,pagamento
T00798,202.303.404-50,Karen Freitas,2025-05-04,GAMA LOGÍSTICA LTDA,6919.02,TRANSFERÊNCIA,compra
T00799,333.444.555-62,Carla Nogueira,2025-05-04,Henrique Paiva,1363.63,PIX,serviço
T00800,101.202.303-49,Jonas Melo,2025-05-04,Isabela Dantas,4442.51,TRANSFERÊNCIA,rotina
T00801,333.444.555-62,Carla Nogueira,2025-05-05,ALFA COMÉRCIO LTDA,1696.75,PIX,serviço
T00802,555.666.777-84,Elisa Barros,2025-05-05,ÔMEGA EVENTOS ME,1769.25,TED,pagamento
T00803,999.000.111-28,Isabela Dantas,2025-05-05,Lucas Gouveia,6326.4,TRANSFERÊNCIA,compra
T00804,888.999.000-17,Henrique Paiva,2025-05-05,Fábio Leal,6361.78,PIX,pagamento
T00805,333.444.555-62,Carla Nogueira,2025-05-05,GAMA LOGÍSTICA LTDA,2130.05,TED,rotina
T00806,222.333.444-51,Bruno Tavares,2025-05-05,Isabela Dantas,5743.58,TED,serviço
T00807,333.444.555-62,Carla Nogueira,2025-05-05,GAMA LOGÍSTICA LTDA,1952.91,BOLETO,serviço
T00808,303.404.505-61,Lucas Gouveia,2025-05-05,SIGMA PARTICIPAÇÕES LTDA,7641.3,BOLETO,rotina
T00809,666.777.888-95,Fábio Leal,2025-05-06,Isabela Dantas,4808.34,TED,rotina
T00810,333.444.555-62,Carla Nogueira,2025-05-06,Elisa Barros,1578.33,TED,compra
T00811,303.404.505-61,Lucas Gouveia,2025-05-06,Isabela Dantas,6221.21,BOLETO,rotina
T00812,202.303.404-50,Karen Freitas,2025-05-07,Lucas Gouveia,8328.81,BOLETO,rotina
T00813,111.222.333-40,Aline Monteiro,2025-05-07,Karen Freitas,3486.08,TED,compra
T00814,999.000.111-28,Isabela Dantas,2025-05-07,ALFA COMÉRCIO LTDA,766.97,PIX,pagamento
T00815,444.555.666-73,Diego Vasconcelos,2025-05-07,GAMA LOGÍSTICA LTDA,6101.55,PIX,compra
T00816,999.000.111-28,Isabela Dantas,2025-05-07,Bruno Tavares,1961.17,BOLETO,serviço
T00817,777.888.999-06,Gabriela Ramos,2025-05-07,Diego Vasconcelos,6030.67,BOLETO,rotina
T00818,303.404.505-61,Lucas Gouveia,2025-05-07,Isabela Dantas,7710.71,TRANSFERÊNCIA,serviço
T00819,666.777.888-95,Fábio Leal,2025-05-08,Elisa Barros,2745.54,BOLETO,pagamento
T00820,777.888.999-06,Gabriela Ramos,2025-05-08,Diego Vasconcelos,4198.63,PIX,compra
T00821,202.303.404-50,Karen Freitas,2025-05-08,Bruno Tavares,4804.55,TRANSFERÊNCIA,compra
T00822,444.555.666-73,Diego Vasconcelos,2025-05-09,Lucas Gouveia,4445.9,TRANSFERÊNCIA,serviço
T00823,444.555.666-73,Diego Vasconcelos,2025-05-09,SIGMA PARTICIPAÇÕES LTDA,1206.51,TED,compra
T00824,333.444.555-62,Carla Nogueira,2025-05-09,Karen Freitas,5927.16,BOLETO,rotina
T00825,111.222.333-40,Aline Monteiro,2025-05-09,ALFA COMÉRCIO LTDA,9710.1,PIX,repasse
T00826,222.333.444-51,Bruno Tavares,2025-05-09,ALFA COMÉRCIO LTDA,9674.67,PIX,repasse
T00827,111.222.333-40,Aline Monteiro,2025-05-10,Diego Vasconcelos,6212.65,PIX,compra
T00828,444.555.666-73,Diego Vasconcelos,2025-05-10,BETA SERVIÇOS ME,7401.98,PIX,pagamento
T00829,202.303.404-50,Karen Freitas,2025-05-10,DELTA CONSULTORIA LTDA,4682.99,BOLETO,serviço
T00830,202.303.404-50,Karen Freitas,2025-05-10,ÔMEGA EVENTOS ME,6284.39,TRANSFERÊNCIA,rotina
T00831,555.666.777-84,Elisa Barros,2025-05-10,Elisa Barros,7533.98,TRANSFERÊNCIA,compra
T00832,555.666.777-84,Elisa Barros,2025-05-10,Aline Monteiro,696.36,PIX,rotina
T00833,111.222.333-40,Aline Monteiro,2025-05-10,ALFA COMÉRCIO LTDA,9792.48,PIX,repasse
T00834,222.333.444-51,Bruno Tavares,2025-05-10,ALFA COMÉRCIO LTDA,9819.37,PIX,repasse
T00835,444.555.666-73,Diego Vasconcelos,2025-05-11,Gabriela Ramos,877.44,TED,rotina
T00836,222.333.444-51,Bruno Tavares,2025-05-11,ALFA COMÉRCIO LTDA,4522.81,PIX,pagamento
T00837,202.303.404-50,Karen Freitas,2025-05-11,Jonas Melo,2687.49,TED,pagamento
T00838,666.777.888-95,Fábio Leal,2025-05-11,Karen Freitas,6910.04,TRANSFERÊNCIA,compra
T00839,333.444.555-62,Carla Nogueira,2025-05-11,Isabela Dantas,7264.88,BOLETO,rotina
T00840,888.999.000-17,Henrique Paiva,2025-05-11,Elisa Barros,1985.86,TRANSFERÊNCIA,compra
T00841,666.777.888-95,Fábio Leal,2025-05-12,Karen Freitas,816.07,TRANSFERÊNCIA,pagamento
T00842,222.333.444-51,Bruno Tavares,2025-05-12,ALFA COMÉRCIO LTDA,5211.6,TED,compra
T00843,202.303.404-50,Karen Freitas,2025-05-12,Aline Monteiro,5352.11,TED,rotina
T00844,101.202.303-49,Jonas Melo,2025-05-12,GAMA LOGÍSTICA LTDA,1714.71,TRANSFERÊNCIA,compra
T00845,202.303.404-50,Karen Freitas,2025-05-12,ÔMEGA EVENTOS ME,3314.17,PIX,pagamento
T00846,555.666.777-84,Elisa Barros,2025-05-12,Elisa Barros,865.45,PIX,rotina
T00847,888.999.000-17,Henrique Paiva,2025-05-12,Henrique Paiva,815.79,TED,serviço
T00848,101.202.303-49,Jonas Melo,2025-05-12,Isabela Dantas,7684.89,TED,compra
T00849,111.222.333-40,Aline Monteiro,2025-05-13,Bruno Tavares,4506.15,BOLETO,compra
T00850,101.202.303-49,Jonas Melo,2025-05-13,Isabela Dantas,2338.16,PIX,serviço
T00851,101.202.303-49,Jonas Melo,2025-05-13,Gabriela Ramos,2592.28,TRANSFERÊNCIA,serviço
T00852,333.444.555-62,Carla Nogueira,2025-05-14,DELTA CONSULTORIA LTDA,8410.97,TED,rotina
T00853,888.999.000-17,Henrique Paiva,2025-05-14,ALFA COMÉRCIO LTDA,6599.61,TRANSFERÊNCIA,rotina
T00854,202.303.404-50,Karen Freitas,2025-05-14,Diego Vasconcelos,1308.62,TED,serviço
T00855,666.777.888-95,Fábio Leal,2025-05-15,GAMA LOGÍSTICA LTDA,7423.74,TED,rotina
T00856,101.202.303-49,Jonas Melo,2025-05-15,Aline Monteiro,4994.3,BOLETO,pagamento
T00857,666.777.888-95,Fábio Leal,2025-05-15,Henrique Paiva,274.4,BOLETO,serviço
T00858,303.404.505-61,Lucas Gouveia,2025-05-15,SIGMA PARTICIPAÇÕES LTDA,5075.1,BOLETO,serviço
T00859,303.404.505-61,Lucas Gouveia,2025-05-15,GAMA LOGÍSTICA LTDA,4718.17,BOLETO,compra
T00860,444.555.666-73,Diego Vasconcelos,2025-05-15,Diego Vasconcelos,5191.72,TRANSFERÊNCIA,pagamento
T00861,777.888.999-06,Gabriela Ramos,2025-05-15,BETA SERVIÇOS ME,7725.05,TRANSFERÊNCIA,rotina
T00862,555.666.777-84,Elisa Barros,2025-05-15,ÔMEGA EVENTOS ME,3140.56,BOLETO,compra
T00863,202.303.404-50,Karen Freitas,2025-05-16,Jonas Melo,2579.78,TRANSFERÊNCIA,serviço
T00864,444.555.666-73,Diego Vasconcelos,2025-05-16,ÔMEGA EVENTOS ME,4343.39,TRANSFERÊNCIA,pagamento
T00865,888.999.000-17,Henrique Paiva,2025-05-16,Diego Vasconcelos,8443.24,PIX,pagamento
T00866,888.999.000-17,Henrique Paiva,2025-05-16,DELTA CONSULTORIA LTDA,705.01,TRANSFERÊNCIA,pagamento
T00867,101.202.303-49,Jonas Melo,2025-05-16,Elisa Barros,3995.51,PIX,pagamento
T00868,888.999.000-17,Henrique Paiva,2025-05-16,Gabriela Ramos,2232.28,TRANSFERÊNCIA,pagamento
T00869,888.999.000-17,Henrique Paiva,2025-05-16,Lucas Gouveia,6942.8,PIX,compra
T00870,777.888.999-06,Gabriela Ramos,2025-05-16,Jonas Melo,5365.09,BOLETO,rotina
T00871,111.222.333-40,Aline Monteiro,2025-05-16,ALFA COMÉRCIO LTDA,9699.0,PIX,repasse
T00872,111.222.333-40,Aline Monteiro,2025-05-16,ALFA COMÉRCIO LTDA,9960.94,PIX,repasse
T00873,222.333.444-51,Bruno Tavares,2025-05-16,ALFA COMÉRCIO LTDA,9820.87,PIX,repasse
T00874,222.333.444-51,Bruno Tavares,2025-05-16,ALFA COMÉRCIO LTDA,9800.29,PIX,repasse
T00875,222.333.444-51,Bruno Tavares,2025-05-16,ALFA COMÉRCIO LTDA,9774.39,PIX,repasse
T00876,101.202.303-49,Jonas Melo,2025-05-17,Gabriela Ramos,7930.04,TED,rotina
T00877,333.444.555-62,Carla Nogueira,2025-05-17,GAMA LOGÍSTICA LTDA,5240.2,TED,pagamento
T00878,888.999.000-17,Henrique Paiva,2025-05-17,Lucas Gouveia,1909.23,TRANSFERÊNCIA,compra
T00879,777.888.999-06,Gabriela Ramos,2025-05-17,SIGMA PARTICIPAÇÕES LTDA,3818.03,PIX,rotina
T00880,444.555.666-73,Diego Vasconcelos,2025-05-17,Isabela Dantas,2069.08,BOLETO,serviço
T00881,222.333.444-51,Bruno Tavares,2025-05-17,Isabela Dantas,796.52,PIX,compra
T00882,444.555.666-73,Diego Vasconcelos,2025-05-17,Carla Nogueira,5793.17,PIX,serviço
T00883,333.444.555-62,Carla Nogueira,2025-05-18,ÔMEGA EVENTOS ME,3265.42,PIX,rotina
T00884,111.222.333-40,Aline Monteiro,2025-05-18,Gabriela Ramos,1394.02,PIX,pagamento
T00885,888.999.000-17,Henrique Paiva,2025-05-18,GAMA LOGÍSTICA LTDA,259.75,BOLETO,pagamento
T00886,555.666.777-84,Elisa Barros,2025-05-18,Karen Freitas,8292.88,PIX,serviço
T00887,333.444.555-62,Carla Nogueira,2025-05-18,DELTA CONSULTORIA LTDA,418.31,BOLETO,compra
T00888,666.777.888-95,Fábio Leal,2025-05-18,GAMA LOGÍSTICA LTDA,6943.44,PIX,compra
T00889,999.000.111-28,Isabela Dantas,2025-05-18,SIGMA PARTICIPAÇÕES LTDA,548.24,TED,serviço
T00890,222.333.444-51,Bruno Tavares,2025-05-19,Bruno Tavares,7186.37,PIX,pagamento
T00891,666.777.888-95,Fábio Leal,2025-05-19,Diego Vasconcelos,1742.22,TED,compra
T00892,999.000.111-28,Isabela Dantas,2025-05-19,,452.02,PIX,serviço
T00893,333.444.555-62,Carla Nogueira,2025-05-20,Jonas Melo,822.01,TRANSFERÊNCIA,pagamento
T00894,222.333.444-51,Bruno Tavares,2025-05-20,SIGMA PARTICIPAÇÕES LTDA,6733.08,TRANSFERÊNCIA,serviço
T00895,222.333.444-51,Bruno Tavares,2025-05-20,Lucas Gouveia,6020.85,BOLETO,compra
T00896,222.333.444-51,Bruno Tavares,2025-05-20,Henrique Paiva,7295.98,TED,pagamento
T00897,222.333.444-51,Bruno Tavares,2025-05-20,ALFA COMÉRCIO LTDA,1928.45,BOLETO,serviço
T00898,444.555.666-73,Diego Vasconcelos,2025-05-20,Bruno Tavares,683.04,TED,rotina
T00899,101.202.303-49,Jonas Melo,2025-05-21,Lucas Gouveia,4399.95,BOLETO,rotina
T00900,999.000.111-28,Isabela Dantas,2025-05-21,BETA SERVIÇOS ME,7071.94,PIX,rotina
T00901,101.202.303-49,Jonas Melo,2025-05-21,SIGMA PARTICIPAÇÕES LTDA,3050.58,TED,pagamento
T00902,666.777.888-95,Fábio Leal,2025-05-22,ALFA COMÉRCIO LTDA,5931.34,BOLETO,compra
T00903,101.202.303-49,Jonas Melo,2025-05-22,Jonas Melo,7905.54,PIX,rotina
T00904,202.303.404-50,Karen Freitas,2025-05-22,Elisa Barros,3881.68,TRANSFERÊNCIA,serviço
T00905,333.444.555-62,Carla Nogueira,2025-05-22,Lucas Gouveia,6326.94,TRANSFERÊNCIA,compra
T00906,444.555.666-73,Diego Vasconcelos,2025-05-22,ALFA COMÉRCIO LTDA,1124.31,PIX,serviço
T00907,222.333.444-51,Bruno Tavares,2025-05-22,SIGMA PARTICIPAÇÕES LTDA,5071.95,BOLETO,pagamento
T00908,777.888.999-06,Gabriela Ramos,2025-05-23,SIGMA PARTICIPAÇÕES LTDA,6361.91,BOLETO,pagamento
T00909,111.222.333-40,Aline Monteiro,2025-05-23,Karen Freitas,6411.59,BOLETO,pagamento
T00910,111.222.333-40,Aline Monteiro,2025-05-23,SIGMA PARTICIPAÇÕES LTDA,5983.2,PIX,serviço
T00911,666.777.888-95,Fábio Leal,2025-05-23,Carla Nogueira,5639.66,PIX,pagamento
T00912,777.888.999-06,Gabriela Ramos,2025-05-23,DELTA CONSULTORIA LTDA,2905.9,TRANSFERÊNCIA,rotina
T00913,999.000.111-28,Isabela Dantas,2025-05-23,GAMA LOGÍSTICA LTDA,5047.87,TRANSFERÊNCIA,pagamento
T00914,111.222.333-40,Aline Monteiro,2025-05-23,ALFA COMÉRCIO LTDA,9691.62,PIX,repasse
T00915,111.222.333-40,Aline Monteiro,2025-05-23,ALFA COMÉRCIO LTDA,9942.76,PIX,repasse
T00916,111.222.333-40,Aline Monteiro,2025-05-23,ALFA COMÉRCIO LTDA,9701.95,PIX,repasse
T00917,222.333.444-51,Bruno Tavares,2025-05-23,ALFA COMÉRCIO LTDA,9921.74,PIX,repasse
T00918,666.777.888-95,Fábio Leal,2025-05-24,Fábio Leal,4493.36,TRANSFERÊNCIA,pagamento
T00919,222.333.444-51,Bruno Tavares,2025-05-24,Diego Vasconcelos,4052.51,TED,compra
T00920,333.444.555-62,Carla Nogueira,2025-05-24,Henrique Paiva,6926.41,BOLETO,compra
T00921,111.222.333-40,Aline Monteiro,2025-05-24,Diego Vasconcelos,4125.75,TED,rotina
T00922,777.888.999-06,Gabriela Ramos,2025-05-24,Carla Nogueira,2731.82,TRANSFERÊNCIA,serviço
T00923,999.000.111-28,Isabela Dantas,2025-05-24,ALFA COMÉRCIO LTDA,1316.67,PIX,serviço
T00924,111.222.333-40,Aline Monteiro,2025-05-24,ALFA COMÉRCIO LTDA,9938.89,PIX,repasse
T00925,111.222.333-40,Aline Monteiro,2025-05-24,ALFA COMÉRCIO LTDA,9884.93,PIX,repasse
T00926,111.222.333-40,Aline Monteiro,2025-05-24,ALFA COMÉRCIO LTDA,9701.82,PIX,repasse
T00927,222.333.444-51,Bruno Tavares,2025-05-24,ALFA COMÉRCIO LTDA,9787.13,PIX,repasse
T00928,222.333.444-51,Bruno Tavares,2025-05-24,ALFA COMÉRCIO LTDA,9893.8,PIX,repasse
T00929,444.555.666-73,Diego Vasconcelos,2025-05-25,BETA SERVIÇOS ME,1128.9,TRANSFERÊNCIA,rotina
T00930,333.444.555-62,Carla Nogueira,2025-05-25,Aline Monteiro,5148.75,TRANSFERÊNCIA,compra
T00931,666.777.888-95,Fábio Leal,2025-05-25,Karen Freitas,6830.83,TRANSFERÊNCIA,compra
T00932,101.202.303-49,Jonas Melo,2025-05-25,Diego Vasconcelos,6262.99,BOLETO,pagamento
T00933,222.333.444-51,Bruno Tavares,2025-05-25,Diego Vasconcelos,7771.96,PIX,serviço
T00934,555.666.777-84,Elisa Barros,2025-05-25,BETA SERVIÇOS ME,5212.08,TED,compra
T00935,101.202.303-49,Jonas Melo,2025-05-26,Henrique Paiva,2249.6,TED,serviço
T00936,999.000.111-28,Isabela Dantas,2025-05-26,Fábio Leal,1678.6,PIX,serviço
T00937,202.303.404-50,Karen Freitas,2025-05-26,Karen Freitas,3939.95,BOLETO,rotina
T00938,777.888.999-06,Gabriela Ramos,2025-05-27,Carla Nogueira,4840.69,BOLETO,pagamento
T00939,444.555.666-73,Diego Vasconcelos,2025-05-27,Gabriela Ramos,5519.52,BOLETO,pagamento
T00940,222.333.444-51,Bruno Tavares,2025-05-27,Isabela Dantas,6815.84,BOLETO,serviço
T00941,333.444.555-62,Carla Nogueira,2025-05-27,ALFA COMÉRCIO LTDA,2445.29,TRANSFERÊNCIA,compra
T00942,111.222.333-40,Aline Monteiro,2025-05-27,BETA SERVIÇOS ME,7532.93,TED,compra
T00943,303.404.505-61,Lucas Gouveia,2025-05-27,Bruno Tavares,4714.87,BOLETO,rotina
T00944,555.666.777-84,Elisa Barros,2025-05-27,Aline Monteiro,4540.2,BOLETO,compra
T00945,202.303.404-50,Karen Freitas,2025-05-28,ALFA COMÉRCIO LTDA,2197.41,PIX,serviço
T00946,555.666.777-84,Elisa Barros,2025-05-28,Fábio Leal,997.34,TED,compra
T00947,111.222.333-40,Aline Monteiro,2025-05-28,ALFA COMÉRCIO LTDA,741.58,BOLETO,rotina
T00948,444.555.666-73,Diego Vasconcelos,2025-05-29,SIGMA PARTICIPAÇÕES LTDA,6325.25,PIX,pagamento
T00949,111.222.333-40,Aline Monteiro,2025-05-29,Henrique Paiva,2715.26,TRANSFERÊNCIA,rotina
T00950,333.444.555-62,Carla Nogueira,2025-05-29,DELTA CONSULTORIA LTDA,7107.8,TED,compra
T00951,666.777.888-95,Fábio Leal,2025-05-29,ALFA COMÉRCIO LTDA,670.8,PIX,pagamento
T00952,101.202.303-49,Jonas Melo,2025-05-29,ÔMEGA EVENTOS ME,7492.33,TRANSFERÊNCIA,serviço
T00953,888.999.000-17,Henrique Paiva,2025-05-29,Aline Monteiro,6076.39,PIX,pagamento
T00954,555.666.777-84,Elisa Barros,2025-05-29,Henrique Paiva,1387.44,PIX,rotina
T00955,777.888.999-06,Gabriela Ramos,2025-05-29,Isabela Dantas,2347.63,TED,rotina
T00956,303.404.505-61,Lucas Gouveia,2025-05-30,Karen Freitas,6871.82,TRANSFERÊNCIA,rotina
T00957,111.222.333-40,Aline Monteiro,2025-05-30,Gabriela Ramos,7772.38,TRANSFERÊNCIA,rotina
T00958,202.303.404-50,Karen Freitas,2025-05-30,DELTA CONSULTORIA LTDA,4939.78,TRANSFERÊNCIA,pagamento
T00959,333.444.555-62,Carla Nogueira,2025-05-31,Isabela Dantas,3823.9,TRANSFERÊNCIA,rotina
T00960,555.666.777-84,Elisa Barros,2025-05-31,Jonas Melo,3040.93,PIX,pagamento
T00961,666.777.888-95,Fábio Leal,2025-05-31,Fábio Leal,4721.66,BOLETO,serviço
T00962,666.777.888-95,Fábio Leal,2025-05-31,Karen Freitas,8064.77,BOLETO,rotina
T00963,666.777.888-95,Fábio Leal,2025-05-31,Carla Nogueira,4613.45,PIX,pagamento
T00964,555.666.777-84,Elisa Barros,2025-05-31,Jonas Melo,2706.28,TRANSFERÊNCIA,serviço
T00965,111.222.333-40,Aline Monteiro,2025-05-31,DELTA CONSULTORIA LTDA,7179.29,TRANSFERÊNCIA,serviço
T00966,111.222.333-40,Aline Monteiro,2025-05-31,ALFA COMÉRCIO LTDA,9948.62,PIX,repasse
T00967,111.222.333-40,Aline Monteiro,2025-05-31,ALFA COMÉRCIO LTDA,9930.04,PIX,repasse
T00968,222.333.444-51,Bruno Tavares,2025-05-31,ALFA COMÉRCIO LTDA,9881.79,PIX,repasse
T00969,222.333.444-51,Bruno Tavares,2025-05-31,,9796.51,PIX,repasse
T00970,222.333.444-51,Bruno Tavares,2025-05-31,ALFA COMÉRCIO LTDA,9670.69,PIX,repasse
T00971,303.404.505-61,Lucas Gouveia,2025-06-01,Henrique Paiva,2339.57,TRANSFERÊNCIA,serviço
T00972,222.333.444-51,Bruno Tavares,2025-06-01,Bruno Tavares,1411.94,TED,compra
T00973,888.999.000-17,Henrique Paiva,2025-06-01,Diego Vasconcelos,1514.42,TRANSFERÊNCIA,rotina
T00974,303.404.505-61,Lucas Gouveia,2025-06-01,Isabela Dantas,923.34,TED,rotina
T00975,999.000.111-28,Isabela Dantas,2025-06-01,Diego Vasconcelos,7789.31,TED,rotina
T00976,444.555.666-73,Diego Vasconcelos,2025-06-02,DELTA CONSULTORIA LTDA,6594.04,PIX,serviço
T00977,202.303.404-50,Karen Freitas,2025-06-02,Henrique Paiva,1860.27,PIX,pagamento
T00978,333.444.555-62,Carla Nogueira,2025-06-02,GAMA LOGÍSTICA LTDA,998.76,TED,serviço
T00979,777.888.999-06,Gabriela Ramos,2025-06-02,GAMA LOGÍSTICA LTDA,7171.68,TRANSFERÊNCIA,pagamento
T00980,555.666.777-84,Elisa Barros,2025-06-02,Jonas Melo,6646.49,TRANSFERÊNCIA,compra
T00981,777.888.999-06,Gabriela Ramos,2025-06-02,ÔMEGA EVENTOS ME,2247.32,PIX,serviço
T00982,222.333.444-51,Bruno Tavares,2025-06-03,Bruno Tavares,3170.78,PIX,serviço
T00983,888.999.000-17,Henrique Paiva,2025-06-03,Bruno Tavares,8030.78,BOLETO,serviço
T00984,888.999.000-17,Henrique Paiva,2025-06-03,Carla Nogueira,2363.94,BOLETO,pagamento
T00985,101.202.303-49,Jonas Melo,2025-06-03,Carla Nogueira,3005.54,TRANSFERÊNCIA,rotina
T00986,777.888.999-06,Gabriela Ramos,2025-06-04,DELTA CONSULTORIA LTDA,6466.1,TED,pagamento
T00987,777.888.999-06,Gabriela Ramos,2025-06-04,Lucas Gouveia,8233.48,PIX,compra
T00988,303.404.505-61,Lucas Gouveia,2025-06-04,Lucas Gouveia,797.73,TED,pagamento
T00989,101.202.303-49,Jonas Melo,2025-06-04,ÔMEGA EVENTOS ME,7273.71,BOLETO,serviço
T00990,666.777.888-95,Fábio Leal,2025-06-05,Aline Monteiro,3879.01,PIX,serviço
T00991,101.202.303-49,Jonas Melo,2025-06-05,ALFA COMÉRCIO LTDA,1789.89,TRANSFERÊNCIA,compra
T00992,101.202.303-49,Jonas Melo,2025-06-05,ALFA COMÉRCIO LTDA,7303.82,TRANSFERÊNCIA,compra
T00993,777.888.999-06,Gabriela Ramos,2025-06-06,ALFA COMÉRCIO LTDA,1361.76,BOLETO,rotina
T00994,202.303.404-50,Karen Freitas,2025-06-06,GAMA LOGÍSTICA LTDA,8322.09,PIX,pagamento
T00995,333.444.555-62,Carla Nogueira,2025-06-06,Aline Monteiro,5659.83,TED,compra
T00996,111.222.333-40,Aline Monteiro,2025-06-06,ALFA COMÉRCIO LTDA,9686.19,PIX,repasse
T00997,111.222.333-40,Aline Monteiro,2025-06-06,ALFA COMÉRCIO LTDA,9799.33,PIX,repasse
T00998,222.333.444-51,Bruno Tavares,2025-06-06,ALFA COMÉRCIO LTDA,9791.6,PIX,repasse
T00999,222.333.444-51,Bruno Tavares,2025-06-06,ALFA COMÉRCIO LTDA,9948.8,PIX,repasse
T01000,111.222.333-40,Aline Monteiro,2025-06-07,Isabela Dantas,6591.56,PIX,rotina
T01001,888.999.000-17,Henrique Paiva,2025-06-07,Gabriela Ramos,2900.46,TED,pagamento
T01002,333.444.555-62,Carla Nogueira,2025-06-07,Bruno Tavares,8404.27,TED,rotina
T01003,222.333.444-51,Bruno Tavares,2025-06-07,Gabriela Ramos,2952.71,BOLETO,compra
T01004,101.202.303-49,Jonas Melo,2025-06-07,Elisa Barros,3830.23,TED,pagamento
T01005,222.333.444-51,Bruno Tavares,2025-06-07,Jonas Melo,8352.44,BOLETO,rotina
T01006,111.222.333-40,Aline Monteiro,2025-06-07,,9713.95,PIX,repasse
T01007,111.222.333-40,Aline Monteiro,2025-06-07,ALFA COMÉRCIO LTDA,9923.69,PIX,repasse
T01008,222.333.444-51,Bruno Tavares,2025-06-07,ALFA COMÉRCIO LTDA,9885.68,PIX,repasse
T01009,222.333.444-51,Bruno Tavares,2025-06-07,ALFA COMÉRCIO LTDA,9922.42,PIX,repasse
T01010,222.333.444-51,Bruno Tavares,2025-06-07,ALFA COMÉRCIO LTDA,9725.12,PIX,repasse
T01011,303.404.505-61,Lucas Gouveia,2025-06-08,SIGMA PARTICIPAÇÕES LTDA,6457.78,TED,compra
T01012,888.999.000-17,Henrique Paiva,2025-06-08,Carla Nogueira,2693.86,TRANSFERÊNCIA,pagamento
T01013,555.666.777-84,Elisa Barros,2025-06-08,DELTA CONSULTORIA LTDA,6594.56,PIX,pagamento
T01014,888.999.000-17,Henrique Paiva,2025-06-08,GAMA LOGÍSTICA LTDA,6159.38,TED,compra
T01015,333.444.555-62,Carla Nogueira,2025-06-08,DELTA CONSULTORIA LTDA,8319.29,BOLETO,pagamento
T01016,666.777.888-95,Fábio Leal,2025-06-08,Bruno Tavares,1424.64,TRANSFERÊNCIA,rotina
T01017,202.303.404-50,Karen Freitas,2025-06-09,Elisa Barros,3365.68,BOLETO,pagamento
T01018,555.666.777-84,Elisa Barros,2025-06-09,Jonas Melo,8012.55,BOLETO,serviço
T01019,777.888.999-06,Gabriela Ramos,2025-06-09,Isabela Dantas,5649.11,TRANSFERÊNCIA,rotina
T01020,666.777.888-95,Fábio Leal,2025-06-09,BETA SERVIÇOS ME,2990.98,BOLETO,pagamento
T01021,111.222.333-40,Aline Monteiro,2025-06-09,Bruno Tavares,7262.19,PIX,pagamento
T01022,202.303.404-50,Karen Freitas,2025-06-09,Henrique Paiva,5833.42,TRANSFERÊNCIA,rotina
T01023,101.202.303-49,Jonas Melo,2025-06-09,Elisa Barros,7243.84,PIX,compra
T01024,666.777.888-95,Fábio Leal,2025-06-10,Jonas Melo,3518.68,PIX,rotina
T01025,202.303.404-50,Karen Freitas,2025-06-10,Diego Vasconcelos,6925.78,PIX,serviço
T01026,202.303.404-50,Karen Freitas,2025-06-10,Henrique Paiva,5058.16,BOLETO,compra
T01027,101.202.303-49,Jonas Melo,2025-06-10,Diego Vasconcelos,1263.88,TED,serviço
T01028,333.444.555-62,Carla Nogueira,2025-06-10,Henrique Paiva,6682.62,TRANSFERÊNCIA,compra
T01029,999.000.111-28,Isabela Dantas,2025-06-10,BETA SERVIÇOS ME,2528.07,PIX,serviço
T01030,555.666.777-84,Elisa Barros,2025-06-10,SIGMA PARTICIPAÇÕES LTDA,2246.48,BOLETO,serviço
T01031,111.222.333-40,Aline Monteiro,2025-06-11,Henrique Paiva,7960.38,TRANSFERÊNCIA,serviço
T01032,999.000.111-28,Isabela Dantas,2025-06-11,ÔMEGA EVENTOS ME,2697.1,TRANSFERÊNCIA,pagamento
T01033,666.777.888-95,Fábio Leal,2025-06-11,Elisa Barros,1259.86,PIX,compra
T01034,999.000.111-28,Isabela Dantas,2025-06-11,SIGMA PARTICIPAÇÕES LTDA,1392.86,TED,compra
T01035,444.555.666-73,Diego Vasconcelos,2025-06-11,Diego Vasconcelos,2831.45,TED,rotina
T01036,101.202.303-49,Jonas Melo,2025-06-11,Fábio Leal,1382.27,PIX,pagamento
T01037,777.888.999-06,Gabriela Ramos,2025-06-11,Gabriela Ramos,5253.28,TED,serviço
T01038,777.888.999-06,Gabriela Ramos,2025-06-11,Elisa Barros,5000.66,PIX,rotina
T01039,888.999.000-17,Henrique Paiva,2025-06-12,SIGMA PARTICIPAÇÕES LTDA,4749.04,TRANSFERÊNCIA,rotina
T01040,777.888.999-06,Gabriela Ramos,2025-06-12,GAMA LOGÍSTICA LTDA,4154.19,TRANSFERÊNCIA,compra
T01041,444.555.666-73,Diego Vasconcelos,2025-06-12,Henrique Paiva,6389.8,PIX,pagamento
T01042,222.333.444-51,Bruno Tavares,2025-06-12,SIGMA PARTICIPAÇÕES LTDA,1114.36,TED,serviço
T01043,888.999.000-17,Henrique Paiva,2025-06-12,GAMA LOGÍSTICA LTDA,3604.55,TRANSFERÊNCIA,pagamento
T01044,333.444.555-62,Carla Nogueira,2025-06-13,ÔMEGA EVENTOS ME,6726.49,BOLETO,compra
T01045,777.888.999-06,Gabriela Ramos,2025-06-13,Carla Nogueira,1966.47,BOLETO,serviço
T01046,333.444.555-62,Carla Nogueira,2025-06-13,Jonas Melo,2272.19,TRANSFERÊNCIA,pagamento
T01047,444.555.666-73,Diego Vasconcelos,2025-06-13,BETA SERVIÇOS ME,6262.37,TED,rotina
T01048,111.222.333-40,Aline Monteiro,2025-06-13,ALFA COMÉRCIO LTDA,9960.49,PIX,repasse
T01049,111.222.333-40,Aline Monteiro,2025-06-13,ALFA COMÉRCIO LTDA,9706.24,PIX,repasse
T01050,111.222.333-40,Aline Monteiro,2025-06-13,ALFA COMÉRCIO LTDA,9703.38,PIX,repasse
T01051,222.333.444-51,Bruno Tavares,2025-06-13,ALFA COMÉRCIO LTDA,9959.89,PIX,repasse
T01052,222.333.444-51,Bruno Tavares,2025-06-13,ALFA COMÉRCIO LTDA,9971.28,PIX,repasse
T01053,222.333.444-51,Bruno Tavares,2025-06-13,ALFA COMÉRCIO LTDA,9878.56,PIX,repasse
T01054,333.444.555-62,Carla Nogueira,2025-06-14,Jonas Melo,5003.42,PIX,compra
T01055,777.888.999-06,Gabriela Ramos,2025-06-14,Bruno Tavares,6619.06,TRANSFERÊNCIA,rotina
T01056,202.303.404-50,Karen Freitas,2025-06-14,Carla Nogueira,1811.98,BOLETO,pagamento
T01057,111.222.333-40,Aline Monteiro,2025-06-14,GAMA LOGÍSTICA LTDA,74500,TED,aporte extraordinário
T01058,888.999.000-17,Henrique Paiva,2025-06-15,Fábio Leal,284.18,PIX,pagamento
T01059,111.222.333-40,Aline Monteiro,2025-06-15,Fábio Leal,3027.1,PIX,pagamento
T01060,555.666.777-84,Elisa Barros,2025-06-15,Karen Freitas,3421.74,TED,rotina
T01061,777.888.999-06,Gabriela Ramos,2025-06-15,Gabriela Ramos,4064.35,BOLETO,rotina
T01062,111.222.333-40,Aline Monteiro,2025-06-15,ALFA COMÉRCIO LTDA,6129.0,TED,compra
T01063,333.444.555-62,Carla Nogueira,2025-06-15,Elisa Barros,3311.17,TRANSFERÊNCIA,serviço
T01064,111.222.333-40,Aline Monteiro,2025-06-15,Elisa Barros,8044.52,TRANSFERÊNCIA,rotina
T01065,444.555.666-73,Diego Vasconcelos,2025-06-15,Carla Nogueira,1802.28,TRANSFERÊNCIA,pagamento
T01066,202.303.404-50,Karen Freitas,2025-06-16,Diego Vasconcelos,1481.18,TED,compra
T01067,333.444.555-62,Carla Nogueira,2025-06-16,ÔMEGA EVENTOS ME,4865.06,BOLETO,serviço
T01068,999.000.111-28,Isabela Dantas,2025-06-16,DELTA CONSULTORIA LTDA,5606.59,TED,pagamento
T01069,303.404.505-61,Lucas Gouveia,2025-06-17,Elisa Barros,6962.99,BOLETO,pagamento
T01070,777.888.999-06,Gabriela Ramos,2025-06-17,Bruno Tavares,3689.01,TRANSFERÊNCIA,rotina
T01071,222.333.444-51,Bruno Tavares,2025-06-17,GAMA LOGÍSTICA LTDA,1063.56,PIX,rotina
T01072,222.333.444-51,Bruno Tavares,2025-06-17,ÔMEGA EVENTOS ME,2201.96,PIX,compra
T01073,111.222.333-40,Aline Monteiro,2025-06-17,Fábio Leal,3017.88,TED,pagamento
T01074,555.666.777-84,Elisa Barros,2025-06-17,BETA SERVIÇOS ME,5174.47,BOLETO,rotina
T01075,999.000.111-28,Isabela Dantas,2025-06-17,Henrique Paiva,6814.63,TRANSFERÊNCIA,serviço
T01076,202.303.404-50,Karen Freitas,2025-06-17,Henrique Paiva,8196.07,BOLETO,rotina
T01077,111.222.333-40,Aline Monteiro,2025-06-18,Elisa Barros,7903.09,BOLETO,rotina
T01078,101.202.303-49,Jonas Melo,2025-06-18,Jonas Melo,6959.05,PIX,serviço
T01079,111.222.333-40,Aline Monteiro,2025-06-18,Fábio Leal,912.14,TED,compra
T01080,222.333.444-51,Bruno Tavares,2025-06-18,Elisa Barros,7965.45,TRANSFERÊNCIA,pagamento
T01081,888.999.000-17,Henrique Paiva,2025-06-18,BETA SERVIÇOS ME,1568.96,TRANSFERÊNCIA,rotina
T01082,333.444.555-62,Carla Nogueira,2025-06-18,SIGMA PARTICIPAÇÕES LTDA,6323.31,TRANSFERÊNCIA,rotina
T01083,202.303.404-50,Karen Freitas,2025-06-19,Fábio Leal,6091.26,TED,serviço
T01084,101.202.303-49,Jonas Melo,2025-06-19,Carla Nogueira,2967.99,TRANSFERÊNCIA,serviço
T01085,999.000.111-28,Isabela Dantas,2025-06-19,ÔMEGA EVENTOS ME,4973.27,PIX,rotina
T01086,101.202.303-49,Jonas Melo,2025-06-19,Elisa Barros,4687.88,PIX,pagamento
T01087,303.404.505-61,Lucas Gouveia,2025-06-19,DELTA CONSULTORIA LTDA,3664.93,BOLETO,serviço
T01088,202.303.404-50,Karen Freitas,2025-06-19,Elisa Barros,1907.81,PIX,serviço
T01089,777.888.999-06,Gabriela Ramos,2025-06-20,Fábio Leal,6671.55,TRANSFERÊNCIA,serviço
T01090,999.000.111-28,Isabela Dantas,2025-06-20,ÔMEGA EVENTOS ME,1042.66,PIX,rotina
T01091,444.555.666-73,Diego Vasconcelos,2025-06-20,SIGMA PARTICIPAÇÕES LTDA,5633.16,TED,rotina
T01092,555.666.777-84,Elisa Barros,2025-06-21,Diego Vasconcelos,7358.6,TRANSFERÊNCIA,serviço
T01093,444.555.666-73,Diego Vasconcelos,2025-06-21,Jonas Melo,5604.93,BOLETO,rotina
T01094,777.888.999-06,Gabriela Ramos,2025-06-21,Carla Nogueira,5686.2,TED,pagamento
T01095,111.222.333-40,Aline Monteiro,2025-06-21,ALFA COMÉRCIO LTDA,9905.81,PIX,repasse
T01096,111.222.333-40,Aline Monteiro,2025-06-21,ALFA COMÉRCIO LTDA,9726.08,PIX,repasse
T01097,111.222.333-40,Aline Monteiro,2025-06-21,ALFA COMÉRCIO LTDA,9722.59,PIX,repasse
T01098,222.333.444-51,Bruno Tavares,2025-06-21,ALFA COMÉRCIO LTDA,9704.35,PIX,repasse
T01099,777.888.999-06,Gabriela Ramos,2025-06-22,Isabela Dantas,3636.51,BOLETO,compra
T01100,202.303.404-50,Karen Freitas,2025-06-22,ALFA COMÉRCIO LTDA,3318.64,BOLETO,pagamento
T01101,303.404.505-61,Lucas Gouveia,2025-06-22,Jonas Melo,5248.94,TRANSFERÊNCIA,pagamento
T01102,111.222.333-40,Aline Monteiro,2025-06-22,Carla Nogueira,4690.78,BOLETO,rotina
T01103,666.777.888-95,Fábio Leal,2025-06-22,GAMA LOGÍSTICA LTDA,3549.4,BOLETO,compra
T01104,999.000.111-28,Isabela Dantas,2025-06-22,DELTA CONSULTORIA LTDA,4966.25,PIX,serviço
T01105,101.202.303-49,Jonas Melo,2025-06-22,BETA SERVIÇOS ME,614.39,PIX,serviço
T01106,555.666.777-84,Elisa Barros,2025-06-22,Carla Nogueira,7650.51,PIX,serviço
T01107,333.444.555-62,Carla Nogueira,2025-06-23,Diego Vasconcelos,4923.03,BOLETO,compra
T01108,777.888.999-06,Gabriela Ramos,2025-06-23,DELTA CONSULTORIA LTDA,7576.93,TED,serviço
T01109,555.666.777-84,Elisa Barros,2025-06-23,ÔMEGA EVENTOS ME,3588.85,BOLETO,pagamento
T01110,303.404.505-61,Lucas Gouveia,2025-06-23,Jonas Melo,1422.03,TRANSFERÊNCIA,serviço
T01111,202.303.404-50,Karen Freitas,2025-06-23,Gabriela Ramos,1484.16,TRANSFERÊNCIA,compra
T01112,222.333.444-51,Bruno Tavares,2025-06-23,Lucas Gouveia,6957.59,PIX,serviço
T01113,666.777.888-95,Fábio Leal,2025-06-23,BETA SERVIÇOS ME,855.74,PIX,rotina
T01114,333.444.555-62,Carla Nogueira,2025-06-23,Aline Monteiro,2868.99,PIX,pagamento
T01115,101.202.303-49,Jonas Melo,2025-06-24,DELTA CONSULTORIA LTDA,6467.99,TRANSFERÊNCIA,rotina
T01116,303.404.505-61,Lucas Gouveia,2025-06-24,Isabela Dantas,7100.14,PIX,rotina
T01117,303.404.505-61,Lucas Gouveia,2025-06-24,GAMA LOGÍSTICA LTDA,2515.38,BOLETO,compra
T01118,101.202.303-49,Jonas Melo,2025-06-24,Gabriela Ramos,7046.19,TRANSFERÊNCIA,serviço
T01119,333.444.555-62,Carla Nogueira,2025-06-24,Elisa Barros,4745.2,TRANSFERÊNCIA,compra
T01120,111.222.333-40,Aline Monteiro,2025-06-24,GAMA LOGÍSTICA LTDA,6733.47,TRANSFERÊNCIA,pagamento
T01121,999.000.111-28,Isabela Dantas,2025-06-25,Elisa Barros,230.19,TRANSFERÊNCIA,serviço
T01122,555.666.777-84,Elisa Barros,2025-06-25,Gabriela Ramos,4240.59,TED,pagamento
T01123,888.999.000-17,Henrique Paiva,2025-06-25,Fábio Leal,1486.23,TED,serviço
T01124,555.666.777-84,Elisa Barros,2025-06-25,Gabriela Ramos,8173.69,TED,rotina
T01125,777.888.999-06,Gabriela Ramos,2025-06-25,ÔMEGA EVENTOS ME,3356.14,TED,pagamento
T01126,888.999.000-17,Henrique Paiva,2025-06-25,Lucas Gouveia,4000.93,PIX,pagamento
T01127,111.222.333-40,Aline Monteiro,2025-06-25,Isabela Dantas,6968.51,PIX,rotina
T01128,333.444.555-62,Carla Nogueira,2025-06-25,Carla Nogueira,7133.35,TED,rotina
T01129,777.888.999-06,Gabriela Ramos,2025-06-26,Carla Nogueira,4224.07,TRANSFERÊNCIA,serviço
T01130,222.333.444-51,Bruno Tavares,2025-06-26,SIGMA PARTICIPAÇÕES LTDA,1335.05,PIX,pagamento
T01131,666.777.888-95,Fábio Leal,2025-06-26,BETA SERVIÇOS ME,4172.68,TRANSFERÊNCIA,pagamento
T01132,111.222.333-40,Aline Monteiro,2025-06-26,Diego Vasconcelos,7814.86,PIX,pagamento
T01133,111.222.333-40,Aline Monteiro,2025-06-27,Diego Vasconcelos,4528.2,PIX,compra
T01134,202.303.404-50,Karen Freitas,2025-06-27,Henrique Paiva,8298.97,PIX,rotina
T01135,202.303.404-50,Karen Freitas,2025-06-27,Karen Freitas,7784.33,PIX,serviço
T01136,101.202.303-49,Jonas Melo,2025-06-27,ALFA COMÉRCIO LTDA,6061.63,TED,rotina
T01137,333.444.555-62,Carla Nogueira,2025-06-27,Jonas Melo,1586.9,TED,rotina
T01138,999.000.111-28,Isabela Dantas,2025-06-27,Bruno Tavares,2024.63,PIX,rotina
T01139,222.333.444-51,Bruno Tavares,2025-06-27,ALFA COMÉRCIO LTDA,6818.7,TRANSFERÊNCIA,compra
T01140,888.999.000-17,Henrique Paiva,2025-06-28,Gabriela Ramos,4578.74,TRANSFERÊNCIA,rotina
T01141,888.999.000-17,Henrique Paiva,2025-06-28,Bruno Tavares,6597.99,PIX,pagamento
T01142,222.333.444-51,Bruno Tavares,2025-06-28,Gabriela Ramos,483.74,BOLETO,pagamento
T01143,333.444.555-62,Carla Nogueira,2025-06-28,Carla Nogueira,2698.41,PIX,compra
T01144,111.222.333-40,Aline Monteiro,2025-06-28,ALFA COMÉRCIO LTDA,9702.02,PIX,repasse
T01145,222.333.444-51,Bruno Tavares,2025-06-28,ALFA COMÉRCIO LTDA,9969.76,PIX,repasse
T01146,222.333.444-51,Bruno Tavares,2025-06-28,ALFA COMÉRCIO LTDA,9921.54,PIX,repasse
T01147,101.202.303-49,Jonas Melo,2025-06-29,Elisa Barros,5139.55,TRANSFERÊNCIA,pagamento
T01148,444.555.666-73,Diego Vasconcelos,2025-06-29,Karen Freitas,3169.93,PIX,compra
T01149,777.888.999-06,Gabriela Ramos,2025-06-29,Bruno Tavares,8355.74,PIX,pagamento
T01150,222.333.444-51,Bruno Tavares,2025-06-29,Gabriela Ramos,5306.86,TRANSFERÊNCIA,rotina
T01151,202.303.404-50,Karen Freitas,2025-06-29,Henrique Paiva,1348.59,PIX,pagamento
T01152,555.666.777-84,Elisa Barros,2025-06-29,ÔMEGA EVENTOS ME,8463.09,BOLETO,pagamento
T01153,999.000.111-28,Isabela Dantas,2025-06-30,Aline Monteiro,6282.34,TRANSFERÊNCIA,compra
T01154,666.777.888-95,Fábio Leal,2025-06-30,Isabela Dantas,2226.16,BOLETO,pagamento
T01155,777.888.999-06,Gabriela Ramos,2025-06-30,SIGMA PARTICIPAÇÕES LTDA,2461.78,PIX,pagamento
T01156,777.888.999-06,Gabriela Ramos,2025-06-30,Isabela Dantas,1484.1,BOLETO,compra
T01157,333.444.555-62,Carla Nogueira,2025-07-01,Henrique Paiva,5098.59,TRANSFERÊNCIA,serviço
T01158,999.000.111-28,Isabela Dantas,2025-07-01,ÔMEGA EVENTOS ME,7526.71,TED,serviço
T01159,888.999.000-17,Henrique Paiva,2025-07-01,Carla Nogueira,4511.81,BOLETO,pagamento
T01160,222.333.444-51,Bruno Tavares,2025-07-02,GAMA LOGÍSTICA LTDA,1731.94,TED,rotina
T01161,999.000.111-28,Isabela Dantas,2025-07-02,Fábio Leal,3903.76,BOLETO,serviço
T01162,303.404.505-61,Lucas Gouveia,2025-07-02,Fábio Leal,6078.48,BOLETO,serviço
T01163,333.444.555-62,Carla Nogueira,2025-07-02,Fábio Leal,4917.94,PIX,pagamento
T01164,222.333.444-51,Bruno Tavares,2025-07-02,GAMA LOGÍSTICA LTDA,5014.91,TRANSFERÊNCIA,serviço
T01165,999.000.111-28,Isabela Dantas,2025-07-02,SIGMA PARTICIPAÇÕES LTDA,293.83,TED,rotina
T01166,777.888.999-06,Gabriela Ramos,2025-07-02,Karen Freitas,504.0,TED,compra
T01167,777.888.999-06,Gabriela Ramos,2025-07-02,SIGMA PARTICIPAÇÕES LTDA,5441.16,TRANSFERÊNCIA,compra
T01168,333.444.555-62,Carla Nogueira,2025-07-03,Diego Vasconcelos,2959.44,PIX,compra
T01169,303.404.505-61,Lucas Gouveia,2025-07-03,Gabriela Ramos,2035.08,PIX,rotina
T01170,999.000.111-28,Isabela Dantas,2025-07-03,Henrique Paiva,2434.01,BOLETO,pagamento
T01171,999.000.111-28,Isabela Dantas,2025-07-04,GAMA LOGÍSTICA LTDA,1763.69,TRANSFERÊNCIA,serviço
T01172,777.888.999-06,Gabriela Ramos,2025-07-04,Carla Nogueira,1406.28,TRANSFERÊNCIA,compra
T01173,666.777.888-95,Fábio Leal,2025-07-04,Gabriela Ramos,3297.91,BOLETO,pagamento
T01174,101.202.303-49,Jonas Melo,2025-07-04,Fábio Leal,784.68,PIX,serviço
T01175,999.000.111-28,Isabela Dantas,2025-07-04,Jonas Melo,1716.03,TRANSFERÊNCIA,rotina
T01176,111.222.333-40,Aline Monteiro,2025-07-04,Gabriela Ramos,3665.43,TED,pagamento
T01177,555.666.777-84,Elisa Barros,2025-07-04,Karen Freitas,7832.59,BOLETO,compra
T01178,666.777.888-95,Fábio Leal,2025-07-04,Jonas Melo,5743.77,PIX,pagamento
T01179,111.222.333-40,Aline Monteiro,2025-07-04,ALFA COMÉRCIO LTDA,9689.49,PIX,repasse
T01180,222.333.444-51,Bruno Tavares,2025-07-04,ALFA COMÉRCIO LTDA,9671.09,PIX,repasse
T01181,222.333.444-51,Bruno Tavares,2025-07-04,ALFA COMÉRCIO LTDA,9926.01,PIX,repasse
T01182,666.777.888-95,Fábio Leal,2025-07-05,SIGMA PARTICIPAÇÕES LTDA,6348.4,PIX,compra
T01183,202.303.404-50,Karen Freitas,2025-07-05,BETA SERVIÇOS ME,7741.24,PIX,rotina
T01184,999.000.111-28,Isabela Dantas,2025-07-05,Karen Freitas,4614.83,PIX,serviço
T01185,666.777.888-95,Fábio Leal,2025-07-05,Lucas Gouveia,195.57,TRANSFERÊNCIA,compra
T01186,111.222.333-40,Aline Monteiro,2025-07-05,GAMA LOGÍSTICA LTDA,2187.76,BOLETO,rotina
T01187,111.222.333-40,Aline Monteiro,2025-07-05,ALFA COMÉRCIO LTDA,9971.37,PIX,repasse
T01188,111.222.333-40,Aline Monteiro,2025-07-05,ALFA COMÉRCIO LTDA,9963.13,PIX,repasse
T01189,111.222.333-40,Aline Monteiro,2025-07-05,ALFA COMÉRCIO LTDA,9689.22,PIX,repasse
T01190,222.333.444-51,Bruno Tavares,2025-07-05,ALFA COMÉRCIO LTDA,9879.2,PIX,repasse
T01191,222.333.444-51,Bruno Tavares,2025-07-05,ALFA COMÉRCIO LTDA,9800.13,PIX,repasse
T01192,222.333.444-51,Bruno Tavares,2025-07-05,ALFA COMÉRCIO LTDA,9679.36,PIX,repasse
T01193,101.202.303-49,Jonas Melo,2025-07-06,Isabela Dantas,5255.79,PIX,rotina
T01194,888.999.000-17,Henrique Paiva,2025-07-06,Elisa Barros,6873.35,BOLETO,pagamento
T01195,111.222.333-40,Aline Monteiro,2025-07-06,ALFA COMÉRCIO LTDA,3353.18,TRANSFERÊNCIA,serviço
T01196,303.404.505-61,Lucas Gouveia,2025-07-06,Bruno Tavares,5839.23,TRANSFERÊNCIA,compra
T01197,777.888.999-06,Gabriela Ramos,2025-07-06,DELTA CONSULTORIA LTDA,2960.99,TRANSFERÊNCIA,serviço
T01198,999.000.111-28,Isabela Dantas,2025-07-06,Fábio Leal,6328.09,BOLETO,serviço
T01199,777.888.999-06,Gabriela Ramos,2025-07-06,Gabriela Ramos,3957.44,PIX,compra
T01200,777.888.999-06,Gabriela Ramos,2025-07-07,Isabela Dantas,8443.78,BOLETO,pagamento
T01201,202.303.404-50,Karen Freitas,2025-07-07,Carla Nogueira,5550.99,TRANSFERÊNCIA,rotina
T01202,999.000.111-28,Isabela Dantas,2025-07-07,DELTA CONSULTORIA LTDA,6777.14,BOLETO,rotina
T01203,888.999.000-17,Henrique Paiva,2025-07-07,Bruno Tavares,2905.28,TRANSFERÊNCIA,pagamento
T01204,555.666.777-84,Elisa Barros,2025-07-07,GAMA LOGÍSTICA LTDA,6122.89,TRANSFERÊNCIA,pagamento
T01205,444.555.666-73,Diego Vasconcelos,2025-07-08,DELTA CONSULTORIA LTDA,3206.01,TED,pagamento
T01206,202.303.404-50,Karen Freitas,2025-07-08,Elisa Barros,7938.42,TED,serviço
T01207,222.333.444-51,Bruno Tavares,2025-07-08,Lucas Gouveia,7727.89,BOLETO,compra
T01208,111.222.333-40,Aline Monteiro,2025-07-08,Carla Nogueira,4601.02,TRANSFERÊNCIA,serviço
T01209,111.222.333-40,Aline Monteiro,2025-07-08,ALFA COMÉRCIO LTDA,3236.34,PIX,serviço
T01210,333.444.555-62,Carla Nogueira,2025-07-08,ÔMEGA EVENTOS ME,7805.17,PIX,pagamento
T01211,444.555.666-73,Diego Vasconcelos,2025-07-08,ALFA COMÉRCIO LTDA,8303.7,PIX,serviço
T01212,333.444.555-62,Carla Nogueira,2025-07-08,Karen Freitas,6651.96,TRANSFERÊNCIA,pagamento
T01213,555.666.777-84,Elisa Barros,2025-07-09,ÔMEGA EVENTOS ME,2596.04,TED,rotina
T01214,999.000.111-28,Isabela Dantas,2025-07-09,DELTA CONSULTORIA LTDA,3124.82,TRANSFERÊNCIA,rotina
T01215,333.444.555-62,Carla Nogueira,2025-07-09,ÔMEGA EVENTOS ME,3845.33,PIX,pagamento
T01216,303.404.505-61,Lucas Gouveia,2025-07-09,GAMA LOGÍSTICA LTDA,1026.02,TED,pagamento
T01217,888.999.000-17,Henrique Paiva,2025-07-10,Diego Vasconcelos,3056.33,BOLETO,compra
T01218,666.777.888-95,Fábio Leal,2025-07-10,Bruno Tavares,8389.45,TRANSFERÊNCIA,serviço
T01219,222.333.444-51,Bruno Tavares,2025-07-10,ALFA COMÉRCIO LTDA,2515.18,BOLETO,compra
T01220,999.000.111-28,Isabela Dantas,2025-07-10,ALFA COMÉRCIO LTDA,1328.12,TRANSFERÊNCIA,pagamento
T01221,111.222.333-40,Aline Monteiro,2025-07-10,Karen Freitas,6304.54,TRANSFERÊNCIA,compra
T01222,222.333.444-51,Bruno Tavares,2025-07-10,Lucas Gouveia,6611.58,PIX,compra
T01223,222.333.444-51,Bruno Tavares,2025-07-10,DELTA CONSULTORIA LTDA,6010.8,TED,pagamento
T01224,101.202.303-49,Jonas Melo,2025-07-10,SIGMA PARTICIPAÇÕES LTDA,7971.12,BOLETO,serviço
T01225,666.777.888-95,Fábio Leal,2025-07-11,Fábio Leal,3402.71,TRANSFERÊNCIA,compra
T01226,202.303.404-50,Karen Freitas,2025-07-11,Gabriela Ramos,7317.08,TRANSFERÊNCIA,compra
T01227,222.333.444-51,Bruno Tavares,2025-07-11,BETA SERVIÇOS ME,7239.45,BOLETO,pagamento
T01228,999.000.111-28,Isabela Dantas,2025-07-11,ALFA COMÉRCIO LTDA,426.39,PIX,compra
T01229,888.999.000-17,Henrique Paiva,2025-07-11,Fábio Leal,537.63,TRANSFERÊNCIA,rotina
T01230,202.303.404-50,Karen Freitas,2025-07-11,Bruno Tavares,1710.36,PIX,serviço
T01231,101.202.303-49,Jonas Melo,2025-07-11,Isabela Dantas,6319.02,BOLETO,serviço
T01232,111.222.333-40,Aline Monteiro,2025-07-11,ALFA COMÉRCIO LTDA,9926.31,PIX,repasse
T01233,111.222.333-40,Aline Monteiro,2025-07-11,ALFA COMÉRCIO LTDA,9785.25,PIX,repasse
T01234,111.222.333-40,Aline Monteiro,2025-07-11,ALFA COMÉRCIO LTDA,9782.28,PIX,repasse
T01235,222.333.444-51,Bruno Tavares,2025-07-11,ALFA COMÉRCIO LTDA,9713.8,PIX,repasse
T01236,222.333.444-51,Bruno Tavares,2025-07-11,ALFA COMÉRCIO LTDA,9805.57,PIX,repasse
T01237,222.333.444-51,Bruno Tavares,2025-07-11,ALFA COMÉRCIO LTDA,9870.75,PIX,repasse
T01238,777.888.999-06,Gabriela Ramos,2025-07-12,Lucas Gouveia,7440.5,TED,compra
T01239,555.666.777-84,Elisa Barros,2025-07-12,Diego Vasconcelos,2948.14,BOLETO,rotina
T01240,202.303.404-50,Karen Freitas,2025-07-12,Diego Vasconcelos,6427.52,PIX,rotina
T01241,111.222.333-40,Aline Monteiro,2025-07-12,GAMA LOGÍSTICA LTDA,2931.75,TRANSFERÊNCIA,serviço
T01242,333.444.555-62,Carla Nogueira,2025-07-12,DELTA CONSULTORIA LTDA,1409.59,BOLETO,pagamento
T01243,888.999.000-17,Henrique Paiva,2025-07-12,Jonas Melo,7008.22,PIX,serviço
T01244,111.222.333-40,Aline Monteiro,2025-07-12,ALFA COMÉRCIO LTDA,9881.94,PIX,repasse
T01245,111.222.333-40,Aline Monteiro,2025-07-12,ALFA COMÉRCIO LTDA,9718.99,PIX,repasse
T01246,222.333.444-51,Bruno Tavares,2025-07-12,ALFA COMÉRCIO LTDA,9813.13,PIX,repasse
T01247,222.333.444-51,Bruno Tavares,2025-07-12,ALFA COMÉRCIO LTDA,9705.81,PIX,repasse
T01248,222.333.444-51,Bruno Tavares,2025-07-12,ALFA COMÉRCIO LTDA,9909.11,PIX,repasse
T01249,444.555.666-73,Diego Vasconcelos,2025-07-13,Carla Nogueira,3086.21,TED,rotina
T01250,888.999.000-17,Henrique Paiva,2025-07-13,ÔMEGA EVENTOS ME,6619.48,PIX,rotina
T01251,202.303.404-50,Karen Freitas,2025-07-13,Fábio Leal,2866.54,TED,compra
T01252,777.888.999-06,Gabriela Ramos,2025-07-13,SIGMA PARTICIPAÇÕES LTDA,4853.76,TED,compra
T01253,222.333.444-51,Bruno Tavares,2025-07-13,Aline Monteiro,3676.83,BOLETO,pagamento
T01254,666.777.888-95,Fábio Leal,2025-07-13,Bruno Tavares,2256.64,BOLETO,serviço
T01255,888.999.000-17,Henrique Paiva,2025-07-14,SIGMA PARTICIPAÇÕES LTDA,5102.13,TED,rotina
T01256,101.202.303-49,Jonas Melo,2025-07-14,SIGMA PARTICIPAÇÕES LTDA,3979.96,TRANSFERÊNCIA,serviço
T01257,555.666.777-84,Elisa Barros,2025-07-14,Isabela Dantas,7196.43,BOLETO,rotina
T01258,202.303.404-50,Karen Freitas,2025-07-15,Karen Freitas,6177.46,BOLETO,rotina
T01259,333.444.555-62,Carla Nogueira,2025-07-15,Isabela Dantas,2477.16,TRANSFERÊNCIA,rotina
T01260,333.444.555-62,Carla Nogueira,2025-07-15,Bruno Tavares,816.7,TED,serviço
T01261,111.222.333-40,Aline Monteiro,2025-07-16,DELTA CONSULTORIA LTDA,7411.76,PIX,pagamento
T01262,333.444.555-62,Carla Nogueira,2025-07-16,ALFA COMÉRCIO LTDA,6760.59,PIX,serviço
T01263,202.303.404-50,Karen Freitas,2025-07-16,Gabriela Ramos,4282.39,TRANSFERÊNCIA,pagamento
T01264,333.444.555-62,Carla Nogueira,2025-07-16,Carla Nogueira,3912.65,TRANSFERÊNCIA,rotina
T01265,111.222.333-40,Aline Monteiro,2025-07-16,Aline Monteiro,1406.28,TRANSFERÊNCIA,serviço
T01266,999.000.111-28,Isabela Dantas,2025-07-16,Isabela Dantas,3774.96,TRANSFERÊNCIA,compra
T01267,202.303.404-50,Karen Freitas,2025-07-16,DELTA CONSULTORIA LTDA,2674.69,PIX,pagamento
T01268,303.404.505-61,Lucas Gouveia,2025-07-16,Lucas Gouveia,823.17,TED,compra
T01269,888.999.000-17,Henrique Paiva,2025-07-17,ÔMEGA EVENTOS ME,6140.27,TED,pagamento
T01270,222.333.444-51,Bruno Tavares,2025-07-17,Henrique Paiva,6890.36,TED,serviço
T01271,999.000.111-28,Isabela Dantas,2025-07-17,Bruno Tavares,3016.43,PIX,pagamento
T01272,222.333.444-51,Bruno Tavares,2025-07-17,Isabela Dantas,3943.84,PIX,serviço
T01273,333.444.555-62,Carla Nogueira,2025-07-17,Bruno Tavares,5395.45,TED,rotina
T01274,202.303.404-50,Karen Freitas,2025-07-17,SIGMA PARTICIPAÇÕES LTDA,2912.85,TED,compra
T01275,999.000.111-28,Isabela Dantas,2025-07-17,Diego Vasconcelos,1931.75,TRANSFERÊNCIA,rotina
T01276,303.404.505-61,Lucas Gouveia,2025-07-18,Isabela Dantas,6825.73,TED,rotina
T01277,999.000.111-28,Isabela Dantas,2025-07-18,Gabriela Ramos,1099.73,PIX,rotina
T01278,666.777.888-95,Fábio Leal,2025-07-18,BETA SERVIÇOS ME,6410.98,TRANSFERÊNCIA,serviço
T01279,101.202.303-49,Jonas Melo,2025-07-18,Elisa Barros,4332.93,TRANSFERÊNCIA,rotina
T01280,111.222.333-40,Aline Monteiro,2025-07-18,ALFA COMÉRCIO LTDA,9959.08,PIX,repasse
T01281,222.333.444-51,Bruno Tavares,2025-07-18,ALFA COMÉRCIO LTDA,9703.11,PIX,repasse
T01282,666.777.888-95,Fábio Leal,2025-07-19,Aline Monteiro,5469.62,TRANSFERÊNCIA,compra
T01283,202.303.404-50,Karen Freitas,2025-07-19,Aline Monteiro,7727.92,BOLETO,compra
T01284,888.999.000-17,Henrique Paiva,2025-07-19,ALFA COMÉRCIO LTDA,4422.78,PIX,rotina
T01285,101.202.303-49,Jonas Melo,2025-07-19,Jonas Melo,7047.39,BOLETO,serviço
T01286,444.555.666-73,Diego Vasconcelos,2025-07-19,Carla Nogueira,2822.65,TED,rotina
T01287,202.303.404-50,Karen Freitas,2025-07-19,BETA SERVIÇOS ME,5552.0,PIX,serviço
T01288,555.666.777-84,Elisa Barros,2025-07-19,Isabela Dantas,2825.0,TRANSFERÊNCIA,pagamento
T01289,111.222.333-40,Aline Monteiro,2025-07-19,ALFA COMÉRCIO LTDA,9979.85,PIX,repasse
T01290,222.333.444-51,Bruno Tavares,2025-07-19,ALFA COMÉRCIO LTDA,9885.24,PIX,repasse
T01291,222.333.444-51,Bruno Tavares,2025-07-19,ALFA COMÉRCIO LTDA,9871.67,PIX,repasse
T01292,101.202.303-49,Jonas Melo,2025-07-20,Bruno Tavares,8025.89,TED,pagamento
T01293,888.999.000-17,Henrique Paiva,2025-07-20,Jonas Melo,300.16,BOLETO,serviço
T01294,888.999.000-17,Henrique Paiva,2025-07-20,Gabriela Ramos,3528.93,TED,compra
T01295,222.333.444-51,Bruno Tavares,2025-07-20,Diego Vasconcelos,2027.0,TRANSFERÊNCIA,compra
T01296,888.999.000-17,Henrique Paiva,2025-07-20,Lucas Gouveia,2859.02,PIX,pagamento
T01297,222.333.444-51,Bruno Tavares,2025-07-20,Lucas Gouveia,3699.18,TED,compra
T01298,555.666.777-84,Elisa Barros,2025-07-21,BETA SERVIÇOS ME,5374.36,TRANSFERÊNCIA,pagamento
T01299,303.404.505-61,Lucas Gouveia,2025-07-21,GAMA LOGÍSTICA LTDA,803.63,PIX,compra
T01300,666.777.888-95,Fábio Leal,2025-07-21,ÔMEGA EVENTOS ME,7927.68,PIX,compra
T01301,202.303.404-50,Karen Freitas,2025-07-21,GAMA LOGÍSTICA LTDA,3358.64,TRANSFERÊNCIA,rotina
T01302,888.999.000-17,Henrique Paiva,2025-07-21,BETA SERVIÇOS ME,8265.22,TED,pagamento
T01303,999.000.111-28,Isabela Dantas,2025-07-21,Fábio Leal,5232.34,TED,serviço
T01304,303.404.505-61,Lucas Gouveia,2025-07-22,Lucas Gouveia,7932.74,PIX,serviço
T01305,303.404.505-61,Lucas Gouveia,2025-07-22,Bruno Tavares,3726.69,TRANSFERÊNCIA,compra
T01306,888.999.000-17,Henrique Paiva,2025-07-22,Karen Freitas,2738.91,TED,pagamento
T01307,333.444.555-62,Carla Nogueira,2025-07-22,Gabriela Ramos,6591.13,TED,compra
T01308,666.777.888-95,Fábio Leal,2025-07-22,Carla Nogueira,7987.14,TED,pagamento
T01309,303.404.505-61,Lucas Gouveia,2025-07-22,Bruno Tavares,4041.87,TRANSFERÊNCIA,compra
T01310,303.404.505-61,Lucas Gouveia,2025-07-22,ALFA COMÉRCIO LTDA,3085.56,TRANSFERÊNCIA,pagamento
T01311,666.777.888-95,Fábio Leal,2025-07-23,ALFA COMÉRCIO LTDA,543.46,PIX,rotina
T01312,555.666.777-84,Elisa Barros,2025-07-23,ÔMEGA EVENTOS ME,1579.21,BOLETO,pagamento
T01313,999.000.111-28,Isabela Dantas,2025-07-23,Gabriela Ramos,1399.8,TED,serviço
T01314,303.404.505-61,Lucas Gouveia,2025-07-23,BETA SERVIÇOS ME,3699.48,TRANSFERÊNCIA,compra
T01315,666.777.888-95,Fábio Leal,2025-07-23,Aline Monteiro,1945.74,TRANSFERÊNCIA,pagamento
T01316,777.888.999-06,Gabriela Ramos,2025-07-23,DELTA CONSULTORIA LTDA,4351.79,TED,pagamento
T01317,303.404.505-61,Lucas Gouveia,2025-07-24,Isabela Dantas,974.35,PIX,rotina
T01318,202.303.404-50,Karen Freitas,2025-07-24,,2201.6,PIX,rotina
T01319,111.222.333-40,Aline Monteiro,2025-07-24,Diego Vasconcelos,1825.42,TED,serviço
T01320,444.555.666-73,Diego Vasconcelos,2025-07-24,Isabela Dantas,4444.37,TRANSFERÊNCIA,compra
T01321,303.404.505-61,Lucas Gouveia,2025-07-24,Karen Freitas,5760.28,BOLETO,compra
T01322,303.404.505-61,Lucas Gouveia,2025-07-24,ALFA COMÉRCIO LTDA,6848.33,TED,compra
T01323,303.404.505-61,Lucas Gouveia,2025-07-24,Gabriela Ramos,7592.99,TED,serviço
T01324,101.202.303-49,Jonas Melo,2025-07-25,DELTA CONSULTORIA LTDA,1300.83,TRANSFERÊNCIA,pagamento
T01325,303.404.505-61,Lucas Gouveia,2025-07-25,Diego Vasconcelos,2420.83,PIX,compra
T01326,333.444.555-62,Carla Nogueira,2025-07-25,Gabriela Ramos,7560.6,TRANSFERÊNCIA,serviço
T01327,444.555.666-73,Diego Vasconcelos,2025-07-25,ALFA COMÉRCIO LTDA,5281.59,TRANSFERÊNCIA,compra
T01328,999.000.111-28,Isabela Dantas,2025-07-25,ÔMEGA EVENTOS ME,5230.05,TRANSFERÊNCIA,pagamento
T01329,333.444.555-62,Carla Nogueira,2025-07-25,,5206.49,PIX,pagamento
T01330,666.777.888-95,Fábio Leal,2025-07-25,BETA SERVIÇOS ME,7783.95,BOLETO,pagamento
T01331,666.777.888-95,Fábio Leal,2025-07-25,Lucas Gouveia,7192.55,BOLETO,serviço
T01332,111.222.333-40,Aline Monteiro,2025-07-25,ALFA COMÉRCIO LTDA,9883.14,PIX,repasse
T01333,111.222.333-40,Aline Monteiro,2025-07-25,ALFA COMÉRCIO LTDA,9905.92,PIX,repasse
T01334,222.333.444-51,Bruno Tavares,2025-07-25,ALFA COMÉRCIO LTDA,9683.21,PIX,repasse
T01335,222.333.444-51,Bruno Tavares,2025-07-25,ALFA COMÉRCIO LTDA,9898.4,PIX,repasse
T01336,222.333.444-51,Bruno Tavares,2025-07-25,ALFA COMÉRCIO LTDA,9884.57,PIX,repasse
T01337,333.444.555-62,Carla Nogueira,2025-07-26,Fábio Leal,6657.46,PIX,pagamento
T01338,999.000.111-28,Isabela Dantas,2025-07-26,SIGMA PARTICIPAÇÕES LTDA,1297.28,TED,rotina
T01339,101.202.303-49,Jonas Melo,2025-07-26,Diego Vasconcelos,1708.38,BOLETO,serviço
T01340,111.222.333-40,Aline Monteiro,2025-07-26,GAMA LOGÍSTICA LTDA,1479.94,TED,compra
T01341,444.555.666-73,Diego Vasconcelos,2025-07-26,ÔMEGA EVENTOS ME,537.9,BOLETO,compra
T01342,303.404.505-61,Lucas Gouveia,2025-07-26,Henrique Paiva,7102.79,TED,compra
T01343,555.666.777-84,Elisa Barros,2025-07-26,Bruno Tavares,5405.58,BOLETO,pagamento
T01344,111.222.333-40,Aline Monteiro,2025-07-26,ALFA COMÉRCIO LTDA,9934.39,PIX,repasse
T01345,111.222.333-40,Aline Monteiro,2025-07-26,ALFA COMÉRCIO LTDA,9901.79,PIX,repasse
T01346,111.222.333-40,Aline Monteiro,2025-07-26,ALFA COMÉRCIO LTDA,9714.07,PIX,repasse
T01347,222.333.444-51,Bruno Tavares,2025-07-26,ALFA COMÉRCIO LTDA,9972.15,PIX,repasse
T01348,999.000.111-28,Isabela Dantas,2025-07-27,Bruno Tavares,4540.22,TRANSFERÊNCIA,compra
T01349,777.888.999-06,Gabriela Ramos,2025-07-27,Isabela Dantas,728.28,TED,serviço
T01350,999.000.111-28,Isabela Dantas,2025-07-27,Fábio Leal,885.99,BOLETO,compra
T01351,101.202.303-49,Jonas Melo,2025-07-27,ALFA COMÉRCIO LTDA,4572.96,PIX,pagamento
T01352,202.303.404-50,Karen Freitas,2025-07-28,GAMA LOGÍSTICA LTDA,4549.22,TED,pagamento
T01353,666.777.888-95,Fábio Leal,2025-07-28,Elisa Barros,3784.17,PIX,serviço
T01354,888.999.000-17,Henrique Paiva,2025-07-28,Aline Monteiro,3963.51,TED,serviço
T01355,666.777.888-95,Fábio Leal,2025-07-28,Carla Nogueira,4333.09,TRANSFERÊNCIA,pagamento
T01356,999.000.111-28,Isabela Dantas,2025-07-28,Karen Freitas,8037.32,TED,rotina
T01357,101.202.303-49,Jonas Melo,2025-07-28,GAMA LOGÍSTICA LTDA,3596.58,TED,serviço
T01358,222.333.444-51,Bruno Tavares,2025-07-28,Aline Monteiro,4980.05,TED,pagamento
T01359,303.404.505-61,Lucas Gouveia,2025-07-28,SIGMA PARTICIPAÇÕES LTDA,5970.39,PIX,pagamento
T01360,101.202.303-49,Jonas Melo,2025-07-29,Fábio Leal,1302.89,TED,serviço
T01361,101.202.303-49,Jonas Melo,2025-07-29,Jonas Melo,2952.46,BOLETO,serviço
T01362,777.888.999-06,Gabriela Ramos,2025-07-29,ÔMEGA EVENTOS ME,4289.48,BOLETO,compra
T01363,333.444.555-62,Carla Nogueira,2025-07-29,SIGMA PARTICIPAÇÕES LTDA,5183.42,BOLETO,rotina
T01364,888.999.000-17,Henrique Paiva,2025-07-29,Lucas Gouveia,5729.9,TRANSFERÊNCIA,pagamento
T01365,666.777.888-95,Fábio Leal,2025-07-30,ÔMEGA EVENTOS ME,3149.71,TED,serviço
T01366,777.888.999-06,Gabriela Ramos,2025-07-30,ÔMEGA EVENTOS ME,2559.38,BOLETO,pagamento
T01367,222.333.444-51,Bruno Tavares,2025-07-30,Gabriela Ramos,5148.05,BOLETO,compra
T01368,777.888.999-06,Gabriela Ramos,2025-07-30,Bruno Tavares,5523.77,BOLETO,rotina
T01369,555.666.777-84,Elisa Barros,2025-07-30,Henrique Paiva,2900.96,BOLETO,compra
T01370,111.222.333-40,Aline Monteiro,2025-07-30,SIGMA PARTICIPAÇÕES LTDA,2742.95,TRANSFERÊNCIA,compra
T01371,101.202.303-49,Jonas Melo,2025-07-31,SIGMA PARTICIPAÇÕES LTDA,8134.55,PIX,pagamento
T01372,666.777.888-95,Fábio Leal,2025-07-31,Henrique Paiva,2463.72,BOLETO,pagamento
T01373,777.888.999-06,Gabriela Ramos,2025-07-31,Karen Freitas,7390.27,PIX,rotina
T01374,333.444.555-62,Carla Nogueira,2025-07-31,ÔMEGA EVENTOS ME,7857.01,BOLETO,rotina
T01375,111.222.333-40,Aline Monteiro,2025-08-01,Gabriela Ramos,987.74,TRANSFERÊNCIA,rotina
T01376,444.555.666-73,Diego Vasconcelos,2025-08-01,,5967.59,BOLETO,compra
T01377,555.666.777-84,Elisa Barros,2025-08-01,DELTA CONSULTORIA LTDA,1132.72,TRANSFERÊNCIA,serviço
T01378,999.000.111-28,Isabela Dantas,2025-08-01,Karen Freitas,5003.92,BOLETO,compra
T01379,999.000.111-28,Isabela Dantas,2025-08-01,BETA SERVIÇOS ME,6260.61,BOLETO,rotina
T01380,111.222.333-40,Aline Monteiro,2025-08-01,ALFA COMÉRCIO LTDA,9794.46,PIX,repasse
T01381,111.222.333-40,Aline Monteiro,2025-08-01,ALFA COMÉRCIO LTDA,9708.68,PIX,repasse
T01382,111.222.333-40,Aline Monteiro,2025-08-01,ALFA COMÉRCIO LTDA,9812.24,PIX,repasse
T01383,222.333.444-51,Bruno Tavares,2025-08-01,ALFA COMÉRCIO LTDA,9901.3,PIX,repasse
T01384,777.888.999-06,Gabriela Ramos,2025-08-02,SIGMA PARTICIPAÇÕES LTDA,6493.74,BOLETO,compra
T01385,202.303.404-50,Karen Freitas,2025-08-02,Aline Monteiro,3073.69,TRANSFERÊNCIA,compra
T01386,777.888.999-06,Gabriela Ramos,2025-08-02,GAMA LOGÍSTICA LTDA,3399.85,TED,compra
T01387,222.333.444-51,Bruno Tavares,2025-08-02,Carla Nogueira,3616.84,TRANSFERÊNCIA,serviço
T01388,111.222.333-40,Aline Monteiro,2025-08-02,ALFA COMÉRCIO LTDA,9963.42,PIX,repasse
T01389,111.222.333-40,Aline Monteiro,2025-08-02,ALFA COMÉRCIO LTDA,9871.01,PIX,repasse
T01390,111.222.333-40,Aline Monteiro,2025-08-02,ALFA COMÉRCIO LTDA,9885.56,PIX,repasse
T01391,222.333.444-51,Bruno Tavares,2025-08-02,ALFA COMÉRCIO LTDA,9770.38,PIX,repasse
T01392,222.333.444-51,Bruno Tavares,2025-08-02,ALFA COMÉRCIO LTDA,9706.86,PIX,repasse
T01393,555.666.777-84,Elisa Barros,2025-08-03,ÔMEGA EVENTOS ME,864.31,TRANSFERÊNCIA,rotina
T01394,666.777.888-95,Fábio Leal,2025-08-03,ALFA COMÉRCIO LTDA,7432.36,PIX,compra
T01395,222.333.444-51,Bruno Tavares,2025-08-03,ALFA COMÉRCIO LTDA,2900.99,TED,pagamento
T01396,202.303.404-50,Karen Freitas,2025-08-04,ÔMEGA EVENTOS ME,3789.25,TRANSFERÊNCIA,compra
T01397,555.666.777-84,Elisa Barros,2025-08-04,Isabela Dantas,4683.77,TED,pagamento
T01398,444.555.666-73,Diego Vasconcelos,2025-08-04,Jonas Melo,5055.61,BOLETO,pagamento
T01399,333.444.555-62,Carla Nogueira,2025-08-04,Fábio Leal,1731.32,TRANSFERÊNCIA,serviço
T01400,202.303.404-50,Karen Freitas,2025-08-04,BETA SERVIÇOS ME,5092.25,BOLETO,rotina
T01401,333.444.555-62,Carla Nogueira,2025-08-04,Aline Monteiro,1298.86,TED,pagamento
T01402,111.222.333-40,Aline Monteiro,2025-08-04,SIGMA PARTICIPAÇÕES LTDA,222.82,TRANSFERÊNCIA,compra
T01403,333.444.555-62,Carla Nogueira,2025-08-05,Carla Nogueira,4762.85,TED,compra
T01404,222.333.444-51,Bruno Tavares,2025-08-05,Fábio Leal,1139.45,TRANSFERÊNCIA,rotina
T01405,303.404.505-61,Lucas Gouveia,2025-08-05,Lucas Gouveia,4359.95,TED,compra
T01406,202.303.404-50,Karen Freitas,2025-08-05,BETA SERVIÇOS ME,524.89,BOLETO,serviço
T01407,555.666.777-84,Elisa Barros,2025-08-05,DELTA CONSULTORIA LTDA,2061.82,PIX,compra
T01408,111.222.333-40,Aline Monteiro,2025-08-05,BETA SERVIÇOS ME,405.78,PIX,rotina
T01409,777.888.999-06,Gabriela Ramos,2025-08-05,Fábio Leal,6940.55,TED,compra
T01410,555.666.777-84,Elisa Barros,2025-08-05,SIGMA PARTICIPAÇÕES LTDA,518.32,TRANSFERÊNCIA,serviço
T01411,333.444.555-62,Carla Nogueira,2025-08-06,Carla Nogueira,431.77,TRANSFERÊNCIA,compra
T01412,777.888.999-06,Gabriela Ramos,2025-08-06,Elisa Barros,3033.11,TED,rotina
T01413,999.000.111-28,Isabela Dantas,2025-08-06,Elisa Barros,6497.86,TED,pagamento
T01414,666.777.888-95,Fábio Leal,2025-08-06,SIGMA PARTICIPAÇÕES LTDA,7538.84,BOLETO,compra
T01415,111.222.333-40,Aline Monteiro,2025-08-07,Aline Monteiro,5890.67,PIX,pagamento
T01416,303.404.505-61,Lucas Gouveia,2025-08-07,BETA SERVIÇOS ME,3137.1,BOLETO,rotina
T01417,444.555.666-73,Diego Vasconcelos,2025-08-07,BETA SERVIÇOS ME,6665.65,PIX,rotina
T01418,888.999.000-17,Henrique Paiva,2025-08-07,Carla Nogueira,6791.34,BOLETO,rotina
T01419,222.333.444-51,Bruno Tavares,2025-08-07,ÔMEGA EVENTOS ME,5333.77,TRANSFERÊNCIA,compra
T01420,777.888.999-06,Gabriela Ramos,2025-08-07,Aline Monteiro,7971.75,TED,serviço
T01421,999.000.111-28,Isabela Dantas,2025-08-07,ALFA COMÉRCIO LTDA,7280.75,PIX,pagamento
T01422,999.000.111-28,Isabela Dantas,2025-08-08,Carla Nogueira,7927.1,PIX,serviço
T01423,555.666.777-84,Elisa Barros,2025-08-08,SIGMA PARTICIPAÇÕES LTDA,3239.34,BOLETO,serviço
T01424,333.444.555-62,Carla Nogueira,2025-08-08,Fábio Leal,442.39,BOLETO,compra
T01425,303.404.505-61,Lucas Gouveia,2025-08-08,BETA SERVIÇOS ME,5345.13,BOLETO,pagamento
T01426,202.303.404-50,Karen Freitas,2025-08-08,DELTA CONSULTORIA LTDA,5146.52,TED,serviço
T01427,303.404.505-61,Lucas Gouveia,2025-08-08,Diego Vasconcelos,3423.11,PIX,rotina
T01428,222.333.444-51,Bruno Tavares,2025-08-08,ÔMEGA EVENTOS ME,2060.84,PIX,compra
T01429,111.222.333-40,Aline Monteiro,2025-08-08,ALFA COMÉRCIO LTDA,9827.73,PIX,repasse
T01430,111.222.333-40,Aline Monteiro,2025-08-08,ALFA COMÉRCIO LTDA,9877.77,PIX,repasse
T01431,111.222.333-40,Aline Monteiro,2025-08-08,ALFA COMÉRCIO LTDA,9789.32,PIX,repasse
T01432,222.333.444-51,Bruno Tavares,2025-08-08,ALFA COMÉRCIO LTDA,9697.56,PIX,repasse
T01433,222.333.444-51,Bruno Tavares,2025-08-08,ALFA COMÉRCIO LTDA,9934.49,PIX,repasse
T01434,222.333.444-51,Bruno Tavares,2025-08-08,ALFA COMÉRCIO LTDA,9890.58,PIX,repasse
T01435,202.303.404-50,Karen Freitas,2025-08-09,DELTA CONSULTORIA LTDA,2492.45,TRANSFERÊNCIA,pagamento
T01436,333.444.555-62,Carla Nogueira,2025-08-09,Jonas Melo,4871.57,BOLETO,serviço
T01437,222.333.444-51,Bruno Tavares,2025-08-09,Henrique Paiva,2463.84,TED,pagamento
T01438,333.444.555-62,Carla Nogueira,2025-08-09,GAMA LOGÍSTICA LTDA,4844.45,TED,rotina
T01439,222.333.444-51,Bruno Tavares,2025-08-09,Bruno Tavares,3356.28,BOLETO,compra
T01440,777.888.999-06,Gabriela Ramos,2025-08-09,Isabela Dantas,3113.13,BOLETO,rotina
T01441,111.222.333-40,Aline Monteiro,2025-08-09,ALFA COMÉRCIO LTDA,9702.8,PIX,repasse
T01442,111.222.333-40,Aline Monteiro,2025-08-09,ALFA COMÉRCIO LTDA,9672.44,PIX,repasse
T01443,111.222.333-40,Aline Monteiro,2025-08-09,ALFA COMÉRCIO LTDA,9728.44,PIX,repasse
T01444,222.333.444-51,Bruno Tavares,2025-08-09,ALFA COMÉRCIO LTDA,9709.1,PIX,repasse
T01445,222.333.444-51,Bruno Tavares,2025-08-09,ALFA COMÉRCIO LTDA,9925.48,PIX,repasse
T01446,111.222.333-40,Aline Monteiro,2025-08-10,Karen Freitas,3974.72,PIX,rotina
T01447,333.444.555-62,Carla Nogueira,2025-08-10,Isabela Dantas,4370.99,TRANSFERÊNCIA,compra
T01448,222.333.444-51,Bruno Tavares,2025-08-10,Aline Monteiro,3325.46,TRANSFERÊNCIA,rotina
T01449,333.444.555-62,Carla Nogueira,2025-08-10,Carla Nogueira,1763.13,BOLETO,serviço
T01450,303.404.505-61,Lucas Gouveia,2025-08-11,Jonas Melo,1181.71,BOLETO,rotina
T01451,333.444.555-62,Carla Nogueira,2025-08-11,ÔMEGA EVENTOS ME,2164.11,TED,compra
T01452,444.555.666-73,Diego Vasconcelos,2025-08-11,Isabela Dantas,844.76,TRANSFERÊNCIA,pagamento
T01453,222.333.444-51,Bruno Tavares,2025-08-11,Bruno Tavares,7671.0,BOLETO,compra
T01454,888.999.000-17,Henrique Paiva,2025-08-11,DELTA CONSULTORIA LTDA,6555.69,TRANSFERÊNCIA,compra
T01455,303.404.505-61,Lucas Gouveia,2025-08-11,Carla Nogueira,7232.37,TRANSFERÊNCIA,pagamento
T01456,999.000.111-28,Isabela Dantas,2025-08-12,ÔMEGA EVENTOS ME,2835.42,BOLETO,compra
T01457,303.404.505-61,Lucas Gouveia,2025-08-12,Isabela Dantas,5474.08,BOLETO,compra
T01458,222.333.444-51,Bruno Tavares,2025-08-12,DELTA CONSULTORIA LTDA,2533.73,BOLETO,serviço
T01459,101.202.303-49,Jonas Melo,2025-08-12,Bruno Tavares,6807.71,PIX,serviço
T01460,888.999.000-17,Henrique Paiva,2025-08-12,ÔMEGA EVENTOS ME,563.58,BOLETO,rotina
T01461,101.202.303-49,Jonas Melo,2025-08-12,GAMA LOGÍSTICA LTDA,3119.52,PIX,rotina
T01462,202.303.404-50,Karen Freitas,2025-08-12,GAMA LOGÍSTICA LTDA,2895.93,TED,serviço
T01463,666.777.888-95,Fábio Leal,2025-08-12,Elisa Barros,1072.13,PIX,rotina
T01464,999.000.111-28,Isabela Dantas,2025-08-13,SIGMA PARTICIPAÇÕES LTDA,3738.81,PIX,serviço
T01465,444.555.666-73,Diego Vasconcelos,2025-08-13,SIGMA PARTICIPAÇÕES LTDA,3506.27,TED,serviço
T01466,888.999.000-17,Henrique Paiva,2025-08-13,BETA SERVIÇOS ME,1499.55,PIX,serviço
T01467,222.333.444-51,Bruno Tavares,2025-08-13,DELTA CONSULTORIA LTDA,1290.22,TED,compra
T01468,333.444.555-62,Carla Nogueira,2025-08-13,Isabela Dantas,5174.93,TRANSFERÊNCIA,compra
T01469,777.888.999-06,Gabriela Ramos,2025-08-13,GAMA LOGÍSTICA LTDA,1807.9,PIX,serviço
T01470,888.999.000-17,Henrique Paiva,2025-08-13,Karen Freitas,4742.22,TRANSFERÊNCIA,pagamento
T01471,202.303.404-50,Karen Freitas,2025-08-14,Jonas Melo,4730.51,BOLETO,compra
T01472,666.777.888-95,Fábio Leal,2025-08-14,ALFA COMÉRCIO LTDA,1455.27,TRANSFERÊNCIA,compra
T01473,555.666.777-84,Elisa Barros,2025-08-14,Lucas Gouveia,203.83,PIX,compra
T01474,222.333.444-51,Bruno Tavares,2025-08-14,Isabela Dantas,382.36,PIX,serviço
T01475,999.000.111-28,Isabela Dantas,2025-08-14,Isabela Dantas,731.03,PIX,pagamento
T01476,303.404.505-61,Lucas Gouveia,2025-08-14,GAMA LOGÍSTICA LTDA,787.2,BOLETO,serviço
T01477,444.555.666-73,Diego Vasconcelos,2025-08-14,Aline Monteiro,2796.36,BOLETO,compra
T01478,303.404.505-61,Lucas Gouveia,2025-08-15,Bruno Tavares,3877.06,PIX,rotina
T01479,555.666.777-84,Elisa Barros,2025-08-15,Carla Nogueira,2247.27,PIX,pagamento
T01480,111.222.333-40,Aline Monteiro,2025-08-15,Henrique Paiva,1750.39,BOLETO,serviço
T01481,777.888.999-06,Gabriela Ramos,2025-08-15,DELTA CONSULTORIA LTDA,8210.36,BOLETO,rotina
T01482,303.404.505-61,Lucas Gouveia,2025-08-15,Fábio Leal,7525.71,BOLETO,rotina
T01483,777.888.999-06,Gabriela Ramos,2025-08-15,BETA SERVIÇOS ME,7411.66,BOLETO,compra
T01484,999.000.111-28,Isabela Dantas,2025-08-15,Bruno Tavares,5000.8,TED,pagamento
T01485,111.222.333-40,Aline Monteiro,2025-08-15,ALFA COMÉRCIO LTDA,9938.97,PIX,repasse
T01486,111.222.333-40,Aline Monteiro,2025-08-15,ALFA COMÉRCIO LTDA,9798.56,PIX,repasse
T01487,111.222.333-40,Aline Monteiro,2025-08-15,ALFA COMÉRCIO LTDA,9900.09,PIX,repasse
T01488,222.333.444-51,Bruno Tavares,2025-08-15,ALFA COMÉRCIO LTDA,9705.73,PIX,repasse
T01489,222.333.444-51,Bruno Tavares,2025-08-15,ALFA COMÉRCIO LTDA,9677.68,PIX,repasse
T01490,222.333.444-51,Bruno Tavares,2025-08-15,ALFA COMÉRCIO LTDA,9960.15,PIX,repasse
T01491,999.000.111-28,Isabela Dantas,2025-08-16,DELTA CONSULTORIA LTDA,2656.12,TED,pagamento
T01492,888.999.000-17,Henrique Paiva,2025-08-16,Fábio Leal,547.87,BOLETO,rotina
T01493,888.999.000-17,Henrique Paiva,2025-08-16,Isabela Dantas,2729.49,TRANSFERÊNCIA,rotina
T01494,999.000.111-28,Isabela Dantas,2025-08-16,Elisa Barros,2506.53,TED,serviço
T01495,222.333.444-51,Bruno Tavares,2025-08-16,Aline Monteiro,5877.99,BOLETO,rotina
T01496,666.777.888-95,Fábio Leal,2025-08-16,Aline Monteiro,349.14,TED,compra
T01497,111.222.333-40,Aline Monteiro,2025-08-16,ALFA COMÉRCIO LTDA,9696.97,PIX,repasse
T01498,222.333.444-51,Bruno Tavares,2025-08-16,ALFA COMÉRCIO LTDA,9775.01,PIX,repasse
T01499,303.404.505-61,Lucas Gouveia,2025-08-17,Isabela Dantas,2788.88,BOLETO,rotina
T01500,666.777.888-95,Fábio Leal,2025-08-17,Gabriela Ramos,7604.97,BOLETO,pagamento
T01501,666.777.888-95,Fábio Leal,2025-08-17,SIGMA PARTICIPAÇÕES LTDA,6245.75,BOLETO,pagamento
T01502,303.404.505-61,Lucas Gouveia,2025-08-17,Isabela Dantas,597.73,TRANSFERÊNCIA,rotina
T01503,202.303.404-50,Karen Freitas,2025-08-17,Gabriela Ramos,5217.17,TRANSFERÊNCIA,pagamento
T01504,303.404.505-61,Lucas Gouveia,2025-08-18,Gabriela Ramos,4692.93,BOLETO,serviço
T01505,444.555.666-73,Diego Vasconcelos,2025-08-18,Fábio Leal,5530.56,PIX,pagamento
T01506,303.404.505-61,Lucas Gouveia,2025-08-18,Bruno Tavares,5425.75,TED,compra
T01507,999.000.111-28,Isabela Dantas,2025-08-18,Aline Monteiro,6543.46,TRANSFERÊNCIA,compra
T01508,333.444.555-62,Carla Nogueira,2025-08-18,Elisa Barros,332.09,TED,compra
T01509,101.202.303-49,Jonas Melo,2025-08-18,Carla Nogueira,2198.24,BOLETO,serviço
T01510,999.000.111-28,Isabela Dantas,2025-08-18,SIGMA PARTICIPAÇÕES LTDA,3721.11,TED,serviço
T01511,888.999.000-17,Henrique Paiva,2025-08-19,GAMA LOGÍSTICA LTDA,6083.99,PIX,serviço
T01512,666.777.888-95,Fábio Leal,2025-08-19,Carla Nogueira,8154.77,TED,compra
T01513,444.555.666-73,Diego Vasconcelos,2025-08-19,BETA SERVIÇOS ME,2108.17,BOLETO,rotina
T01514,555.666.777-84,Elisa Barros,2025-08-19,BETA SERVIÇOS ME,892.93,BOLETO,serviço
T01515,303.404.505-61,Lucas Gouveia,2025-08-19,Jonas Melo,2775.29,PIX,serviço
T01516,555.666.777-84,Elisa Barros,2025-08-19,Diego Vasconcelos,6580.01,PIX,serviço
T01517,333.444.555-62,Carla Nogueira,2025-08-19,Aline Monteiro,8080.65,TED,rotina
T01518,222.333.444-51,Bruno Tavares,2025-08-19,Isabela Dantas,3810.63,TRANSFERÊNCIA,pagamento
T01519,101.202.303-49,Jonas Melo,2025-08-20,DELTA CONSULTORIA LTDA,1925.05,PIX,pagamento
T01520,666.777.888-95,Fábio Leal,2025-08-20,Fábio Leal,5074.99,BOLETO,pagamento
T01521,202.303.404-50,Karen Freitas,2025-08-20,Isabela Dantas,6848.37,BOLETO,compra
T01522,666.777.888-95,Fábio Leal,2025-08-20,Aline Monteiro,7830.86,PIX,compra
T01523,101.202.303-49,Jonas Melo,2025-08-21,GAMA LOGÍSTICA LTDA,1668.47,BOLETO,compra
T01524,444.555.666-73,Diego Vasconcelos,2025-08-21,Bruno Tavares,4102.3,PIX,rotina
T01525,101.202.303-49,Jonas Melo,2025-08-21,DELTA CONSULTORIA LTDA,1545.19,TRANSFERÊNCIA,rotina
T01526,202.303.404-50,Karen Freitas,2025-08-22,Fábio Leal,1749.24,TRANSFERÊNCIA,pagamento
T01527,333.444.555-62,Carla Nogueira,2025-08-22,SIGMA PARTICIPAÇÕES LTDA,2819.48,TED,compra
T01528,222.333.444-51,Bruno Tavares,2025-08-22,Lucas Gouveia,3714.71,TRANSFERÊNCIA,pagamento
T01529,101.202.303-49,Jonas Melo,2025-08-22,Carla Nogueira,1029.09,TRANSFERÊNCIA,pagamento
T01530,111.222.333-40,Aline Monteiro,2025-08-22,ALFA COMÉRCIO LTDA,9925.48,PIX,repasse
T01531,111.222.333-40,Aline Monteiro,2025-08-22,ALFA COMÉRCIO LTDA,9716.82,PIX,repasse
T01532,111.222.333-40,Aline Monteiro,2025-08-22,ALFA COMÉRCIO LTDA,9681.08,PIX,repasse
T01533,222.333.444-51,Bruno Tavares,2025-08-22,ALFA COMÉRCIO LTDA,9893.6,PIX,repasse
T01534,222.333.444-51,Bruno Tavares,2025-08-22,ALFA COMÉRCIO LTDA,,PIX,repasse
T01535,101.202.303-49,Jonas Melo,2025-08-23,DELTA CONSULTORIA LTDA,6073.41,PIX,rotina
T01536,555.666.777-84,Elisa Barros,2025-08-23,Diego Vasconcelos,3919.73,BOLETO,serviço
T01537,222.333.444-51,Bruno Tavares,2025-08-23,Lucas Gouveia,1059.13,PIX,pagamento
T01538,666.777.888-95,Fábio Leal,2025-08-23,DELTA CONSULTORIA LTDA,3734.66,PIX,compra
T01539,333.444.555-62,Carla Nogueira,2025-08-23,Lucas Gouveia,6215.24,BOLETO,pagamento
T01540,666.777.888-95,Fábio Leal,2025-08-23,Gabriela Ramos,3223.59,TRANSFERÊNCIA,serviço
T01541,202.303.404-50,Karen Freitas,2025-08-23,Elisa Barros,2872.63,PIX,compra
T01542,111.222.333-40,Aline Monteiro,2025-08-23,ALFA COMÉRCIO LTDA,9937.22,PIX,repasse
T01543,111.222.333-40,Aline Monteiro,2025-08-23,ALFA COMÉRCIO LTDA,9924.65,PIX,repasse
T01544,222.333.444-51,Bruno Tavares,2025-08-23,ALFA COMÉRCIO LTDA,9716.01,PIX,repasse
T01545,222.333.444-51,Bruno Tavares,2025-08-23,ALFA COMÉRCIO LTDA,9895.53,PIX,repasse
T01546,222.333.444-51,Bruno Tavares,2025-08-23,ALFA COMÉRCIO LTDA,9820.8,PIX,repasse
T01547,666.777.888-95,Fábio Leal,2025-08-24,Bruno Tavares,5456.02,TRANSFERÊNCIA,pagamento
T01548,999.000.111-28,Isabela Dantas,2025-08-24,DELTA CONSULTORIA LTDA,5931.82,PIX,compra
T01549,111.222.333-40,Aline Monteiro,2025-08-24,GAMA LOGÍSTICA LTDA,167.19,TED,compra
T01550,202.303.404-50,Karen Freitas,2025-08-24,GAMA LOGÍSTICA LTDA,1679.03,TED,pagamento
T01551,777.888.999-06,Gabriela Ramos,2025-08-24,Karen Freitas,1599.04,BOLETO,serviço
T01552,999.000.111-28,Isabela Dantas,2025-08-25,GAMA LOGÍSTICA LTDA,6888.69,PIX,serviço
T01553,666.777.888-95,Fábio Leal,2025-08-25,Fábio Leal,4965.45,BOLETO,rotina
T01554,777.888.999-06,Gabriela Ramos,2025-08-25,Henrique Paiva,5189.09,TED,compra
T01555,999.000.111-28,Isabela Dantas,2025-08-26,Bruno Tavares,2542.28,BOLETO,pagamento
T01556,444.555.666-73,Diego Vasconcelos,2025-08-26,Fábio Leal,2982.11,BOLETO,compra
T01557,202.303.404-50,Karen Freitas,2025-08-26,Aline Monteiro,2361.67,TED,compra
T01558,303.404.505-61,Lucas Gouveia,2025-08-27,ALFA COMÉRCIO LTDA,4997.01,TRANSFERÊNCIA,compra
T01559,777.888.999-06,Gabriela Ramos,2025-08-27,Lucas Gouveia,6534.91,TED,serviço
T01560,444.555.666-73,Diego Vasconcelos,2025-08-27,Elisa Barros,269.04,TED,compra
T01561,999.000.111-28,Isabela Dantas,2025-08-27,Jonas Melo,2167.12,TRANSFERÊNCIA,compra
T01562,111.222.333-40,Aline Monteiro,2025-08-27,Karen Freitas,4351.29,TED,serviço
T01563,888.999.000-17,Henrique Paiva,2025-08-28,Jonas Melo,3917.66,TED,pagamento
T01564,202.303.404-50,Karen Freitas,2025-08-28,Diego Vasconcelos,7543.78,TRANSFERÊNCIA,rotina
T01565,777.888.999-06,Gabriela Ramos,2025-08-28,ALFA COMÉRCIO LTDA,3556.59,PIX,serviço
T01566,444.555.666-73,Diego Vasconcelos,2025-08-28,ÔMEGA EVENTOS ME,4445.56,BOLETO,compra
T01567,222.333.444-51,Bruno Tavares,2025-08-28,Isabela Dantas,1308.77,PIX,rotina
T01568,111.222.333-40,Aline Monteiro,2025-08-29,Diego Vasconcelos,7318.75,BOLETO,compra
T01569,666.777.888-95,Fábio Leal,2025-08-29,Isabela Dantas,1123.71,PIX,pagamento
T01570,303.404.505-61,Lucas Gouveia,2025-08-29,Elisa Barros,8066.81,BOLETO,serviço
T01571,555.666.777-84,Elisa Barros,2025-08-29,Elisa Barros,5756.91,BOLETO,rotina
T01572,101.202.303-49,Jonas Melo,2025-08-29,Henrique Paiva,7504.69,BOLETO,serviço
T01573,888.999.000-17,Henrique Paiva,2025-08-29,Gabriela Ramos,1285.86,TRANSFERÊNCIA,compra
T01574,555.666.777-84,Elisa Barros,2025-08-30,Aline Monteiro,4282.59,TRANSFERÊNCIA,rotina
T01575,888.999.000-17,Henrique Paiva,2025-08-30,Henrique Paiva,6738.25,TRANSFERÊNCIA,serviço
T01576,202.303.404-50,Karen Freitas,2025-08-30,Isabela Dantas,5558.91,PIX,serviço
T01577,111.222.333-40,Aline Monteiro,2025-08-30,ALFA COMÉRCIO LTDA,9685.49,PIX,repasse
T01578,111.222.333-40,Aline Monteiro,2025-08-30,ALFA COMÉRCIO LTDA,9920.79,PIX,repasse
T01579,222.333.444-51,Bruno Tavares,2025-08-30,ALFA COMÉRCIO LTDA,9779.52,PIX,repasse
T01580,222.333.444-51,Bruno Tavares,2025-08-30,ALFA COMÉRCIO LTDA,9887.21,PIX,repasse
T01581,222.333.444-51,Bruno Tavares,2025-08-30,ALFA COMÉRCIO LTDA,9710.03,PIX,repasse
T01582,333.444.555-62,Carla Nogueira,2025-08-31,Elisa Barros,3110.22,PIX,rotina
T01583,777.888.999-06,Gabriela Ramos,2025-08-31,Gabriela Ramos,4934.04,TED,rotina
T01584,303.404.505-61,Lucas Gouveia,2025-08-31,Henrique Paiva,4972.42,TED,compra
T01585,444.555.666-73,Diego Vasconcelos,2025-08-31,Jonas Melo,5412.17,BOLETO,serviço
T01586,444.555.666-73,Diego Vasconcelos,2025-08-31,BETA SERVIÇOS ME,5039.14,BOLETO,compra
T01587,333.444.555-62,Carla Nogueira,2025-08-31,ALFA COMÉRCIO LTDA,5120.65,PIX,serviço
T01588,303.404.505-61,Lucas Gouveia,2025-08-31,Carla Nogueira,2523.36,PIX,serviço
T01589,666.777.888-95,Fábio Leal,2025-08-31,Diego Vasconcelos,6554.13,TRANSFERÊNCIA,compra
T01590,111.222.333-40,Aline Monteiro,2025-09-01,Henrique Paiva,1582.22,TED,compra
T01591,888.999.000-17,Henrique Paiva,2025-09-01,ÔMEGA EVENTOS ME,2361.15,BOLETO,serviço
T01592,777.888.999-06,Gabriela Ramos,2025-09-01,DELTA CONSULTORIA LTDA,6892.82,PIX,pagamento
T01593,999.000.111-28,Isabela Dantas,2025-09-01,Karen Freitas,2854.87,PIX,compra
T01594,555.666.777-84,Elisa Barros,2025-09-01,ÔMEGA EVENTOS ME,4832.79,TED,pagamento
T01595,777.888.999-06,Gabriela Ramos,2025-09-01,Bruno Tavares,7521.82,TRANSFERÊNCIA,pagamento
T01596,666.777.888-95,Fábio Leal,2025-09-01,ÔMEGA EVENTOS ME,2362.61,TED,pagamento
T01597,999.000.111-28,Isabela Dantas,2025-09-01,Aline Monteiro,1955.02,TRANSFERÊNCIA,serviço
T01598,303.404.505-61,Lucas Gouveia,2025-09-02,Aline Monteiro,2349.89,TED,rotina
T01599,222.333.444-51,Bruno Tavares,2025-09-02,Diego Vasconcelos,419.51,TED,rotina
T01600,888.999.000-17,Henrique Paiva,2025-09-02,ÔMEGA EVENTOS ME,6076.96,TRANSFERÊNCIA,rotina
T01601,202.303.404-50,Karen Freitas,2025-09-03,BETA SERVIÇOS ME,4156.73,BOLETO,pagamento
T01602,303.404.505-61,Lucas Gouveia,2025-09-03,Jonas Melo,5999.64,TRANSFERÊNCIA,serviço
T01603,101.202.303-49,Jonas Melo,2025-09-03,Karen Freitas,2603.49,TRANSFERÊNCIA,serviço
T01604,666.777.888-95,Fábio Leal,2025-09-03,ALFA COMÉRCIO LTDA,3122.48,TED,serviço
T01605,888.999.000-17,Henrique Paiva,2025-09-03,Karen Freitas,4340.17,PIX,rotina
T01606,666.777.888-95,Fábio Leal,2025-09-03,ALFA COMÉRCIO LTDA,3412.38,PIX,pagamento
T01607,333.444.555-62,Carla Nogueira,2025-09-03,DELTA CONSULTORIA LTDA,5597.35,TRANSFERÊNCIA,serviço
T01608,999.000.111-28,Isabela Dantas,2025-09-03,DELTA CONSULTORIA LTDA,5804.17,TRANSFERÊNCIA,compra
T01609,101.202.303-49,Jonas Melo,2025-09-04,Fábio Leal,8036.62,TRANSFERÊNCIA,pagamento
T01610,333.444.555-62,Carla Nogueira,2025-09-04,Karen Freitas,6151.65,TRANSFERÊNCIA,serviço
T01611,222.333.444-51,Bruno Tavares,2025-09-04,Gabriela Ramos,4250.8,TRANSFERÊNCIA,compra
T01612,333.444.555-62,Carla Nogueira,2025-09-04,DELTA CONSULTORIA LTDA,5750.48,BOLETO,serviço
T01613,222.333.444-51,Bruno Tavares,2025-09-04,Fábio Leal,1706.95,PIX,pagamento
T01614,999.000.111-28,Isabela Dantas,2025-09-04,Lucas Gouveia,3270.13,PIX,serviço
T01615,888.999.000-17,Henrique Paiva,2025-09-04,Diego Vasconcelos,1597.84,TED,serviço
T01616,888.999.000-17,Henrique Paiva,2025-09-04,GAMA LOGÍSTICA LTDA,92000,TED,aporte extraordinário
T01617,444.555.666-73,Diego Vasconcelos,2025-09-05,DELTA CONSULTORIA LTDA,6249.59,BOLETO,rotina
T01618,101.202.303-49,Jonas Melo,2025-09-05,Jonas Melo,1476.47,PIX,pagamento
T01619,222.333.444-51,Bruno Tavares,2025-09-05,Henrique Paiva,1446.75,BOLETO,serviço
T01620,303.404.505-61,Lucas Gouveia,2025-09-05,ALFA COMÉRCIO LTDA,5404.45,TRANSFERÊNCIA,compra
T01621,111.222.333-40,Aline Monteiro,2025-09-05,ALFA COMÉRCIO LTDA,9872.63,PIX,repasse
T01622,111.222.333-40,Aline Monteiro,2025-09-05,ALFA COMÉRCIO LTDA,9800.77,PIX,repasse
T01623,222.333.444-51,Bruno Tavares,2025-09-05,ALFA COMÉRCIO LTDA,9938.39,PIX,repasse
T01624,222.333.444-51,Bruno Tavares,2025-09-05,ALFA COMÉRCIO LTDA,9935.23,PIX,repasse
T01625,555.666.777-84,Elisa Barros,2025-09-06,Bruno Tavares,554.29,PIX,rotina
T01626,666.777.888-95,Fábio Leal,2025-09-06,BETA SERVIÇOS ME,4774.15,TRANSFERÊNCIA,compra
T01627,222.333.444-51,Bruno Tavares,2025-09-06,Carla Nogueira,780.47,PIX,pagamento
T01628,555.666.777-84,Elisa Barros,2025-09-06,Carla Nogueira,2861.53,BOLETO,serviço
T01629,777.888.999-06,Gabriela Ramos,2025-09-06,Diego Vasconcelos,2946.02,TED,rotina
T01630,202.303.404-50,Karen Freitas,2025-09-07,Karen Freitas,2310.92,TED,serviço
T01631,666.777.888-95,Fábio Leal,2025-09-07,DELTA CONSULTORIA LTDA,8394.85,TED,pagamento
T01632,888.999.000-17,Henrique Paiva,2025-09-07,GAMA LOGÍSTICA LTDA,1944.76,TRANSFERÊNCIA,compra
T01633,444.555.666-73,Diego Vasconcelos,2025-09-08,Henrique Paiva,1162.2,TRANSFERÊNCIA,pagamento
T01634,444.555.666-73,Diego Vasconcelos,2025-09-08,Gabriela Ramos,5108.08,TED,rotina
T01635,555.666.777-84,Elisa Barros,2025-09-08,Fábio Leal,5017.76,PIX,pagamento
T01636,444.555.666-73,Diego Vasconcelos,2025-09-08,Carla Nogueira,887.78,PIX,rotina
T01637,222.333.444-51,Bruno Tavares,2025-09-08,Jonas Melo,5018.32,PIX,compra
T01638,333.444.555-62,Carla Nogueira,2025-09-08,Henrique Paiva,3213.2,BOLETO,compra
T01639,101.202.303-49,Jonas Melo,2025-09-08,Gabriela Ramos,473.48,PIX,pagamento
T01640,111.222.333-40,Aline Monteiro,2025-09-09,Isabela Dantas,4205.92,TRANSFERÊNCIA,serviço
T01641,222.333.444-51,Bruno Tavares,2025-09-09,Carla Nogueira,8222.27,TRANSFERÊNCIA,serviço
T01642,999.000.111-28,Isabela Dantas,2025-09-09,Carla Nogueira,2096.66,PIX,serviço
T01643,666.777.888-95,Fábio Leal,2025-09-09,Gabriela Ramos,5114.33,PIX,pagamento
T01644,101.202.303-49,Jonas Melo,2025-09-09,Jonas Melo,4286.83,TRANSFERÊNCIA,serviço
T01645,777.888.999-06,Gabriela Ramos,2025-09-09,Henrique Paiva,1570.73,TRANSFERÊNCIA,serviço
T01646,222.333.444-51,Bruno Tavares,2025-09-10,Elisa Barros,1572.49,BOLETO,rotina
T01647,777.888.999-06,Gabriela Ramos,2025-09-10,Bruno Tavares,1976.47,PIX,rotina
T01648,888.999.000-17,Henrique Paiva,2025-09-10,Karen Freitas,5937.42,TED,pagamento
T01649,202.303.404-50,Karen Freitas,2025-09-10,Isabela Dantas,4724.71,BOLETO,rotina
T01650,111.222.333-40,Aline Monteiro,2025-09-10,Karen Freitas,1780.78,TED,pagamento
T01651,777.888.999-06,Gabriela Ramos,2025-09-10,Isabela Dantas,5373.62,TRANSFERÊNCIA,rotina
T01652,555.666.777-84,Elisa Barros,2025-09-10,GAMA LOGÍSTICA LTDA,4598.01,BOLETO,pagamento
T01653,333.444.555-62,Carla Nogueira,2025-09-10,BETA SERVIÇOS ME,4969.25,BOLETO,serviço
T01654,111.222.333-40,Aline Monteiro,2025-09-11,Fábio Leal,7989.11,BOLETO,rotina
T01655,202.303.404-50,Karen Freitas,2025-09-11,GAMA LOGÍSTICA LTDA,1238.92,TED,rotina
T01656,111.222.333-40,Aline Monteiro,2025-09-11,Fábio Leal,2519.07,PIX,pagamento
T01657,303.404.505-61,Lucas Gouveia,2025-09-11,Karen Freitas,6213.88,TED,serviço
T01658,666.777.888-95,Fábio Leal,2025-09-11,BETA SERVIÇOS ME,7272.31,TED,compra
T01659,999.000.111-28,Isabela Dantas,2025-09-11,ÔMEGA EVENTOS ME,899.13,TED,rotina
T01660,202.303.404-50,Karen Freitas,2025-09-12,ALFA COMÉRCIO LTDA,4640.9,TRANSFERÊNCIA,compra
T01661,101.202.303-49,Jonas Melo,2025-09-12,Henrique Paiva,3995.31,PIX,serviço
T01662,666.777.888-95,Fábio Leal,2025-09-12,Henrique Paiva,280.23,TRANSFERÊNCIA,pagamento
T01663,111.222.333-40,Aline Monteiro,2025-09-12,ALFA COMÉRCIO LTDA,9705.28,PIX,repasse
T01664,111.222.333-40,Aline Monteiro,2025-09-12,ALFA COMÉRCIO LTDA,9721.94,PIX,repasse
T01665,222.333.444-51,Bruno Tavares,2025-09-12,ALFA COMÉRCIO LTDA,9964.4,PIX,repasse
T01666,222.333.444-51,Bruno Tavares,2025-09-12,ALFA COMÉRCIO LTDA,9920.13,PIX,repasse
T01667,222.333.444-51,Bruno Tavares,2025-09-12,ALFA COMÉRCIO LTDA,9828.46,PIX,repasse
T01668,999.000.111-28,Isabela Dantas,2025-09-13,Fábio Leal,5672.74,BOLETO,rotina
T01669,202.303.404-50,Karen Freitas,2025-09-13,Isabela Dantas,570.1,BOLETO,serviço
T01670,111.222.333-40,Aline Monteiro,2025-09-13,GAMA LOGÍSTICA LTDA,898.86,TED,compra
T01671,111.222.333-40,Aline Monteiro,2025-09-13,ALFA COMÉRCIO LTDA,9871.5,PIX,repasse
T01672,111.222.333-40,Aline Monteiro,2025-09-13,ALFA COMÉRCIO LTDA,9927.19,PIX,repasse
T01673,111.222.333-40,Aline Monteiro,2025-09-13,ALFA COMÉRCIO LTDA,9705.27,PIX,repasse
T01674,222.333.444-51,Bruno Tavares,2025-09-13,ALFA COMÉRCIO LTDA,9791.44,PIX,repasse
T01675,222.333.444-51,Bruno Tavares,2025-09-13,ALFA COMÉRCIO LTDA,9827.18,PIX,repasse
T01676,222.333.444-51,Bruno Tavares,2025-09-14,Lucas Gouveia,5043.22,BOLETO,serviço
T01677,202.303.404-50,Karen Freitas,2025-09-14,ÔMEGA EVENTOS ME,5624.05,TED,serviço
T01678,777.888.999-06,Gabriela Ramos,2025-09-14,ALFA COMÉRCIO LTDA,6145.78,TRANSFERÊNCIA,pagamento
T01679,303.404.505-61,Lucas Gouveia,2025-09-14,ÔMEGA EVENTOS ME,2052.93,TED,pagamento
T01680,666.777.888-95,Fábio Leal,2025-09-15,Bruno Tavares,2425.32,TED,pagamento
T01681,999.000.111-28,Isabela Dantas,2025-09-15,GAMA LOGÍSTICA LTDA,1538.5,TED,rotina
T01682,444.555.666-73,Diego Vasconcelos,2025-09-15,Isabela Dantas,460.46,PIX,serviço
T01683,777.888.999-06,Gabriela Ramos,2025-09-16,GAMA LOGÍSTICA LTDA,529.52,PIX,rotina
T01684,888.999.000-17,Henrique Paiva,2025-09-16,Carla Nogueira,4271.5,BOLETO,serviço
T01685,202.303.404-50,Karen Freitas,2025-09-16,Isabela Dantas,7539.96,TRANSFERÊNCIA,compra
T01686,888.999.000-17,Henrique Paiva,2025-09-16,Gabriela Ramos,1461.64,BOLETO,rotina
T01687,666.777.888-95,Fábio Leal,2025-09-16,GAMA LOGÍSTICA LTDA,8194.31,TRANSFERÊNCIA,compra
T01688,101.202.303-49,Jonas Melo,2025-09-16,Jonas Melo,7137.93,TED,compra
T01689,303.404.505-61,Lucas Gouveia,2025-09-17,Diego Vasconcelos,8131.78,PIX,rotina
T01690,222.333.444-51,Bruno Tavares,2025-09-17,DELTA CONSULTORIA LTDA,6670.48,TRANSFERÊNCIA,rotina
T01691,111.222.333-40,Aline Monteiro,2025-09-17,Elisa Barros,5892.26,TED,pagamento
T01692,101.202.303-49,Jonas Melo,2025-09-17,BETA SERVIÇOS ME,6315.0,TED,pagamento
T01693,111.222.333-40,Aline Monteiro,2025-09-18,Karen Freitas,478.55,PIX,rotina
T01694,444.555.666-73,Diego Vasconcelos,2025-09-18,Elisa Barros,3809.23,TED,serviço
T01695,666.777.888-95,Fábio Leal,2025-09-18,Aline Monteiro,922.91,TED,pagamento
T01696,101.202.303-49,Jonas Melo,2025-09-18,GAMA LOGÍSTICA LTDA,3088.3,BOLETO,rotina
T01697,303.404.505-61,Lucas Gouveia,2025-09-19,Henrique Paiva,2951.43,TED,rotina
T01698,999.000.111-28,Isabela Dantas,2025-09-19,Karen Freitas,6289.45,TED,compra
T01699,202.303.404-50,Karen Freitas,2025-09-19,Lucas Gouveia,7931.54,TRANSFERÊNCIA,serviço
T01700,111.222.333-40,Aline Monteiro,2025-09-19,Carla Nogueira,1281.35,TED,rotina
T01701,111.222.333-40,Aline Monteiro,2025-09-19,ALFA COMÉRCIO LTDA,9918.15,PIX,repasse
T01702,111.222.333-40,Aline Monteiro,2025-09-19,ALFA COMÉRCIO LTDA,9829.41,PIX,repasse
T01703,111.222.333-40,Aline Monteiro,2025-09-19,ALFA COMÉRCIO LTDA,9937.9,PIX,repasse
T01704,222.333.444-51,Bruno Tavares,2025-09-19,ALFA COMÉRCIO LTDA,9790.83,PIX,repasse
T01705,222.333.444-51,Bruno Tavares,2025-09-19,ALFA COMÉRCIO LTDA,9803.96,PIX,repasse
T01706,999.000.111-28,Isabela Dantas,2025-09-20,Diego Vasconcelos,6377.41,TRANSFERÊNCIA,serviço
T01707,303.404.505-61,Lucas Gouveia,2025-09-20,Carla Nogueira,3574.54,TRANSFERÊNCIA,rotina
T01708,303.404.505-61,Lucas Gouveia,2025-09-20,Henrique Paiva,8353.04,BOLETO,pagamento
T01709,303.404.505-61,Lucas Gouveia,2025-09-20,Bruno Tavares,1927.1,PIX,pagamento
T01710,111.222.333-40,Aline Monteiro,2025-09-20,ALFA COMÉRCIO LTDA,9930.27,PIX,repasse
T01711,111.222.333-40,Aline Monteiro,2025-09-20,ALFA COMÉRCIO LTDA,9671.75,PIX,repasse
T01712,222.333.444-51,Bruno Tavares,2025-09-20,ALFA COMÉRCIO LTDA,9870.92,PIX,repasse
T01713,222.333.444-51,Bruno Tavares,2025-09-20,ALFA COMÉRCIO LTDA,9917.31,PIX,repasse
T01714,222.333.444-51,Bruno Tavares,2025-09-20,ALFA COMÉRCIO LTDA,9797.43,PIX,repasse
T01715,202.303.404-50,Karen Freitas,2025-09-21,Isabela Dantas,7209.8,TRANSFERÊNCIA,rotina
T01716,444.555.666-73,Diego Vasconcelos,2025-09-21,GAMA LOGÍSTICA LTDA,3327.38,PIX,compra
T01717,555.666.777-84,Elisa Barros,2025-09-21,Elisa Barros,4200.25,BOLETO,rotina
T01718,777.888.999-06,Gabriela Ramos,2025-09-21,Aline Monteiro,4316.06,TED,pagamento
T01719,222.333.444-51,Bruno Tavares,2025-09-21,Diego Vasconcelos,1333.1,PIX,compra
T01720,202.303.404-50,Karen Freitas,2025-09-21,GAMA LOGÍSTICA LTDA,4672.35,BOLETO,pagamento
T01721,111.222.333-40,Aline Monteiro,2025-09-22,GAMA LOGÍSTICA LTDA,4514.18,BOLETO,pagamento
T01722,444.555.666-73,Diego Vasconcelos,2025-09-22,Jonas Melo,1340.83,TRANSFERÊNCIA,serviço
T01723,444.555.666-73,Diego Vasconcelos,2025-09-22,BETA SERVIÇOS ME,4554.97,PIX,pagamento
T01724,888.999.000-17,Henrique Paiva,2025-09-22,DELTA CONSULTORIA LTDA,6004.56,TED,rotina
T01725,888.999.000-17,Henrique Paiva,2025-09-22,ALFA COMÉRCIO LTDA,6160.19,TRANSFERÊNCIA,compra
T01726,101.202.303-49,Jonas Melo,2025-09-22,DELTA CONSULTORIA LTDA,1747.12,PIX,pagamento
T01727,999.000.111-28,Isabela Dantas,2025-09-22,Karen Freitas,8072.49,BOLETO,pagamento
T01728,999.000.111-28,Isabela Dantas,2025-09-22,SIGMA PARTICIPAÇÕES LTDA,7173.08,PIX,compra
T01729,888.999.000-17,Henrique Paiva,2025-09-23,BETA SERVIÇOS ME,5516.46,TRANSFERÊNCIA,serviço
T01730,333.444.555-62,Carla Nogueira,2025-09-23,Elisa Barros,2618.89,TRANSFERÊNCIA,rotina
T01731,222.333.444-51,Bruno Tavares,2025-09-23,Bruno Tavares,7150.07,BOLETO,compra
T01732,888.999.000-17,Henrique Paiva,2025-09-23,Elisa Barros,4104.94,TRANSFERÊNCIA,pagamento
T01733,777.888.999-06,Gabriela Ramos,2025-09-23,ÔMEGA EVENTOS ME,3130.53,BOLETO,rotina
T01734,333.444.555-62,Carla Nogueira,2025-09-23,Diego Vasconcelos,6904.58,TED,compra
T01735,444.555.666-73,Diego Vasconcelos,2025-09-23,Jonas Melo,7066.16,BOLETO,rotina
T01736,303.404.505-61,Lucas Gouveia,2025-09-24,Fábio Leal,2897.85,PIX,rotina
T01737,333.444.555-62,Carla Nogueira,2025-09-24,Karen Freitas,2128.08,TRANSFERÊNCIA,pagamento
T01738,999.000.111-28,Isabela Dantas,2025-09-24,ALFA COMÉRCIO LTDA,478.72,TRANSFERÊNCIA,rotina
T01739,222.333.444-51,Bruno Tavares,2025-09-25,Lucas Gouveia,705.51,TRANSFERÊNCIA,pagamento
T01740,888.999.000-17,Henrique Paiva,2025-09-25,Fábio Leal,6808.74,TED,rotina
T01741,444.555.666-73,Diego Vasconcelos,2025-09-25,Elisa Barros,1963.0,TRANSFERÊNCIA,compra
T01742,333.444.555-62,Carla Nogueira,2025-09-26,Bruno Tavares,5433.67,TRANSFERÊNCIA,rotina
T01743,777.888.999-06,Gabriela Ramos,2025-09-26,Karen Freitas,4414.74,BOLETO,serviço
T01744,303.404.505-61,Lucas Gouveia,2025-09-26,DELTA CONSULTORIA LTDA,1617.81,BOLETO,rotina
T01745,222.333.444-51,Bruno Tavares,2025-09-26,Aline Monteiro,2581.19,PIX,rotina
T01746,999.000.111-28,Isabela Dantas,2025-09-26,BETA SERVIÇOS ME,8005.54,TED,compra
T01747,444.555.666-73,Diego Vasconcelos,2025-09-26,Diego Vasconcelos,6091.05,TRANSFERÊNCIA,serviço
T01748,111.222.333-40,Aline Monteiro,2025-09-26,ALFA COMÉRCIO LTDA,9943.16,PIX,repasse
T01749,222.333.444-51,Bruno Tavares,2025-09-26,ALFA COMÉRCIO LTDA,9715.67,PIX,repasse
T01750,222.333.444-51,Bruno Tavares,2025-09-26,ALFA COMÉRCIO LTDA,9956.28,PIX,repasse
T01751,222.333.444-51,Bruno Tavares,2025-09-26,ALFA COMÉRCIO LTDA,9800.37,PIX,repasse
T01752,777.888.999-06,Gabriela Ramos,2025-09-27,ÔMEGA EVENTOS ME,4275.57,TRANSFERÊNCIA,pagamento
T01753,202.303.404-50,Karen Freitas,2025-09-27,DELTA CONSULTORIA LTDA,6404.28,BOLETO,compra
T01754,777.888.999-06,Gabriela Ramos,2025-09-27,Diego Vasconcelos,2151.11,BOLETO,compra
T01755,111.222.333-40,Aline Monteiro,2025-09-27,Jonas Melo,4679.62,TRANSFERÊNCIA,compra
T01756,888.999.000-17,Henrique Paiva,2025-09-27,Isabela Dantas,1314.77,TRANSFERÊNCIA,compra
T01757,888.999.000-17,Henrique Paiva,2025-09-27,BETA SERVIÇOS ME,619.49,TED,pagamento
T01758,111.222.333-40,Aline Monteiro,2025-09-27,ALFA COMÉRCIO LTDA,9913.1,PIX,repasse
T01759,111.222.333-40,Aline Monteiro,2025-09-27,ALFA COMÉRCIO LTDA,9685.68,PIX,repasse
T01760,111.222.333-40,Aline Monteiro,2025-09-27,ALFA COMÉRCIO LTDA,9821.67,PIX,repasse
T01761,222.333.444-51,Bruno Tavares,2025-09-27,ALFA COMÉRCIO LTDA,9929.9,PIX,repasse
T01762,111.222.333-40,Aline Monteiro,2025-09-28,Gabriela Ramos,568.52,BOLETO,compra
T01763,666.777.888-95,Fábio Leal,2025-09-28,Diego Vasconcelos,3529.82,TRANSFERÊNCIA,serviço
T01764,999.000.111-28,Isabela Dantas,2025-09-28,Jonas Melo,5155.81,TED,serviço
T01765,999.000.111-28,Isabela Dantas,2025-09-29,Karen Freitas,2964.6,TED,pagamento
T01766,666.777.888-95,Fábio Leal,2025-09-29,ÔMEGA EVENTOS ME,6428.79,BOLETO,serviço
T01767,222.333.444-51,Bruno Tavares,2025-09-29,Diego Vasconcelos,3193.64,BOLETO,rotina
T01768,444.555.666-73,Diego Vasconcelos,2025-09-29,Fábio Leal,6593.94,PIX,pagamento
T01769,202.303.404-50,Karen Freitas,2025-09-30,Elisa Barros,551.93,BOLETO,compra
T01770,202.303.404-50,Karen Freitas,2025-09-30,SIGMA PARTICIPAÇÕES LTDA,1121.62,TRANSFERÊNCIA,pagamento
T01771,111.222.333-40,Aline Monteiro,2025-09-30,Fábio Leal,5335.8,PIX,rotina
T01772,101.202.303-49,Jonas Melo,2025-09-30,Aline Monteiro,3371.63,PIX,rotina
T01773,222.333.444-51,Bruno Tavares,2025-09-30,Karen Freitas,6381.23,TRANSFERÊNCIA,pagamento
T01774,555.666.777-84,Elisa Barros,2025-09-30,Bruno Tavares,776.59,TRANSFERÊNCIA,rotina
T01775,222.333.444-51,Bruno Tavares,2025-09-30,Lucas Gouveia,391.89,TRANSFERÊNCIA,serviço
T01776,666.777.888-95,Fábio Leal,2025-09-30,BETA SERVIÇOS ME,7398.69,PIX,serviço
T01777,101.202.303-49,Jonas Melo,2025-10-01,Isabela Dantas,2356.01,BOLETO,serviço
T01778,999.000.111-28,Isabela Dantas,2025-10-01,,7080.74,BOLETO,compra
T01779,111.222.333-40,Aline Monteiro,2025-10-01,Karen Freitas,4290.57,TED,rotina
T01780,444.555.666-73,Diego Vasconcelos,2025-10-02,Elisa Barros,6397.21,PIX,rotina
T01781,777.888.999-06,Gabriela Ramos,2025-10-02,ÔMEGA EVENTOS ME,5647.26,PIX,pagamento
T01782,888.999.000-17,Henrique Paiva,2025-10-02,Lucas Gouveia,6845.65,BOLETO,serviço
T01783,999.000.111-28,Isabela Dantas,2025-10-02,Elisa Barros,6560.82,BOLETO,compra
T01784,666.777.888-95,Fábio Leal,2025-10-02,Fábio Leal,3430.97,TED,pagamento
T01785,333.444.555-62,Carla Nogueira,2025-10-02,Jonas Melo,5710.91,PIX,pagamento
T01786,303.404.505-61,Lucas Gouveia,2025-10-02,ALFA COMÉRCIO LTDA,1047.88,BOLETO,compra
T01787,333.444.555-62,Carla Nogueira,2025-10-03,Diego Vasconcelos,4516.56,BOLETO,pagamento
T01788,444.555.666-73,Diego Vasconcelos,2025-10-03,DELTA CONSULTORIA LTDA,6470.75,PIX,pagamento
T01789,666.777.888-95,Fábio Leal,2025-10-03,Carla Nogueira,2899.84,TED,rotina
T01790,111.222.333-40,Aline Monteiro,2025-10-03,ALFA COMÉRCIO LTDA,9809.75,PIX,repasse
T01791,111.222.333-40,Aline Monteiro,2025-10-03,ALFA COMÉRCIO LTDA,9829.3,PIX,repasse
T01792,111.222.333-40,Aline Monteiro,2025-10-03,ALFA COMÉRCIO LTDA,9879.35,PIX,repasse
T01793,222.333.444-51,Bruno Tavares,2025-10-03,ALFA COMÉRCIO LTDA,9921.63,PIX,repasse
T01794,999.000.111-28,Isabela Dantas,2025-10-04,Diego Vasconcelos,1128.36,TED,rotina
T01795,222.333.444-51,Bruno Tavares,2025-10-04,Lucas Gouveia,2647.76,PIX,pagamento
T01796,222.333.444-51,Bruno Tavares,2025-10-04,Gabriela Ramos,4373.06,BOLETO,compra
T01797,888.999.000-17,Henrique Paiva,2025-10-04,Karen Freitas,7173.78,BOLETO,compra
T01798,999.000.111-28,Isabela Dantas,2025-10-05,Lucas Gouveia,5356.07,BOLETO,pagamento
T01799,999.000.111-28,Isabela Dantas,2025-10-05,Aline Monteiro,257.53,PIX,rotina
T01800,888.999.000-17,Henrique Paiva,2025-10-05,Aline Monteiro,596.81,BOLETO,rotina
T01801,666.777.888-95,Fábio Leal,2025-10-05,ALFA COMÉRCIO LTDA,3583.46,PIX,pagamento
T01802,111.222.333-40,Aline Monteiro,2025-10-05,ALFA COMÉRCIO LTDA,6569.11,BOLETO,pagamento
T01803,666.777.888-95,Fábio Leal,2025-10-05,Carla Nogueira,6389.34,PIX,rotina
T01804,222.333.444-51,Bruno Tavares,2025-10-05,Gabriela Ramos,2442.66,TRANSFERÊNCIA,rotina
T01805,555.666.777-84,Elisa Barros,2025-10-06,GAMA LOGÍSTICA LTDA,3323.03,TRANSFERÊNCIA,pagamento
T01806,303.404.505-61,Lucas Gouveia,2025-10-06,Henrique Paiva,6412.61,TRANSFERÊNCIA,rotina
T01807,999.000.111-28,Isabela Dantas,2025-10-06,Diego Vasconcelos,6187.34,TED,rotina
T01808,999.000.111-28,Isabela Dantas,2025-10-06,GAMA LOGÍSTICA LTDA,6035.98,PIX,rotina
T01809,101.202.303-49,Jonas Melo,2025-10-06,Elisa Barros,8230.27,TED,rotina
T01810,999.000.111-28,Isabela Dantas,2025-10-06,SIGMA PARTICIPAÇÕES LTDA,1744.53,TRANSFERÊNCIA,compra
T01811,101.202.303-49,Jonas Melo,2025-10-06,Bruno Tavares,2214.82,TRANSFERÊNCIA,serviço
T01812,333.444.555-62,Carla Nogueira,2025-10-07,SIGMA PARTICIPAÇÕES LTDA,1346.3,TED,rotina
T01813,999.000.111-28,Isabela Dantas,2025-10-07,ALFA COMÉRCIO LTDA,5632.89,TED,rotina
T01814,555.666.777-84,Elisa Barros,2025-10-07,Diego Vasconcelos,4798.72,PIX,compra
T01815,202.303.404-50,Karen Freitas,2025-10-07,BETA SERVIÇOS ME,3949.73,PIX,compra
T01816,888.999.000-17,Henrique Paiva,2025-10-07,GAMA LOGÍSTICA LTDA,,TED,compra
T01817,303.404.505-61,Lucas Gouveia,2025-10-07,Aline Monteiro,5323.65,TRANSFERÊNCIA,serviço
T01818,888.999.000-17,Henrique Paiva,2025-10-07,GAMA LOGÍSTICA LTDA,3162.38,BOLETO,pagamento
T01819,888.999.000-17,Henrique Paiva,2025-10-07,Gabriela Ramos,1858.68,TRANSFERÊNCIA,pagamento
T01820,303.404.505-61,Lucas Gouveia,2025-10-08,Lucas Gouveia,8184.2,TRANSFERÊNCIA,rotina
T01821,202.303.404-50,Karen Freitas,2025-10-08,Elisa Barros,2513.41,PIX,pagamento
T01822,202.303.404-50,Karen Freitas,2025-10-08,Diego Vasconcelos,3548.77,TED,compra
T01823,888.999.000-17,Henrique Paiva,2025-10-08,Jonas Melo,1083.05,TED,compra
T01824,777.888.999-06,Gabriela Ramos,2025-10-08,Aline Monteiro,1940.45,BOLETO,serviço
T01825,202.303.404-50,Karen Freitas,2025-10-08,BETA SERVIÇOS ME,1776.09,BOLETO,compra
T01826,888.999.000-17,Henrique Paiva,2025-10-08,Fábio Leal,3292.97,BOLETO,pagamento
T01827,101.202.303-49,Jonas Melo,2025-10-09,Aline Monteiro,5034.23,PIX,serviço
T01828,222.333.444-51,Bruno Tavares,2025-10-09,GAMA LOGÍSTICA LTDA,7973.37,BOLETO,serviço
T01829,444.555.666-73,Diego Vasconcelos,2025-10-09,SIGMA PARTICIPAÇÕES LTDA,1570.58,TRANSFERÊNCIA,rotina
T01830,222.333.444-51,Bruno Tavares,2025-10-10,ALFA COMÉRCIO LTDA,3107.52,TRANSFERÊNCIA,pagamento
T01831,444.555.666-73,Diego Vasconcelos,2025-10-10,Gabriela Ramos,2290.15,PIX,serviço
T01832,555.666.777-84,Elisa Barros,2025-10-10,Fábio Leal,672.43,PIX,compra
T01833,999.000.111-28,Isabela Dantas,2025-10-10,Isabela Dantas,7825.83,PIX,compra
T01834,202.303.404-50,Karen Freitas,2025-10-10,DELTA CONSULTORIA LTDA,3583.62,TED,rotina
T01835,555.666.777-84,Elisa Barros,2025-10-10,Diego Vasconcelos,1507.52,TED,compra
T01836,444.555.666-73,Diego Vasconcelos,2025-10-11,Jonas Melo,1285.05,PIX,rotina
T01837,303.404.505-61,Lucas Gouveia,2025-10-11,Aline Monteiro,8420.79,TRANSFERÊNCIA,rotina
T01838,303.404.505-61,Lucas Gouveia,2025-10-11,Lucas Gouveia,282.2,PIX,rotina
T01839,111.222.333-40,Aline Monteiro,2025-10-11,ALFA COMÉRCIO LTDA,9925.24,PIX,repasse
T01840,222.333.444-51,Bruno Tavares,2025-10-11,ALFA COMÉRCIO LTDA,9685.11,PIX,repasse
T01841,222.333.444-51,Bruno Tavares,2025-10-12,Diego Vasconcelos,1455.59,TED,pagamento
T01842,444.555.666-73,Diego Vasconcelos,2025-10-12,GAMA LOGÍSTICA LTDA,3305.63,TED,serviço
T01843,202.303.404-50,Karen Freitas,2025-10-12,Lucas Gouveia,2607.13,PIX,compra
T01844,999.000.111-28,Isabela Dantas,2025-10-13,Gabriela Ramos,6349.47,PIX,compra
T01845,777.888.999-06,Gabriela Ramos,2025-10-13,Jonas Melo,295.03,TED,compra
T01846,101.202.303-49,Jonas Melo,2025-10-13,Carla Nogueira,1455.51,PIX,pagamento
T01847,444.555.666-73,Diego Vasconcelos,2025-10-13,Lucas Gouveia,7058.65,TED,pagamento
T01848,333.444.555-62,Carla Nogueira,2025-10-13,Isabela Dantas,5244.28,TED,pagamento
T01849,202.303.404-50,Karen Freitas,2025-10-13,ALFA COMÉRCIO LTDA,7405.65,BOLETO,compra
T01850,333.444.555-62,Carla Nogueira,2025-10-14,ÔMEGA EVENTOS ME,4767.96,PIX,compra
T01851,444.555.666-73,Diego Vasconcelos,2025-10-14,Diego Vasconcelos,4340.21,TED,rotina
T01852,555.666.777-84,Elisa Barros,2025-10-14,Carla Nogueira,8187.18,TRANSFERÊNCIA,pagamento
T01853,333.444.555-62,Carla Nogueira,2025-10-14,DELTA CONSULTORIA LTDA,4239.51,PIX,compra
T01854,333.444.555-62,Carla Nogueira,2025-10-14,Aline Monteiro,8298.25,BOLETO,serviço
T01855,111.222.333-40,Aline Monteiro,2025-10-15,BETA SERVIÇOS ME,150.35,TED,compra
T01856,222.333.444-51,Bruno Tavares,2025-10-15,ALFA COMÉRCIO LTDA,4266.31,TED,compra
T01857,999.000.111-28,Isabela Dantas,2025-10-15,Lucas Gouveia,1537.62,BOLETO,serviço
T01858,888.999.000-17,Henrique Paiva,2025-10-15,Diego Vasconcelos,2973.16,BOLETO,rotina
T01859,888.999.000-17,Henrique Paiva,2025-10-16,Karen Freitas,915.18,TED,serviço
T01860,111.222.333-40,Aline Monteiro,2025-10-16,Gabriela Ramos,6547.94,BOLETO,rotina
T01861,101.202.303-49,Jonas Melo,2025-10-16,DELTA CONSULTORIA LTDA,1658.31,TRANSFERÊNCIA,compra
T01862,555.666.777-84,Elisa Barros,2025-10-16,BETA SERVIÇOS ME,7795.44,TRANSFERÊNCIA,pagamento
T01863,888.999.000-17,Henrique Paiva,2025-10-17,DELTA CONSULTORIA LTDA,4493.09,TED,rotina
T01864,101.202.303-49,Jonas Melo,2025-10-17,Diego Vasconcelos,7141.38,TED,rotina
T01865,999.000.111-28,Isabela Dantas,2025-10-17,BETA SERVIÇOS ME,4685.53,BOLETO,pagamento
T01866,111.222.333-40,Aline Monteiro,2025-10-17,ALFA COMÉRCIO LTDA,9713.48,PIX,repasse
T01867,111.222.333-40,Aline Monteiro,2025-10-17,ALFA COMÉRCIO LTDA,9958.45,PIX,repasse
T01868,222.333.444-51,Bruno Tavares,2025-10-17,ALFA COMÉRCIO LTDA,9798.0,PIX,repasse
T01869,222.333.444-51,Bruno Tavares,2025-10-17,ALFA COMÉRCIO LTDA,9816.41,PIX,repasse
T01870,222.333.444-51,Bruno Tavares,2025-10-17,ALFA COMÉRCIO LTDA,9793.32,PIX,repasse
T01871,222.333.444-51,Bruno Tavares,2025-10-18,Karen Freitas,7827.12,TRANSFERÊNCIA,serviço
T01872,303.404.505-61,Lucas Gouveia,2025-10-18,SIGMA PARTICIPAÇÕES LTDA,358.97,TED,serviço
T01873,555.666.777-84,Elisa Barros,2025-10-18,Gabriela Ramos,6615.87,BOLETO,pagamento
T01874,222.333.444-51,Bruno Tavares,2025-10-18,Fábio Leal,3992.15,PIX,serviço
T01875,303.404.505-61,Lucas Gouveia,2025-10-18,Carla Nogueira,5162.7,BOLETO,serviço
T01876,666.777.888-95,Fábio Leal,2025-10-19,ÔMEGA EVENTOS ME,2051.13,PIX,serviço
T01877,222.333.444-51,Bruno Tavares,2025-10-19,Bruno Tavares,6763.53,TRANSFERÊNCIA,rotina
T01878,999.000.111-28,Isabela Dantas,2025-10-19,Bruno Tavares,1554.85,BOLETO,compra
T01879,222.333.444-51,Bruno Tavares,2025-10-19,Karen Freitas,4614.29,PIX,serviço
T01880,888.999.000-17,Henrique Paiva,2025-10-19,Isabela Dantas,4183.55,TRANSFERÊNCIA,pagamento
T01881,303.404.505-61,Lucas Gouveia,2025-10-20,Aline Monteiro,4087.07,PIX,serviço
T01882,303.404.505-61,Lucas Gouveia,2025-10-20,Aline Monteiro,6575.78,TRANSFERÊNCIA,pagamento
T01883,303.404.505-61,Lucas Gouveia,2025-10-20,Lucas Gouveia,3554.48,TED,serviço
T01884,222.333.444-51,Bruno Tavares,2025-10-20,Karen Freitas,173.57,TRANSFERÊNCIA,compra
T01885,999.000.111-28,Isabela Dantas,2025-10-21,ÔMEGA EVENTOS ME,221.76,BOLETO,compra
T01886,777.888.999-06,Gabriela Ramos,2025-10-21,ÔMEGA EVENTOS ME,8046.66,TRANSFERÊNCIA,pagamento
T01887,555.666.777-84,Elisa Barros,2025-10-21,ÔMEGA EVENTOS ME,4725.11,TRANSFERÊNCIA,serviço
T01888,333.444.555-62,Carla Nogueira,2025-10-21,ALFA COMÉRCIO LTDA,,TED,compra
T01889,111.222.333-40,Aline Monteiro,2025-10-21,SIGMA PARTICIPAÇÕES LTDA,8231.17,BOLETO,rotina
T01890,888.999.000-17,Henrique Paiva,2025-10-21,Fábio Leal,5480.52,BOLETO,compra
T01891,202.303.404-50,Karen Freitas,2025-10-22,Diego Vasconcelos,6082.32,PIX,pagamento
T01892,101.202.303-49,Jonas Melo,2025-10-22,Karen Freitas,3411.07,BOLETO,compra
T01893,111.222.333-40,Aline Monteiro,2025-10-22,ALFA COMÉRCIO LTDA,8228.88,PIX,serviço
T01894,101.202.303-49,Jonas Melo,2025-10-22,SIGMA PARTICIPAÇÕES LTDA,4656.41,BOLETO,pagamento
T01895,111.222.333-40,Aline Monteiro,2025-10-22,SIGMA PARTICIPAÇÕES LTDA,3157.22,TED,serviço
T01896,303.404.505-61,Lucas Gouveia,2025-10-22,DELTA CONSULTORIA LTDA,230.27,PIX,pagamento
T01897,777.888.999-06,Gabriela Ramos,2025-10-23,Lucas Gouveia,2384.5,BOLETO,serviço
T01898,888.999.000-17,Henrique Paiva,2025-10-23,Carla Nogueira,8489.68,TED,rotina
T01899,202.303.404-50,Karen Freitas,2025-10-23,ÔMEGA EVENTOS ME,3487.06,BOLETO,pagamento
T01900,222.333.444-51,Bruno Tavares,2025-10-24,Bruno Tavares,5111.1,PIX,serviço
T01901,999.000.111-28,Isabela Dantas,2025-10-24,DELTA CONSULTORIA LTDA,2303.42,TED,serviço
T01902,303.404.505-61,Lucas Gouveia,2025-10-24,Elisa Barros,1833.14,PIX,pagamento
T01903,202.303.404-50,Karen Freitas,2025-10-24,Isabela Dantas,3021.57,TED,pagamento
T01904,888.999.000-17,Henrique Paiva,2025-10-24,GAMA LOGÍSTICA LTDA,4480.44,TED,rotina
T01905,222.333.444-51,Bruno Tavares,2025-10-24,Henrique Paiva,7716.85,PIX,compra
T01906,777.888.999-06,Gabriela Ramos,2025-10-24,Diego Vasconcelos,4550.53,PIX,rotina
T01907,111.222.333-40,Aline Monteiro,2025-10-24,ALFA COMÉRCIO LTDA,9902.28,PIX,repasse
T01908,222.333.444-51,Bruno Tavares,2025-10-24,ALFA COMÉRCIO LTDA,9904.27,PIX,repasse
T01909,222.333.444-51,Bruno Tavares,2025-10-24,ALFA COMÉRCIO LTDA,9818.01,PIX,repasse
T01910,303.404.505-61,Lucas Gouveia,2025-10-25,Bruno Tavares,8241.06,PIX,rotina
T01911,444.555.666-73,Diego Vasconcelos,2025-10-25,Lucas Gouveia,1225.41,TRANSFERÊNCIA,serviço
T01912,888.999.000-17,Henrique Paiva,2025-10-25,BETA SERVIÇOS ME,2545.71,TRANSFERÊNCIA,rotina
T01913,444.555.666-73,Diego Vasconcelos,2025-10-25,GAMA LOGÍSTICA LTDA,7814.74,BOLETO,pagamento
T01914,444.555.666-73,Diego Vasconcelos,2025-10-25,Fábio Leal,4205.09,BOLETO,pagamento
T01915,666.777.888-95,Fábio Leal,2025-10-25,BETA SERVIÇOS ME,189.72,TRANSFERÊNCIA,compra
T01916,666.777.888-95,Fábio Leal,2025-10-25,Henrique Paiva,1951.14,PIX,serviço
T01917,666.777.888-95,Fábio Leal,2025-10-25,Gabriela Ramos,1357.98,BOLETO,compra
T01918,111.222.333-40,Aline Monteiro,2025-10-25,ALFA COMÉRCIO LTDA,9720.42,PIX,repasse
T01919,111.222.333-40,Aline Monteiro,2025-10-25,ALFA COMÉRCIO LTDA,9701.22,PIX,repasse
T01920,222.333.444-51,Bruno Tavares,2025-10-25,ALFA COMÉRCIO LTDA,9885.63,PIX,repasse
T01921,202.303.404-50,Karen Freitas,2025-10-26,Gabriela Ramos,5879.13,TRANSFERÊNCIA,compra
T01922,777.888.999-06,Gabriela Ramos,2025-10-26,Jonas Melo,1810.19,TED,compra
T01923,202.303.404-50,Karen Freitas,2025-10-26,Gabriela Ramos,7202.45,PIX,serviço
T01924,666.777.888-95,Fábio Leal,2025-10-26,GAMA LOGÍSTICA LTDA,2873.19,BOLETO,serviço
T01925,444.555.666-73,Diego Vasconcelos,2025-10-26,BETA SERVIÇOS ME,7171.06,TED,compra
T01926,222.333.444-51,Bruno Tavares,2025-10-27,Lucas Gouveia,7153.09,BOLETO,serviço
T01927,444.555.666-73,Diego Vasconcelos,2025-10-27,Elisa Barros,1177.56,TRANSFERÊNCIA,compra
T01928,666.777.888-95,Fábio Leal,2025-10-27,ALFA COMÉRCIO LTDA,1252.17,TRANSFERÊNCIA,compra
T01929,333.444.555-62,Carla Nogueira,2025-10-27,Fábio Leal,2537.85,TED,rotina
T01930,444.555.666-73,Diego Vasconcelos,2025-10-28,Fábio Leal,4530.63,BOLETO,pagamento
T01931,444.555.666-73,Diego Vasconcelos,2025-10-28,GAMA LOGÍSTICA LTDA,449.09,BOLETO,compra
T01932,222.333.444-51,Bruno Tavares,2025-10-28,Jonas Melo,5795.32,TED,serviço
T01933,666.777.888-95,Fábio Leal,2025-10-28,SIGMA PARTICIPAÇÕES LTDA,4489.68,PIX,pagamento
T01934,202.303.404-50,Karen Freitas,2025-10-28,GAMA LOGÍSTICA LTDA,5404.16,TED,rotina
T01935,444.555.666-73,Diego Vasconcelos,2025-10-29,Jonas Melo,4542.55,TED,serviço
T01936,202.303.404-50,Karen Freitas,2025-10-29,GAMA LOGÍSTICA LTDA,5561.33,PIX,compra
T01937,555.666.777-84,Elisa Barros,2025-10-29,SIGMA PARTICIPAÇÕES LTDA,1494.54,TRANSFERÊNCIA,rotina
T01938,202.303.404-50,Karen Freitas,2025-10-29,Isabela Dantas,1641.71,TRANSFERÊNCIA,rotina
T01939,101.202.303-49,Jonas Melo,2025-10-29,SIGMA PARTICIPAÇÕES LTDA,1142.51,BOLETO,serviço
T01940,303.404.505-61,Lucas Gouveia,2025-10-29,DELTA CONSULTORIA LTDA,2611.74,BOLETO,rotina
T01941,777.888.999-06,Gabriela Ramos,2025-10-29,DELTA CONSULTORIA LTDA,2945.03,PIX,serviço
T01942,555.666.777-84,Elisa Barros,2025-10-30,Diego Vasconcelos,4482.72,TRANSFERÊNCIA,rotina
T01943,444.555.666-73,Diego Vasconcelos,2025-10-30,Lucas Gouveia,2247.1,TED,compra
T01944,303.404.505-61,Lucas Gouveia,2025-10-30,BETA SERVIÇOS ME,2857.61,PIX,serviço
T01945,111.222.333-40,Aline Monteiro,2025-10-30,Isabela Dantas,5783.9,BOLETO,serviço
T01946,666.777.888-95,Fábio Leal,2025-10-31,Aline Monteiro,5727.53,BOLETO,serviço
T01947,111.222.333-40,Aline Monteiro,2025-10-31,GAMA LOGÍSTICA LTDA,2018.64,PIX,rotina
T01948,666.777.888-95,Fábio Leal,2025-10-31,BETA SERVIÇOS ME,1003.15,TRANSFERÊNCIA,compra
T01949,555.666.777-84,Elisa Barros,2025-10-31,Aline Monteiro,7586.26,TED,rotina
T01950,555.666.777-84,Elisa Barros,2025-10-31,Aline Monteiro,4834.14,BOLETO,serviço
T01951,888.999.000-17,Henrique Paiva,2025-10-31,Lucas Gouveia,3618.56,BOLETO,rotina
T01952,111.222.333-40,Aline Monteiro,2025-10-31,ALFA COMÉRCIO LTDA,9905.32,PIX,repasse
T01953,111.222.333-40,Aline Monteiro,2025-10-31,ALFA COMÉRCIO LTDA,9800.25,PIX,repasse
T01954,111.222.333-40,Aline Monteiro,2025-10-31,ALFA COMÉRCIO LTDA,9729.34,PIX,repasse
T01955,222.333.444-51,Bruno Tavares,2025-10-31,ALFA COMÉRCIO LTDA,9701.18,PIX,repasse
T01956,222.333.444-51,Bruno Tavares,2025-10-31,ALFA COMÉRCIO LTDA,9881.85,PIX,repasse
T01957,222.333.444-51,Bruno Tavares,2025-10-31,ALFA COMÉRCIO LTDA,9961.87,PIX,repasse
T01958,444.555.666-73,Diego Vasconcelos,2025-11-01,Jonas Melo,3549.19,TED,serviço
T01959,777.888.999-06,Gabriela Ramos,2025-11-01,GAMA LOGÍSTICA LTDA,4530.78,BOLETO,serviço
T01960,444.555.666-73,Diego Vasconcelos,2025-11-01,Gabriela Ramos,3238.71,TRANSFERÊNCIA,compra
T01961,111.222.333-40,Aline Monteiro,2025-11-01,ALFA COMÉRCIO LTDA,9700.44,PIX,repasse
T01962,111.222.333-40,Aline Monteiro,2025-11-01,ALFA COMÉRCIO LTDA,9919.26,PIX,repasse
T01963,111.222.333-40,Aline Monteiro,2025-11-01,ALFA COMÉRCIO LTDA,9961.6,PIX,repasse
T01964,222.333.444-51,Bruno Tavares,2025-11-01,ALFA COMÉRCIO LTDA,9899.53,PIX,repasse
T01965,222.333.444-51,Bruno Tavares,2025-11-01,ALFA COMÉRCIO LTDA,9913.72,PIX,repasse
T01966,444.555.666-73,Diego Vasconcelos,2025-11-02,Aline Monteiro,6803.72,TED,rotina
T01967,333.444.555-62,Carla Nogueira,2025-11-02,Elisa Barros,4689.09,TED,serviço
T01968,303.404.505-61,Lucas Gouveia,2025-11-02,Gabriela Ramos,8054.89,BOLETO,serviço
T01969,202.303.404-50,Karen Freitas,2025-11-03,Isabela Dantas,4384.51,BOLETO,rotina
T01970,333.444.555-62,Carla Nogueira,2025-11-03,Gabriela Ramos,4807.93,TED,rotina
T01971,888.999.000-17,Henrique Paiva,2025-11-03,ÔMEGA EVENTOS ME,330.94,PIX,compra
T01972,111.222.333-40,Aline Monteiro,2025-11-03,Henrique Paiva,5120.1,TRANSFERÊNCIA,serviço
T01973,999.000.111-28,Isabela Dantas,2025-11-04,Lucas Gouveia,1198.91,TRANSFERÊNCIA,compra
T01974,999.000.111-28,Isabela Dantas,2025-11-04,Diego Vasconcelos,3120.41,PIX,rotina
T01975,333.444.555-62,Carla Nogueira,2025-11-04,ÔMEGA EVENTOS ME,5557.14,TRANSFERÊNCIA,pagamento
T01976,333.444.555-62,Carla Nogueira,2025-11-04,,8142.25,PIX,pagamento
T01977,777.888.999-06,Gabriela Ramos,2025-11-04,ÔMEGA EVENTOS ME,592.37,BOLETO,rotina
T01978,888.999.000-17,Henrique Paiva,2025-11-04,ÔMEGA EVENTOS ME,3675.97,TED,pagamento
T01979,303.404.505-61,Lucas Gouveia,2025-11-04,SIGMA PARTICIPAÇÕES LTDA,7992.15,TRANSFERÊNCIA,serviço
T01980,333.444.555-62,Carla Nogueira,2025-11-05,Bruno Tavares,1779.11,TED,compra
T01981,202.303.404-50,Karen Freitas,2025-11-05,Carla Nogueira,4592.42,PIX,rotina
T01982,202.303.404-50,Karen Freitas,2025-11-05,Elisa Barros,1649.89,BOLETO,serviço
T01983,888.999.000-17,Henrique Paiva,2025-11-05,DELTA CONSULTORIA LTDA,4936.62,TED,compra
T01984,888.999.000-17,Henrique Paiva,2025-11-05,BETA SERVIÇOS ME,2705.99,BOLETO,serviço
T01985,888.999.000-17,Henrique Paiva,2025-11-05,SIGMA PARTICIPAÇÕES LTDA,4981.02,BOLETO,serviço
T01986,111.222.333-40,Aline Monteiro,2025-11-06,BETA SERVIÇOS ME,3999.92,PIX,compra
T01987,888.999.000-17,Henrique Paiva,2025-11-06,Isabela Dantas,1690.3,TED,serviço
T01988,111.222.333-40,Aline Monteiro,2025-11-06,GAMA LOGÍSTICA LTDA,259.86,TED,compra
T01989,444.555.666-73,Diego Vasconcelos,2025-11-06,Isabela Dantas,6627.12,TRANSFERÊNCIA,rotina
T01990,303.404.505-61,Lucas Gouveia,2025-11-06,DELTA CONSULTORIA LTDA,8303.02,TRANSFERÊNCIA,serviço
T01991,303.404.505-61,Lucas Gouveia,2025-11-07,SIGMA PARTICIPAÇÕES LTDA,4173.87,TRANSFERÊNCIA,rotina
T01992,555.666.777-84,Elisa Barros,2025-11-07,Diego Vasconcelos,3090.88,TRANSFERÊNCIA,serviço
T01993,888.999.000-17,Henrique Paiva,2025-11-07,Fábio Leal,3389.16,BOLETO,compra
T01994,444.555.666-73,Diego Vasconcelos,2025-11-07,DELTA CONSULTORIA LTDA,4909.16,TED,pagamento
T01995,666.777.888-95,Fábio Leal,2025-11-07,Gabriela Ramos,5494.33,PIX,compra
T01996,202.303.404-50,Karen Freitas,2025-11-07,Gabriela Ramos,7801.27,PIX,rotina
T01997,111.222.333-40,Aline Monteiro,2025-11-07,ALFA COMÉRCIO LTDA,2271.47,PIX,serviço
T01998,111.222.333-40,Aline Monteiro,2025-11-07,ALFA COMÉRCIO LTDA,9816.0,PIX,repasse
T01999,111.222.333-40,Aline Monteiro,2025-11-07,ALFA COMÉRCIO LTDA,9812.49,PIX,repasse
T02000,111.222.333-40,Aline Monteiro,2025-11-07,ALFA COMÉRCIO LTDA,9909.6,PIX,repasse
T02001,222.333.444-51,Bruno Tavares,2025-11-07,ALFA COMÉRCIO LTDA,9898.6,PIX,repasse
T02002,111.222.333-40,Aline Monteiro,2025-11-07,GAMA LOGÍSTICA LTDA,125000,TED,aporte extraordinário
T02003,333.444.555-62,Carla Nogueira,2025-11-08,ALFA COMÉRCIO LTDA,4642.46,TED,rotina
T02004,555.666.777-84,Elisa Barros,2025-11-08,Elisa Barros,6417.42,TRANSFERÊNCIA,rotina
T02005,303.404.505-61,Lucas Gouveia,2025-11-08,GAMA LOGÍSTICA LTDA,3780.66,PIX,rotina
T02006,101.202.303-49,Jonas Melo,2025-11-08,Isabela Dantas,675.68,BOLETO,compra
T02007,111.222.333-40,Aline Monteiro,2025-11-08,Karen Freitas,5179.72,TRANSFERÊNCIA,compra
T02008,333.444.555-62,Carla Nogueira,2025-11-08,Karen Freitas,769.92,TRANSFERÊNCIA,rotina
T02009,222.333.444-51,Bruno Tavares,2025-11-08,BETA SERVIÇOS ME,4882.23,PIX,serviço
T02010,111.222.333-40,Aline Monteiro,2025-11-08,ALFA COMÉRCIO LTDA,9888.23,PIX,repasse
T02011,111.222.333-40,Aline Monteiro,2025-11-08,ALFA COMÉRCIO LTDA,9675.18,PIX,repasse
T02012,222.333.444-51,Bruno Tavares,2025-11-08,ALFA COMÉRCIO LTDA,9969.49,PIX,repasse
T02013,999.000.111-28,Isabela Dantas,2025-11-09,SIGMA PARTICIPAÇÕES LTDA,1679.82,TRANSFERÊNCIA,rotina
T02014,101.202.303-49,Jonas Melo,2025-11-09,ALFA COMÉRCIO LTDA,5881.78,TED,rotina
T02015,101.202.303-49,Jonas Melo,2025-11-09,Fábio Leal,3125.88,BOLETO,compra
T02016,101.202.303-49,Jonas Melo,2025-11-09,Jonas Melo,1485.1,TED,rotina
T02017,999.000.111-28,Isabela Dantas,2025-11-10,Diego Vasconcelos,5966.85,TRANSFERÊNCIA,compra
T02018,111.222.333-40,Aline Monteiro,2025-11-10,Elisa Barros,1876.15,PIX,compra
T02019,222.333.444-51,Bruno Tavares,2025-11-10,Elisa Barros,1762.47,TRANSFERÊNCIA,compra
T02020,666.777.888-95,Fábio Leal,2025-11-11,Bruno Tavares,6073.47,BOLETO,serviço
T02021,111.222.333-40,Aline Monteiro,2025-11-11,Isabela Dantas,3614.3,TRANSFERÊNCIA,rotina
T02022,303.404.505-61,Lucas Gouveia,2025-11-11,Diego Vasconcelos,3685.35,PIX,compra
T02023,999.000.111-28,Isabela Dantas,2025-11-11,Elisa Barros,7163.61,TRANSFERÊNCIA,rotina
T02024,666.777.888-95,Fábio Leal,2025-11-11,Fábio Leal,506.81,BOLETO,serviço
T02025,777.888.999-06,Gabriela Ramos,2025-11-11,ÔMEGA EVENTOS ME,5641.94,BOLETO,serviço
T02026,444.555.666-73,Diego Vasconcelos,2025-11-11,Aline Monteiro,2745.57,TRANSFERÊNCIA,pagamento
T02027,888.999.000-17,Henrique Paiva,2025-11-12,ALFA COMÉRCIO LTDA,8334.62,TRANSFERÊNCIA,pagamento
T02028,111.222.333-40,Aline Monteiro,2025-11-12,Elisa Barros,4630.71,TRANSFERÊNCIA,serviço
T02029,888.999.000-17,Henrique Paiva,2025-11-12,Bruno Tavares,2231.15,TRANSFERÊNCIA,serviço
T02030,222.333.444-51,Bruno Tavares,2025-11-12,Isabela Dantas,1291.85,TED,compra
T02031,222.333.444-51,Bruno Tavares,2025-11-12,Karen Freitas,7500.95,PIX,serviço
T02032,111.222.333-40,Aline Monteiro,2025-11-13,Lucas Gouveia,3243.16,PIX,compra
T02033,999.000.111-28,Isabela Dantas,2025-11-13,Jonas Melo,7999.56,TED,compra
T02034,222.333.444-51,Bruno Tavares,2025-11-13,SIGMA PARTICIPAÇÕES LTDA,1398.55,BOLETO,pagamento
T02035,101.202.303-49,Jonas Melo,2025-11-13,Lucas Gouveia,1990.36,BOLETO,compra
T02036,101.202.303-49,Jonas Melo,2025-11-14,Aline Monteiro,3378.11,PIX,compra
T02037,999.000.111-28,Isabela Dantas,2025-11-14,Jonas Melo,267.02,TED,serviço
T02038,666.777.888-95,Fábio Leal,2025-11-14,Gabriela Ramos,8195.48,TED,rotina
T02039,777.888.999-06,Gabriela Ramos,2025-11-14,Karen Freitas,616.24,TED,compra
T02040,888.999.000-17,Henrique Paiva,2025-11-14,Aline Monteiro,2005.71,TRANSFERÊNCIA,compra
T02041,101.202.303-49,Jonas Melo,2025-11-15,GAMA LOGÍSTICA LTDA,3235.71,BOLETO,serviço
T02042,202.303.404-50,Karen Freitas,2025-11-15,Elisa Barros,7298.41,TRANSFERÊNCIA,pagamento
T02043,303.404.505-61,Lucas Gouveia,2025-11-15,Henrique Paiva,4228.39,PIX,pagamento
T02044,202.303.404-50,Karen Freitas,2025-11-15,Jonas Melo,2031.06,TRANSFERÊNCIA,rotina
T02045,111.222.333-40,Aline Monteiro,2025-11-15,ALFA COMÉRCIO LTDA,9814.33,PIX,repasse
T02046,222.333.444-51,Bruno Tavares,2025-11-15,ALFA COMÉRCIO LTDA,9926.29,PIX,repasse
T02047,888.999.000-17,Henrique Paiva,2025-11-16,Bruno Tavares,6658.83,TED,rotina
T02048,101.202.303-49,Jonas Melo,2025-11-16,GAMA LOGÍSTICA LTDA,1269.71,PIX,pagamento
T02049,111.222.333-40,Aline Monteiro,2025-11-16,Bruno Tavares,7489.6,PIX,pagamento
T02050,444.555.666-73,Diego Vasconcelos,2025-11-16,ÔMEGA EVENTOS ME,6095.01,TED,pagamento
T02051,555.666.777-84,Elisa Barros,2025-11-17,Lucas Gouveia,7093.87,PIX,serviço
T02052,202.303.404-50,Karen Freitas,2025-11-17,BETA SERVIÇOS ME,587.55,TRANSFERÊNCIA,compra
T02053,555.666.777-84,Elisa Barros,2025-11-17,Jonas Melo,4123.0,TRANSFERÊNCIA,rotina
T02054,666.777.888-95,Fábio Leal,2025-11-17,Elisa Barros,3284.85,BOLETO,rotina
T02055,222.333.444-51,Bruno Tavares,2025-11-17,Karen Freitas,3941.53,TRANSFERÊNCIA,compra
T02056,101.202.303-49,Jonas Melo,2025-11-18,Jonas Melo,800.33,BOLETO,compra
T02057,888.999.000-17,Henrique Paiva,2025-11-18,Fábio Leal,1369.81,BOLETO,rotina
T02058,202.303.404-50,Karen Freitas,2025-11-18,Lucas Gouveia,4949.4,BOLETO,rotina
T02059,999.000.111-28,Isabela Dantas,2025-11-18,DELTA CONSULTORIA LTDA,1812.69,TRANSFERÊNCIA,rotina
T02060,666.777.888-95,Fábio Leal,2025-11-18,Lucas Gouveia,6078.97,PIX,rotina
T02061,333.444.555-62,Carla Nogueira,2025-11-18,Elisa Barros,7290.34,TRANSFERÊNCIA,pagamento
T02062,888.999.000-17,Henrique Paiva,2025-11-18,Diego Vasconcelos,678.65,TRANSFERÊNCIA,compra
T02063,444.555.666-73,Diego Vasconcelos,2025-11-19,Elisa Barros,2434.46,TED,compra
T02064,202.303.404-50,Karen Freitas,2025-11-19,Fábio Leal,6236.8,PIX,rotina
T02065,888.999.000-17,Henrique Paiva,2025-11-19,Fábio Leal,2379.43,TED,serviço
T02066,777.888.999-06,Gabriela Ramos,2025-11-19,ALFA COMÉRCIO LTDA,2444.08,TRANSFERÊNCIA,pagamento
T02067,101.202.303-49,Jonas Melo,2025-11-19,Aline Monteiro,5708.61,TED,pagamento
T02068,222.333.444-51,Bruno Tavares,2025-11-19,SIGMA PARTICIPAÇÕES LTDA,8291.94,TED,pagamento
T02069,444.555.666-73,Diego Vasconcelos,2025-11-19,Diego Vasconcelos,5194.24,BOLETO,serviço
T02070,666.777.888-95,Fábio Leal,2025-11-19,Henrique Paiva,1147.43,TED,rotina
T02071,333.444.555-62,Carla Nogueira,2025-11-20,Isabela Dantas,4720.26,TED,compra
T02072,888.999.000-17,Henrique Paiva,2025-11-20,Isabela Dantas,6500.2,BOLETO,rotina
T02073,999.000.111-28,Isabela Dantas,2025-11-20,Isabela Dantas,1610.52,PIX,compra
T02074,111.222.333-40,Aline Monteiro,2025-11-20,Jonas Melo,5533.12,PIX,pagamento
T02075,666.777.888-95,Fábio Leal,2025-11-21,SIGMA PARTICIPAÇÕES LTDA,4396.16,TED,pagamento
T02076,555.666.777-84,Elisa Barros,2025-11-21,SIGMA PARTICIPAÇÕES LTDA,7576.21,TED,compra
T02077,888.999.000-17,Henrique Paiva,2025-11-21,Aline Monteiro,1438.63,BOLETO,compra
T02078,555.666.777-84,Elisa Barros,2025-11-21,BETA SERVIÇOS ME,5466.24,PIX,rotina
T02079,303.404.505-61,Lucas Gouveia,2025-11-21,Lucas Gouveia,7204.74,BOLETO,pagamento
T02080,111.222.333-40,Aline Monteiro,2025-11-21,ALFA COMÉRCIO LTDA,9710.12,PIX,repasse
T02081,111.222.333-40,Aline Monteiro,2025-11-21,ALFA COMÉRCIO LTDA,9683.94,PIX,repasse
T02082,222.333.444-51,Bruno Tavares,2025-11-21,ALFA COMÉRCIO LTDA,9806.08,PIX,repasse
T02083,222.333.444-51,Bruno Tavares,2025-11-21,ALFA COMÉRCIO LTDA,9671.52,PIX,repasse
T02084,666.777.888-95,Fábio Leal,2025-11-22,Diego Vasconcelos,7008.84,PIX,pagamento
T02085,111.222.333-40,Aline Monteiro,2025-11-22,ÔMEGA EVENTOS ME,6853.46,PIX,serviço
T02086,111.222.333-40,Aline Monteiro,2025-11-22,Isabela Dantas,1987.43,BOLETO,pagamento
T02087,111.222.333-40,Aline Monteiro,2025-11-22,ALFA COMÉRCIO LTDA,9896.37,PIX,repasse
T02088,111.222.333-40,Aline Monteiro,2025-11-22,ALFA COMÉRCIO LTDA,9924.98,PIX,repasse
T02089,222.333.444-51,Bruno Tavares,2025-11-22,ALFA COMÉRCIO LTDA,9802.71,PIX,repasse
T02090,888.999.000-17,Henrique Paiva,2025-11-23,Bruno Tavares,2724.11,PIX,serviço
T02091,222.333.444-51,Bruno Tavares,2025-11-23,ALFA COMÉRCIO LTDA,2416.66,TRANSFERÊNCIA,compra
T02092,333.444.555-62,Carla Nogueira,2025-11-23,Gabriela Ramos,7477.59,BOLETO,serviço
T02093,222.333.444-51,Bruno Tavares,2025-11-23,Lucas Gouveia,6293.98,BOLETO,serviço
T02094,444.555.666-73,Diego Vasconcelos,2025-11-24,Diego Vasconcelos,792.55,TRANSFERÊNCIA,compra
T02095,999.000.111-28,Isabela Dantas,2025-11-24,Bruno Tavares,1825.68,TED,pagamento
T02096,222.333.444-51,Bruno Tavares,2025-11-24,GAMA LOGÍSTICA LTDA,7519.37,PIX,compra
T02097,444.555.666-73,Diego Vasconcelos,2025-11-24,Gabriela Ramos,2000.43,TED,compra
T02098,111.222.333-40,Aline Monteiro,2025-11-24,Bruno Tavares,2352.4,PIX,compra
T02099,111.222.333-40,Aline Monteiro,2025-11-24,Carla Nogueira,4618.46,PIX,compra
T02100,999.000.111-28,Isabela Dantas,2025-11-24,Elisa Barros,7809.56,BOLETO,serviço
T02101,303.404.505-61,Lucas Gouveia,2025-11-25,Diego Vasconcelos,7453.89,BOLETO,pagamento
T02102,333.444.555-62,Carla Nogueira,2025-11-25,Lucas Gouveia,4362.93,BOLETO,pagamento
T02103,666.777.888-95,Fábio Leal,2025-11-25,GAMA LOGÍSTICA LTDA,7872.86,TRANSFERÊNCIA,compra
T02104,666.777.888-95,Fábio Leal,2025-11-25,ÔMEGA EVENTOS ME,8409.42,TED,rotina
T02105,999.000.111-28,Isabela Dantas,2025-11-25,BETA SERVIÇOS ME,6628.38,BOLETO,rotina
T02106,101.202.303-49,Jonas Melo,2025-11-25,Lucas Gouveia,3675.31,TED,compra
T02107,303.404.505-61,Lucas Gouveia,2025-11-25,BETA SERVIÇOS ME,635.35,BOLETO,pagamento
T02108,101.202.303-49,Jonas Melo,2025-11-26,Diego Vasconcelos,5690.94,BOLETO,serviço
T02109,202.303.404-50,Karen Freitas,2025-11-26,BETA SERVIÇOS ME,3656.28,TRANSFERÊNCIA,pagamento
T02110,666.777.888-95,Fábio Leal,2025-11-26,Lucas Gouveia,7400.99,BOLETO,compra
T02111,222.333.444-51,Bruno Tavares,2025-11-26,Gabriela Ramos,2214.3,TRANSFERÊNCIA,compra
T02112,999.000.111-28,Isabela Dantas,2025-11-26,Carla Nogueira,6453.8,PIX,rotina
T02113,303.404.505-61,Lucas Gouveia,2025-11-27,Gabriela Ramos,1823.19,PIX,serviço
T02114,333.444.555-62,Carla Nogueira,2025-11-27,DELTA CONSULTORIA LTDA,5055.61,PIX,compra
T02115,101.202.303-49,Jonas Melo,2025-11-27,SIGMA PARTICIPAÇÕES LTDA,5616.26,PIX,compra
T02116,303.404.505-61,Lucas Gouveia,2025-11-28,SIGMA PARTICIPAÇÕES LTDA,278.75,BOLETO,serviço
T02117,666.777.888-95,Fábio Leal,2025-11-28,Elisa Barros,1620.57,BOLETO,compra
T02118,101.202.303-49,Jonas Melo,2025-11-28,Isabela Dantas,2694.86,PIX,serviço
T02119,111.222.333-40,Aline Monteiro,2025-11-28,ALFA COMÉRCIO LTDA,9723.86,PIX,repasse
T02120,111.222.333-40,Aline Monteiro,2025-11-28,ALFA COMÉRCIO LTDA,9952.02,PIX,repasse
T02121,111.222.333-40,Aline Monteiro,2025-11-28,ALFA COMÉRCIO LTDA,9942.3,PIX,repasse
T02122,222.333.444-51,Bruno Tavares,2025-11-28,ALFA COMÉRCIO LTDA,9929.25,PIX,repasse
T02123,222.333.444-51,Bruno Tavares,2025-11-28,ALFA COMÉRCIO LTDA,9679.19,PIX,repasse
T02124,777.888.999-06,Gabriela Ramos,2025-11-29,GAMA LOGÍSTICA LTDA,2521.88,TRANSFERÊNCIA,compra
T02125,555.666.777-84,Elisa Barros,2025-11-29,ÔMEGA EVENTOS ME,7754.22,BOLETO,serviço
T02126,999.000.111-28,Isabela Dantas,2025-11-29,Carla Nogueira,436.18,TED,rotina
T02127,303.404.505-61,Lucas Gouveia,2025-11-29,Aline Monteiro,6652.85,BOLETO,serviço
T02128,111.222.333-40,Aline Monteiro,2025-11-29,ALFA COMÉRCIO LTDA,9944.75,PIX,repasse
T02129,111.222.333-40,Aline Monteiro,2025-11-29,ALFA COMÉRCIO LTDA,9947.35,PIX,repasse
T02130,222.333.444-51,Bruno Tavares,2025-11-29,ALFA COMÉRCIO LTDA,9896.85,PIX,repasse
T02131,111.222.333-40,Aline Monteiro,2025-11-30,Gabriela Ramos,1848.17,BOLETO,serviço
T02132,666.777.888-95,Fábio Leal,2025-11-30,Carla Nogueira,4324.05,PIX,pagamento
T02133,333.444.555-62,Carla Nogueira,2025-11-30,GAMA LOGÍSTICA LTDA,5606.4,BOLETO,pagamento
T02134,777.888.999-06,Gabriela Ramos,2025-11-30,ÔMEGA EVENTOS ME,3106.52,PIX,pagamento
T02135,101.202.303-49,Jonas Melo,2025-11-30,Karen Freitas,7256.63,PIX,serviço
T02136,101.202.303-49,Jonas Melo,2025-11-30,Gabriela Ramos,2091.39,PIX,rotina
T02137,303.404.505-61,Lucas Gouveia,2025-11-30,Gabriela Ramos,7494.8,PIX,rotina
T02138,202.303.404-50,Karen Freitas,2025-11-30,Lucas Gouveia,4259.53,BOLETO,compra
T02139,666.777.888-95,Fábio Leal,2025-12-01,Elisa Barros,4707.47,BOLETO,serviço
T02140,202.303.404-50,Karen Freitas,2025-12-01,ALFA COMÉRCIO LTDA,2718.5,TRANSFERÊNCIA,rotina
T02141,111.222.333-40,Aline Monteiro,2025-12-01,ALFA COMÉRCIO LTDA,6517.27,TED,compra
T02142,202.303.404-50,Karen Freitas,2025-12-01,BETA SERVIÇOS ME,7219.03,TRANSFERÊNCIA,rotina
T02143,666.777.888-95,Fábio Leal,2025-12-01,Aline Monteiro,7600.29,BOLETO,serviço
T02144,999.000.111-28,Isabela Dantas,2025-12-02,Diego Vasconcelos,2169.61,TED,serviço
T02145,444.555.666-73,Diego Vasconcelos,2025-12-02,Fábio Leal,369.31,TRANSFERÊNCIA,pagamento
T02146,999.000.111-28,Isabela Dantas,2025-12-02,SIGMA PARTICIPAÇÕES LTDA,7831.03,TRANSFERÊNCIA,pagamento
T02147,111.222.333-40,Aline Monteiro,2025-12-02,Fábio Leal,631.92,BOLETO,compra
T02148,555.666.777-84,Elisa Barros,2025-12-02,Diego Vasconcelos,1757.98,BOLETO,serviço
T02149,101.202.303-49,Jonas Melo,2025-12-02,Henrique Paiva,7563.35,PIX,rotina
T02150,555.666.777-84,Elisa Barros,2025-12-02,SIGMA PARTICIPAÇÕES LTDA,7417.63,TRANSFERÊNCIA,pagamento
T02151,111.222.333-40,Aline Monteiro,2025-12-03,ALFA COMÉRCIO LTDA,6239.66,TED,pagamento
T02152,999.000.111-28,Isabela Dantas,2025-12-03,ALFA COMÉRCIO LTDA,7364.55,TED,compra
T02153,888.999.000-17,Henrique Paiva,2025-12-03,Henrique Paiva,2103.5,BOLETO,rotina
T02154,303.404.505-61,Lucas Gouveia,2025-12-03,Jonas Melo,5876.8,BOLETO,pagamento
T02155,888.999.000-17,Henrique Paiva,2025-12-03,BETA SERVIÇOS ME,2208.04,TRANSFERÊNCIA,rotina
T02156,666.777.888-95,Fábio Leal,2025-12-03,DELTA CONSULTORIA LTDA,6939.11,PIX,serviço
T02157,111.222.333-40,Aline Monteiro,2025-12-04,Aline Monteiro,5721.51,PIX,rotina
T02158,222.333.444-51,Bruno Tavares,2025-12-04,Karen Freitas,5154.96,TRANSFERÊNCIA,compra
T02159,999.000.111-28,Isabela Dantas,2025-12-04,Fábio Leal,636.93,PIX,compra
T02160,777.888.999-06,Gabriela Ramos,2025-12-04,Diego Vasconcelos,227.31,TRANSFERÊNCIA,rotina
T02161,444.555.666-73,Diego Vasconcelos,2025-12-04,Diego Vasconcelos,7810.58,PIX,pagamento
T02162,444.555.666-73,Diego Vasconcelos,2025-12-05,Carla Nogueira,8186.73,TED,serviço
T02163,303.404.505-61,Lucas Gouveia,2025-12-05,SIGMA PARTICIPAÇÕES LTDA,1816.55,BOLETO,pagamento
T02164,303.404.505-61,Lucas Gouveia,2025-12-05,Karen Freitas,7002.38,TRANSFERÊNCIA,serviço
T02165,444.555.666-73,Diego Vasconcelos,2025-12-05,SIGMA PARTICIPAÇÕES LTDA,1508.66,BOLETO,serviço
T02166,333.444.555-62,Carla Nogueira,2025-12-05,Henrique Paiva,5658.65,PIX,rotina
T02167,111.222.333-40,Aline Monteiro,2025-12-05,ALFA COMÉRCIO LTDA,838.5,TED,serviço
T02168,111.222.333-40,Aline Monteiro,2025-12-05,ALFA COMÉRCIO LTDA,9875.71,PIX,repasse
T02169,111.222.333-40,Aline Monteiro,2025-12-05,ALFA COMÉRCIO LTDA,9687.09,PIX,repasse
T02170,111.222.333-40,Aline Monteiro,2025-12-05,ALFA COMÉRCIO LTDA,9825.63,PIX,repasse
T02171,222.333.444-51,Bruno Tavares,2025-12-05,ALFA COMÉRCIO LTDA,9890.88,PIX,repasse
T02172,222.333.444-51,Bruno Tavares,2025-12-05,ALFA COMÉRCIO LTDA,9675.37,PIX,repasse
T02173,101.202.303-49,Jonas Melo,2025-12-06,SIGMA PARTICIPAÇÕES LTDA,2970.76,PIX,rotina
T02174,999.000.111-28,Isabela Dantas,2025-12-06,ÔMEGA EVENTOS ME,8160.19,PIX,serviço
T02175,303.404.505-61,Lucas Gouveia,2025-12-06,Bruno Tavares,6986.92,PIX,serviço
T02176,101.202.303-49,Jonas Melo,2025-12-06,Isabela Dantas,5669.98,TED,serviço
T02177,101.202.303-49,Jonas Melo,2025-12-06,Bruno Tavares,2999.86,PIX,compra
T02178,222.333.444-51,Bruno Tavares,2025-12-06,Jonas Melo,7052.37,TRANSFERÊNCIA,rotina
T02179,555.666.777-84,Elisa Barros,2025-12-06,Karen Freitas,4562.27,PIX,pagamento
T02180,111.222.333-40,Aline Monteiro,2025-12-06,ALFA COMÉRCIO LTDA,9977.36,PIX,repasse
T02181,111.222.333-40,Aline Monteiro,2025-12-06,ALFA COMÉRCIO LTDA,9777.65,PIX,repasse
T02182,222.333.444-51,Bruno Tavares,2025-12-06,ALFA COMÉRCIO LTDA,9715.89,PIX,repasse
T02183,222.333.444-51,Bruno Tavares,2025-12-06,ALFA COMÉRCIO LTDA,9956.49,PIX,repasse
T02184,888.999.000-17,Henrique Paiva,2025-12-07,Jonas Melo,2723.69,TRANSFERÊNCIA,rotina
T02185,666.777.888-95,Fábio Leal,2025-12-07,Aline Monteiro,2237.73,BOLETO,serviço
T02186,555.666.777-84,Elisa Barros,2025-12-07,Carla Nogueira,5195.49,BOLETO,rotina
T02187,202.303.404-50,Karen Freitas,2025-12-08,Bruno Tavares,3319.95,TED,pagamento
T02188,999.000.111-28,Isabela Dantas,2025-12-08,Jonas Melo,378.65,BOLETO,rotina
T02189,333.444.555-62,Carla Nogueira,2025-12-08,Aline Monteiro,1731.69,TRANSFERÊNCIA,pagamento
T02190,666.777.888-95,Fábio Leal,2025-12-08,Elisa Barros,8212.76,PIX,serviço
T02191,999.000.111-28,Isabela Dantas,2025-12-08,Gabriela Ramos,4463.56,TRANSFERÊNCIA,pagamento
T02192,222.333.444-51,Bruno Tavares,2025-12-09,Diego Vasconcelos,5714.39,TED,rotina
T02193,999.000.111-28,Isabela Dantas,2025-12-09,BETA SERVIÇOS ME,1626.7,BOLETO,pagamento
T02194,303.404.505-61,Lucas Gouveia,2025-12-09,Jonas Melo,7093.06,BOLETO,compra
T02195,777.888.999-06,Gabriela Ramos,2025-12-09,Bruno Tavares,2753.66,TRANSFERÊNCIA,serviço
T02196,444.555.666-73,Diego Vasconcelos,2025-12-09,ÔMEGA EVENTOS ME,2165.71,TED,serviço
T02197,666.777.888-95,Fábio Leal,2025-12-09,Henrique Paiva,837.1,TED,compra
T02198,222.333.444-51,Bruno Tavares,2025-12-09,Fábio Leal,3072.73,PIX,compra
T02199,333.444.555-62,Carla Nogueira,2025-12-09,Aline Monteiro,4177.74,TED,compra
T02200,202.303.404-50,Karen Freitas,2025-12-10,BETA SERVIÇOS ME,2072.14,BOLETO,serviço
T02201,101.202.303-49,Jonas Melo,2025-12-10,Elisa Barros,6839.13,TED,serviço
T02202,888.999.000-17,Henrique Paiva,2025-12-10,Lucas Gouveia,277.7,TED,serviço
T02203,666.777.888-95,Fábio Leal,2025-12-10,Diego Vasconcelos,2073.9,PIX,serviço
T02204,888.999.000-17,Henrique Paiva,2025-12-10,Karen Freitas,7620.82,TED,rotina
T02205,303.404.505-61,Lucas Gouveia,2025-12-10,Elisa Barros,2358.88,BOLETO,pagamento
T02206,303.404.505-61,Lucas Gouveia,2025-12-10,Bruno Tavares,4906.46,TED,compra
T02207,444.555.666-73,Diego Vasconcelos,2025-12-11,ÔMEGA EVENTOS ME,7071.11,BOLETO,serviço
T02208,202.303.404-50,Karen Freitas,2025-12-11,Lucas Gouveia,6920.72,BOLETO,pagamento
T02209,202.303.404-50,Karen Freitas,2025-12-11,BETA SERVIÇOS ME,1027.75,BOLETO,pagamento
T02210,777.888.999-06,Gabriela Ramos,2025-12-11,Elisa Barros,5880.17,TRANSFERÊNCIA,rotina
T02211,777.888.999-06,Gabriela Ramos,2025-12-12,Isabela Dantas,6188.38,TRANSFERÊNCIA,compra
T02212,222.333.444-51,Bruno Tavares,2025-12-12,Bruno Tavares,8171.8,BOLETO,serviço
T02213,555.666.777-84,Elisa Barros,2025-12-12,Aline Monteiro,6665.03,BOLETO,pagamento
T02214,111.222.333-40,Aline Monteiro,2025-12-12,ALFA COMÉRCIO LTDA,9931.78,PIX,repasse
T02215,111.222.333-40,Aline Monteiro,2025-12-12,ALFA COMÉRCIO LTDA,9886.67,PIX,repasse
T02216,111.222.333-40,Aline Monteiro,2025-12-12,ALFA COMÉRCIO LTDA,9721.91,PIX,repasse
T02217,222.333.444-51,Bruno Tavares,2025-12-12,ALFA COMÉRCIO LTDA,9922.55,PIX,repasse
T02218,222.333.444-51,Bruno Tavares,2025-12-12,ALFA COMÉRCIO LTDA,9817.55,PIX,repasse
T02219,222.333.444-51,Bruno Tavares,2025-12-12,ALFA COMÉRCIO LTDA,9888.61,PIX,repasse
T02220,444.555.666-73,Diego Vasconcelos,2025-12-13,ÔMEGA EVENTOS ME,6005.29,BOLETO,serviço
T02221,666.777.888-95,Fábio Leal,2025-12-13,Bruno Tavares,8116.08,TRANSFERÊNCIA,serviço
T02222,888.999.000-17,Henrique Paiva,2025-12-13,Carla Nogueira,1389.44,BOLETO,rotina
T02223,777.888.999-06,Gabriela Ramos,2025-12-13,Aline Monteiro,1901.51,BOLETO,compra
T02224,111.222.333-40,Aline Monteiro,2025-12-13,ALFA COMÉRCIO LTDA,9907.85,PIX,repasse
T02225,111.222.333-40,Aline Monteiro,2025-12-13,ALFA COMÉRCIO LTDA,9948.29,PIX,repasse
T02226,111.222.333-40,Aline Monteiro,2025-12-13,ALFA COMÉRCIO LTDA,9967.88,PIX,repasse
T02227,222.333.444-51,Bruno Tavares,2025-12-13,ALFA COMÉRCIO LTDA,9794.87,PIX,repasse
T02228,303.404.505-61,Lucas Gouveia,2025-12-14,Diego Vasconcelos,6214.16,TED,rotina
T02229,666.777.888-95,Fábio Leal,2025-12-14,Jonas Melo,1346.28,BOLETO,pagamento
T02230,202.303.404-50,Karen Freitas,2025-12-14,Henrique Paiva,2048.82,BOLETO,rotina
T02231,222.333.444-51,Bruno Tavares,2025-12-14,Lucas Gouveia,4447.66,TRANSFERÊNCIA,compra
T02232,202.303.404-50,Karen Freitas,2025-12-15,Elisa Barros,7726.47,TED,compra
T02233,666.777.888-95,Fábio Leal,2025-12-15,Jonas Melo,8253.23,BOLETO,compra
T02234,444.555.666-73,Diego Vasconcelos,2025-12-15,Bruno Tavares,4607.12,TRANSFERÊNCIA,compra
T02235,888.999.000-17,Henrique Paiva,2025-12-15,Elisa Barros,1934.93,TED,serviço
T02236,444.555.666-73,Diego Vasconcelos,2025-12-15,Elisa Barros,6210.58,PIX,serviço
T02237,333.444.555-62,Carla Nogueira,2025-12-16,Aline Monteiro,5019.09,TRANSFERÊNCIA,compra
T02238,777.888.999-06,Gabriela Ramos,2025-12-16,Aline Monteiro,1895.32,BOLETO,compra
T02239,666.777.888-95,Fábio Leal,2025-12-16,DELTA CONSULTORIA LTDA,7636.87,BOLETO,pagamento
T02240,555.666.777-84,Elisa Barros,2025-12-16,Jonas Melo,6513.33,PIX,compra
T02241,303.404.505-61,Lucas Gouveia,2025-12-17,DELTA CONSULTORIA LTDA,1301.93,BOLETO,serviço
T02242,444.555.666-73,Diego Vasconcelos,2025-12-17,Jonas Melo,2454.24,TED,rotina
T02243,202.303.404-50,Karen Freitas,2025-12-17,Aline Monteiro,3300.3,TED,serviço
T02244,777.888.999-06,Gabriela Ramos,2025-12-17,Diego Vasconcelos,816.46,PIX,serviço
T02245,222.333.444-51,Bruno Tavares,2025-12-18,Bruno Tavares,6188.96,BOLETO,pagamento
T02246,101.202.303-49,Jonas Melo,2025-12-18,Diego Vasconcelos,5347.88,BOLETO,serviço
T02247,222.333.444-51,Bruno Tavares,2025-12-18,Gabriela Ramos,347.03,TRANSFERÊNCIA,pagamento
T02248,555.666.777-84,Elisa Barros,2025-12-18,Carla Nogueira,3868.2,TED,pagamento
T02249,222.333.444-51,Bruno Tavares,2025-12-18,Henrique Paiva,6229.15,BOLETO,serviço
T02250,777.888.999-06,Gabriela Ramos,2025-12-18,Karen Freitas,8019.8,TRANSFERÊNCIA,pagamento
T02251,444.555.666-73,Diego Vasconcelos,2025-12-18,Bruno Tavares,6543.86,TRANSFERÊNCIA,rotina
T02252,101.202.303-49,Jonas Melo,2025-12-19,ÔMEGA EVENTOS ME,2759.36,TED,compra
T02253,888.999.000-17,Henrique Paiva,2025-12-19,Gabriela Ramos,6721.86,TRANSFERÊNCIA,pagamento
T02254,555.666.777-84,Elisa Barros,2025-12-19,Gabriela Ramos,1690.1,BOLETO,serviço
T02255,777.888.999-06,Gabriela Ramos,2025-12-19,SIGMA PARTICIPAÇÕES LTDA,2039.83,BOLETO,rotina
T02256,666.777.888-95,Fábio Leal,2025-12-19,Henrique Paiva,3016.19,TED,rotina
T02257,444.555.666-73,Diego Vasconcelos,2025-12-19,Bruno Tavares,3362.75,TRANSFERÊNCIA,pagamento
T02258,202.303.404-50,Karen Freitas,2025-12-19,Bruno Tavares,657.77,TRANSFERÊNCIA,compra
T02259,111.222.333-40,Aline Monteiro,2025-12-19,ALFA COMÉRCIO LTDA,9979.27,PIX,repasse
T02260,222.333.444-51,Bruno Tavares,2025-12-19,ALFA COMÉRCIO LTDA,9938.93,PIX,repasse
T02261,666.777.888-95,Fábio Leal,2025-12-20,Fábio Leal,2405.68,TRANSFERÊNCIA,compra
T02262,888.999.000-17,Henrique Paiva,2025-12-20,Lucas Gouveia,1534.84,PIX,compra
T02263,444.555.666-73,Diego Vasconcelos,2025-12-20,Karen Freitas,6544.49,TRANSFERÊNCIA,pagamento
T02264,444.555.666-73,Diego Vasconcelos,2025-12-20,Carla Nogueira,7841.39,TRANSFERÊNCIA,pagamento
T02265,202.303.404-50,Karen Freitas,2025-12-20,Jonas Melo,7216.14,BOLETO,compra
T02266,222.333.444-51,Bruno Tavares,2025-12-20,Elisa Barros,4264.18,TRANSFERÊNCIA,pagamento
T02267,111.222.333-40,Aline Monteiro,2025-12-20,Elisa Barros,2504.15,BOLETO,serviço
T02268,888.999.000-17,Henrique Paiva,2025-12-20,BETA SERVIÇOS ME,4728.11,TED,rotina
T02269,222.333.444-51,Bruno Tavares,2025-12-21,Henrique Paiva,6080.84,TRANSFERÊNCIA,serviço
T02270,999.000.111-28,Isabela Dantas,2025-12-21,Diego Vasconcelos,4924.75,PIX,rotina
T02271,777.888.999-06,Gabriela Ramos,2025-12-21,Lucas Gouveia,6529.95,BOLETO,compra
T02272,202.303.404-50,Karen Freitas,2025-12-21,Jonas Melo,6026.86,BOLETO,compra
T02273,111.222.333-40,Aline Monteiro,2025-12-21,Karen Freitas,6604.58,TRANSFERÊNCIA,pagamento
T02274,999.000.111-28,Isabela Dantas,2025-12-21,Fábio Leal,7511.54,PIX,pagamento
T02275,999.000.111-28,Isabela Dantas,2025-12-21,Henrique Paiva,3222.88,TRANSFERÊNCIA,compra
T02276,333.444.555-62,Carla Nogueira,2025-12-22,Aline Monteiro,3184.58,TRANSFERÊNCIA,compra
T02277,777.888.999-06,Gabriela Ramos,2025-12-22,Lucas Gouveia,4126.57,TED,serviço
T02278,101.202.303-49,Jonas Melo,2025-12-22,DELTA CONSULTORIA LTDA,5522.06,BOLETO,compra
T02279,202.303.404-50,Karen Freitas,2025-12-22,Aline Monteiro,5660.07,PIX,serviço
T02280,303.404.505-61,Lucas Gouveia,2025-12-22,Carla Nogueira,2011.77,BOLETO,compra
T02281,999.000.111-28,Isabela Dantas,2025-12-22,Isabela Dantas,4798.06,TED,serviço
T02282,777.888.999-06,Gabriela Ramos,2025-12-22,ÔMEGA EVENTOS ME,5044.82,TRANSFERÊNCIA,compra
T02283,999.000.111-28,Isabela Dantas,2025-12-23,SIGMA PARTICIPAÇÕES LTDA,3132.65,TED,pagamento
T02284,222.333.444-51,Bruno Tavares,2025-12-23,Aline Monteiro,2139.6,PIX,rotina
T02285,666.777.888-95,Fábio Leal,2025-12-23,GAMA LOGÍSTICA LTDA,1602.93,PIX,compra
T02286,202.303.404-50,Karen Freitas,2025-12-23,Elisa Barros,7492.18,TED,compra
T02287,555.666.777-84,Elisa Barros,2025-12-24,Bruno Tavares,3380.96,TED,serviço
T02288,111.222.333-40,Aline Monteiro,2025-12-24,Bruno Tavares,4184.93,TRANSFERÊNCIA,compra
T02289,888.999.000-17,Henrique Paiva,2025-12-24,DELTA CONSULTORIA LTDA,7426.95,PIX,compra
T02290,303.404.505-61,Lucas Gouveia,2025-12-24,Isabela Dantas,2632.39,TRANSFERÊNCIA,pagamento
T02291,222.333.444-51,Bruno Tavares,2025-12-24,Elisa Barros,7617.81,BOLETO,serviço
T02292,999.000.111-28,Isabela Dantas,2025-12-24,ALFA COMÉRCIO LTDA,2088.83,PIX,rotina
T02293,999.000.111-28,Isabela Dantas,2025-12-25,Karen Freitas,4253.74,PIX,compra
T02294,222.333.444-51,Bruno Tavares,2025-12-25,DELTA CONSULTORIA LTDA,616.79,TED,serviço
T02295,666.777.888-95,Fábio Leal,2025-12-25,Isabela Dantas,1165.91,PIX,pagamento
T02296,444.555.666-73,Diego Vasconcelos,2025-12-25,Elisa Barros,4192.33,PIX,pagamento
T02297,888.999.000-17,Henrique Paiva,2025-12-25,SIGMA PARTICIPAÇÕES LTDA,4920.8,BOLETO,pagamento
T02298,888.999.000-17,Henrique Paiva,2025-12-25,Lucas Gouveia,3206.67,TED,serviço
T02299,101.202.303-49,Jonas Melo,2025-12-25,Karen Freitas,7752.98,BOLETO,rotina
T02300,666.777.888-95,Fábio Leal,2025-12-26,Henrique Paiva,1627.92,TRANSFERÊNCIA,rotina
T02301,888.999.000-17,Henrique Paiva,2025-12-26,GAMA LOGÍSTICA LTDA,4432.05,BOLETO,pagamento
T02302,303.404.505-61,Lucas Gouveia,2025-12-26,ALFA COMÉRCIO LTDA,2884.85,PIX,compra
T02303,202.303.404-50,Karen Freitas,2025-12-26,ÔMEGA EVENTOS ME,6122.08,PIX,serviço
T02304,303.404.505-61,Lucas Gouveia,2025-12-26,Henrique Paiva,1237.88,TED,rotina
T02305,111.222.333-40,Aline Monteiro,2025-12-26,ALFA COMÉRCIO LTDA,9959.58,PIX,repasse
T02306,111.222.333-40,Aline Monteiro,2025-12-26,ALFA COMÉRCIO LTDA,9908.27,PIX,repasse
T02307,222.333.444-51,Bruno Tavares,2025-12-26,ALFA COMÉRCIO LTDA,9679.59,PIX,repasse
T02308,222.333.444-51,Bruno Tavares,2025-12-26,ALFA COMÉRCIO LTDA,9882.05,PIX,repasse
T02309,444.555.666-73,Diego Vasconcelos,2025-12-27,Aline Monteiro,3733.79,BOLETO,rotina
T02310,666.777.888-95,Fábio Leal,2025-12-27,Diego Vasconcelos,7208.84,TRANSFERÊNCIA,serviço
T02311,101.202.303-49,Jonas Melo,2025-12-27,GAMA LOGÍSTICA LTDA,4827.19,TRANSFERÊNCIA,serviço
T02312,666.777.888-95,Fábio Leal,2025-12-27,Lucas Gouveia,6435.08,TED,rotina
T02313,101.202.303-49,Jonas Melo,2025-12-27,Henrique Paiva,1775.35,TRANSFERÊNCIA,rotina
T02314,666.777.888-95,Fábio Leal,2025-12-27,Isabela Dantas,4744.14,BOLETO,rotina
T02315,333.444.555-62,Carla Nogueira,2025-12-27,Diego Vasconcelos,3741.35,TRANSFERÊNCIA,compra
T02316,111.222.333-40,Aline Monteiro,2025-12-27,ALFA COMÉRCIO LTDA,9815.51,PIX,repasse
T02317,111.222.333-40,Aline Monteiro,2025-12-27,ALFA COMÉRCIO LTDA,9889.02,PIX,repasse
T02318,111.222.333-40,Aline Monteiro,2025-12-27,ALFA COMÉRCIO LTDA,9716.23,PIX,repasse
T02319,222.333.444-51,Bruno Tavares,2025-12-27,ALFA COMÉRCIO LTDA,9723.86,PIX,repasse
T02320,222.333.444-51,Bruno Tavares,2025-12-27,ALFA COMÉRCIO LTDA,9926.76,PIX,repasse
T02321,222.333.444-51,Bruno Tavares,2025-12-27,ALFA COMÉRCIO LTDA,9713.34,PIX,repasse
T02322,888.999.000-17,Henrique Paiva,2025-12-28,Karen Freitas,4727.32,BOLETO,compra
T02323,101.202.303-49,Jonas Melo,2025-12-28,ÔMEGA EVENTOS ME,6385.24,BOLETO,rotina
T02324,666.777.888-95,Fábio Leal,2025-12-28,Karen Freitas,7657.72,TED,serviço
T02325,101.202.303-49,Jonas Melo,2025-12-28,Henrique Paiva,4034.89,TRANSFERÊNCIA,rotina
T02326,101.202.303-49,Jonas Melo,2025-12-28,BETA SERVIÇOS ME,2870.3,TED,serviço
T02327,999.000.111-28,Isabela Dantas,2025-12-28,Henrique Paiva,736.9,BOLETO,serviço
T02328,777.888.999-06,Gabriela Ramos,2025-12-28,Lucas Gouveia,1833.03,TED,compra
T02329,333.444.555-62,Carla Nogueira,2025-12-28,Gabriela Ramos,2486.45,PIX,compra
T02330,333.444.555-62,Carla Nogueira,2025-12-29,Henrique Paiva,7218.31,TRANSFERÊNCIA,serviço
T02331,444.555.666-73,Diego Vasconcelos,2025-12-29,ALFA COMÉRCIO LTDA,2665.89,PIX,rotina
T02332,202.303.404-50,Karen Freitas,2025-12-29,Jonas Melo,258.38,BOLETO,rotina
T02333,101.202.303-49,Jonas Melo,2025-12-29,DELTA CONSULTORIA LTDA,6815.92,TED,compra
T02334,888.999.000-17,Henrique Paiva,2025-12-29,ALFA COMÉRCIO LTDA,2897.94,PIX,pagamento
T02335,999.000.111-28,Isabela Dantas,2025-12-30,Diego Vasconcelos,162.98,BOLETO,compra
T02336,111.222.333-40,Aline Monteiro,2025-12-30,ÔMEGA EVENTOS ME,4605.58,BOLETO,rotina
T02337,555.666.777-84,Elisa Barros,2025-12-30,BETA SERVIÇOS ME,6973.95,BOLETO,pagamento
T02338,999.000.111-28,Isabela Dantas,2025-12-30,Aline Monteiro,5398.6,BOLETO,serviço
T02339,101.202.303-49,Jonas Melo,2025-12-31,Lucas Gouveia,4714.97,TRANSFERÊNCIA,compra
T02340,303.404.505-61,Lucas Gouveia,2025-12-31,Karen Freitas,7932.9,PIX,rotina
T02341,202.303.404-50,Karen Freitas,2025-12-31,Karen Freitas,7943.01,TRANSFERÊNCIA,pagamento
T02342,888.999.000-17,Henrique Paiva,2025-12-31,Aline Monteiro,4244.41,BOLETO,compra
T02343,303.404.505-61,Lucas Gouveia,2025-12-31,Henrique Paiva,5220.57,PIX,compra
T02344,666.777.888-95,Fábio Leal,2025-12-31,Karen Freitas,1228.51,PIX,pagamento
T02345,303.404.505-61,Lucas Gouveia,2025-12-31,Fábio Leal,4829.14,TRANSFERÊNCIA,pagamento
T00001,999.000.111-28,Isabela Dantas,2025-01-01,Aline Monteiro,3587.6,TED,pagamento
T00002,777.888.999-06,Gabriela Ramos,2025-01-01,Henrique Paiva,2384.11,PIX,rotina
T00003,303.404.505-61,Lucas Gouveia,2025-01-01,Henrique Paiva,7687.0,PIX,serviço
T00004,333.444.555-62,Carla Nogueira,2025-01-02,Karen Freitas,2361.21,PIX,rotina
T00005,444.555.666-73,Diego Vasconcelos,2025-01-02,Fábio Leal,2526.36,BOLETO,pagamento
T00006,222.333.444-51,Bruno Tavares,2025-01-02,Fábio Leal,6417.59,BOLETO,serviço
T00007,666.777.888-95,Fábio Leal,2025-01-02,ALFA COMÉRCIO LTDA,1093.41,TED,pagamento
T00008,555.666.777-84,Elisa Barros,2025-01-02,Diego Vasconcelos,6164.72,TRANSFERÊNCIA,serviço
