transacao_id,cpf,nome,data,valor,contraparte
T00001,999.000.111-28,Isabela Dantas,2025-01-01,3587.6,Aline Monteiro
T00002,777.888.999-06,Gabriela Ramos,2025-01-01,2384.11,Henrique Paiva
T00003,303.404.505-61,Lucas Gouveia,2025-01-01,7687.0,Henrique Paiva
T00004,333.444.555-62,Carla Nogueira,2025-01-02,2361.21,Karen Freitas
T00005,444.555.666-73,Diego Vasconcelos,2025-01-02,2526.36,Fábio Leal
T00006,222.333.444-51,Bruno Tavares,2025-01-02,6417.59,Fábio Leal
T00007,666.777.888-95,Fábio Leal,2025-01-02,1093.41,ALFA COMÉRCIO LTDA
T00008,555.666.777-84,Elisa Barros,2025-01-02,6164.72,Diego Vasconcelos
T00009,999.000.111-28,Isabela Dantas,2025-01-02,2629.57,Isabela Dantas
T00010,101.202.303-49,Jonas Melo,2025-01-03,6419.45,Lucas Gouveia
T00011,333.444.555-62,Carla Nogueira,2025-01-03,465.75,Elisa Barros
T00012,888.999.000-17,Henrique Paiva,2025-01-03,1145.63,Aline Monteiro
T00013,303.404.505-61,Lucas Gouveia,2025-01-03,3538.81,Carla Nogueira
T00014,888.999.000-17,Henrique Paiva,2025-01-03,1258.53,Karen Freitas
T00015,111.222.333-40,Aline Monteiro,2025-01-03,3728.54,Diego Vasconcelos
T00016,101.202.303-49,Jonas Melo,2025-01-03,6698.75,ALFA COMÉRCIO LTDA
T00017,111.222.333-40,Aline Monteiro,2025-01-03,9678.2,ALFA COMÉRCIO LTDA
T00018,222.333.444-51,Bruno Tavares,2025-01-03,9925.96,ALFA COMÉRCIO LTDA
T00019,222.333.444-51,Bruno Tavares,2025-01-03,9959.81,ALFA COMÉRCIO LTDA
T00020,222.333.444-51,Bruno Tavares,2025-01-03,9931.15,ALFA COMÉRCIO LTDA
T00021,444.555.666-73,Diego Vasconcelos,2025-01-04,1956.45,BETA SERVIÇOS ME
T00022,222.333.444-51,Bruno Tavares,2025-01-04,1812.93,Gabriela Ramos
T00023,666.777.888-95,Fábio Leal,2025-01-04,2462.73,Aline Monteiro
T00024,303.404.505-61,Lucas Gouveia,2025-01-04,3637.79,Bruno Tavares
T00025,888.999.000-17,Henrique Paiva,2025-01-04,6300.38,DELTA CONSULTORIA LTDA
T00026,111.222.333-40,Aline Monteiro,2025-01-04,9794.32,ALFA COMÉRCIO LTDA
T00027,222.333.444-51,Bruno Tavares,2025-01-04,9886.87,ALFA COMÉRCIO LTDA
T00028,101.202.303-49,Jonas Melo,2025-01-05,8485.44,BETA SERVIÇOS ME
T00029,666.777.888-95,Fábio Leal,2025-01-05,7674.66,Elisa Barros
T00030,111.222.333-40,Aline Monteiro,2025-01-05,6942.91,DELTA CONSULTORIA LTDA
T00031,101.202.303-49,Jonas Melo,2025-01-05,3221.86,Karen Freitas
T00032,101.202.303-49,Jonas Melo,2025-01-05,6563.95,Lucas Gouveia
T00033,444.555.666-73,Diego Vasconcelos,2025-01-05,8252.18,ÔMEGA EVENTOS ME
T00034,222.333.444-51,Bruno Tavares,2025-01-05,5488.48,Carla Nogueira
T00035,202.303.404-50,Karen Freitas,2025-01-05,3339.08,Aline Monteiro
T00036,333.444.555-62,Carla Nogueira,2025-01-06,329.63,Jonas Melo
T00037,888.999.000-17,Henrique Paiva,2025-01-06,4889.63,Lucas Gouveia
T00038,222.333.444-51,Bruno Tavares,2025-01-06,7832.21,Elisa Barros
T00039,101.202.303-49,Jonas Melo,2025-01-07,3740.34,Isabela Dantas
T00040,444.555.666-73,Diego Vasconcelos,2025-01-07,5224.86,Jonas Melo
T00041,333.444.555-62,Carla Nogueira,2025-01-07,2397.57,Karen Freitas
T00042,101.202.303-49,Jonas Melo,2025-01-07,356.84,ALFA COMÉRCIO LTDA
T00043,333.444.555-62,Carla Nogueira,2025-01-08,6021.49,ÔMEGA EVENTOS ME
T00044,101.202.303-49,Jonas Melo,2025-01-08,2004.97,Aline Monteiro
T00045,888.999.000-17,Henrique Paiva,2025-01-08,3956.79,Karen Freitas
T00046,222.333.444-51,Bruno Tavares,2025-01-09,1261.84,Henrique Paiva
T00047,303.404.505-61,Lucas Gouveia,2025-01-09,4827.99,GAMA LOGÍSTICA LTDA
T00048,999.000.111-28,Isabela Dantas,2025-01-09,4716.26,Jonas Melo
T00049,888.999.000-17,Henrique Paiva,2025-01-09,1477.45,Gabriela Ramos
T00050,111.222.333-40,Aline Monteiro,2025-01-09,2136.92,SIGMA PARTICIPAÇÕES LTDA
T00051,444.555.666-73,Diego Vasconcelos,2025-01-09,1666.65,ÔMEGA EVENTOS ME
T00052,444.555.666-73,Diego Vasconcelos,2025-01-10,1906.55,GAMA LOGÍSTICA LTDA
T00053,999.000.111-28,Isabela Dantas,2025-01-10,4857.81,Elisa Barros
T00054,555.666.777-84,Elisa Barros,2025-01-10,6712.24,Carla Nogueira
T00055,303.404.505-61,Lucas Gouveia,2025-01-10,529.21,Aline Monteiro
T00056,111.222.333-40,Aline Monteiro,2025-01-10,9911.65,ALFA COMÉRCIO LTDA
T00057,111.222.333-40,Aline Monteiro,2025-01-10,9924.36,ALFA COMÉRCIO LTDA
T00058,111.222.333-40,Aline Monteiro,2025-01-10,9720.72,ALFA COMÉRCIO LTDA
T00059,222.333.444-51,Bruno Tavares,2025-01-10,9691.48,ALFA COMÉRCIO LTDA
T00060,222.333.444-51,Bruno Tavares,2025-01-10,9894.16,ALFA COMÉRCIO LTDA
T00061,222.333.444-51,Bruno Tavares,2025-01-10,9793.12,ALFA COMÉRCIO LTDA
T00062,666.777.888-95,Fábio Leal,2025-01-11,7183.1,SIGMA PARTICIPAÇÕES LTDA
T00063,222.333.444-51,Bruno Tavares,2025-01-11,5040.31,ALFA COMÉRCIO LTDA
T00064,111.222.333-40,Aline Monteiro,2025-01-11,1695.27,Henrique Paiva
T00065,999.000.111-28,Isabela Dantas,2025-01-12,6565.46,Gabriela Ramos
T00066,202.303.404-50,Karen Freitas,2025-01-12,8186.66,Fábio Leal
T00067,555.666.777-84,Elisa Barros,2025-01-12,6070.1,Karen Freitas
T00068,888.999.000-17,Henrique Paiva,2025-01-12,7359.92,Elisa Barros
T00069,555.666.777-84,Elisa Barros,2025-01-12,8275.06,Bruno Tavares
T00070,222.333.444-51,Bruno Tavares,2025-01-12,8077.68,BETA SERVIÇOS ME
T00071,333.444.555-62,Carla Nogueira,2025-01-12,5937.86,Bruno Tavares
T00072,303.404.505-61,Lucas Gouveia,2025-01-13,4581.46,Fábio Leal
T00073,101.202.303-49,Jonas Melo,2025-01-13,7884.66,BETA SERVIÇOS ME
T00074,101.202.303-49,Jonas Melo,2025-01-13,599.43,Diego Vasconcelos
T00075,444.555.666-73,Diego Vasconcelos,2025-01-13,494.85,GAMA LOGÍSTICA LTDA
T00076,101.202.303-49,Jonas Melo,2025-01-13,6249.18,Aline Monteiro
T00077,555.666.777-84,Elisa Barros,2025-01-13,4036.02,Carla Nogueira
T00078,999.000.111-28,Isabela Dantas,2025-01-14,750.38,ALFA COMÉRCIO LTDA
T00079,333.444.555-62,Carla Nogueira,2025-01-14,1055.33,Elisa Barros
T00080,222.333.444-51,Bruno Tavares,2025-01-14,8271.4,Lucas Gouveia
T00081,666.777.888-95,Fábio Leal,2025-01-14,6140.29,
T00082,101.202.303-49,Jonas Melo,2025-01-14,3229.75,SIGMA PARTICIPAÇÕES LTDA
T00083,888.999.000-17,Henrique Paiva,2025-01-15,4412.51,Karen Freitas
T00084,202.303.404-50,Karen Freitas,2025-01-15,6429.82,Bruno Tavares
T00085,555.666.777-84,Elisa Barros,2025-01-15,7302.02,DELTA CONSULTORIA LTDA
T00086,303.404.505-61,Lucas Gouveia,2025-01-16,2517.95,Elisa Barros
T00087,222.333.444-51,Bruno Tavares,2025-01-16,3636.0,SIGMA PARTICIPAÇÕES LTDA
T00088,666.777.888-95,Fábio Leal,2025-01-16,2942.71,SIGMA PARTICIPAÇÕES LTDA
T00089,222.333.444-51,Bruno Tavares,2025-01-17,7167.44,GAMA LOGÍSTICA LTDA
T00090,777.888.999-06,Gabriela Ramos,2025-01-17,1076.16,Gabriela Ramos
T00091,555.666.777-84,Elisa Barros,2025-01-17,3966.44,Fábio Leal
T00092,101.202.303-49,Jonas Melo,2025-01-17,3458.31,Fábio Leal
T00093,444.555.666-73,Diego Vasconcelos,2025-01-17,2729.92,Isabela Dantas
T00094,303.404.505-61,Lucas Gouveia,2025-01-17,3755.91,Carla Nogueira
T00095,444.555.666-73,Diego Vasconcelos,2025-01-17,3798.23,Bruno Tavares
T00096,101.202.303-49,Jonas Melo,2025-01-18,2506.66,Fábio Leal
T00097,111.222.333-40,Aline Monteiro,2025-01-18,6462.7,Henrique Paiva
T00098,202.303.404-50,Karen Freitas,2025-01-18,205.95,Bruno Tavares
T00099,333.444.555-62,Carla Nogueira,2025-01-18,5017.06,DELTA CONSULTORIA LTDA
T00100,444.555.666-73,Diego Vasconcelos,2025-01-18,3509.76,BETA SERVIÇOS ME
T00101,111.222.333-40,Aline Monteiro,2025-01-18,9894.53,ALFA COMÉRCIO LTDA
T00102,111.222.333-40,Aline Monteiro,2025-01-18,9826.21,ALFA COMÉRCIO LTDA
T00103,111.222.333-40,Aline Monteiro,2025-01-18,9912.53,ALFA COMÉRCIO LTDA
T00104,222.333.444-51,Bruno Tavares,2025-01-18,9827.01,ALFA COMÉRCIO LTDA
T00105,101.202.303-49,Jonas Melo,2025-01-19,2723.8,Lucas Gouveia
T00106,999.000.111-28,Isabela Dantas,2025-01-19,4850.31,Jonas Melo
T00107,333.444.555-62,Carla Nogueira,2025-01-19,4399.3,SIGMA PARTICIPAÇÕES LTDA
T00108,222.333.444-51,Bruno Tavares,2025-01-19,2600.56,DELTA CONSULTORIA LTDA
T00109,101.202.303-49,Jonas Melo,2025-01-19,2226.66,Karen Freitas
T00110,666.777.888-95,Fábio Leal,2025-01-20,5318.77,Bruno Tavares
T00111,111.222.333-40,Aline Monteiro,2025-01-20,1117.47,Elisa Barros
T00112,555.666.777-84,Elisa Barros,2025-01-20,5556.85,Elisa Barros
T00113,222.333.444-51,Bruno Tavares,2025-01-20,648.09,DELTA CONSULTORIA LTDA
T00114,101.202.303-49,Jonas Melo,2025-01-20,5316.57,Henrique Paiva
T00115,888.999.000-17,Henrique Paiva,2025-01-21,2315.99,Gabriela Ramos
T00116,333.444.555-62,Carla Nogueira,2025-01-21,5808.14,Diego Vasconcelos
T00117,303.404.505-61,Lucas Gouveia,2025-01-21,7956.16,BETA SERVIÇOS ME
T00118,999.000.111-28,Isabela Dantas,2025-01-21,1760.69,Bruno Tavares
T00119,777.888.999-06,Gabriela Ramos,2025-01-21,1595.13,Isabela Dantas
T00120,666.777.888-95,Fábio Leal,2025-01-21,7155.21,Elisa Barros
T00121,333.444.555-62,Carla Nogueira,2025-01-22,2540.5,Fábio Leal
T00122,666.777.888-95,Fábio Leal,2025-01-22,8089.47,Lucas Gouveia
T00123,222.333.444-51,Bruno Tavares,2025-01-22,4885.45,DELTA CONSULTORIA LTDA
T00124,777.888.999-06,Gabriela Ramos,2025-01-22,3973.74,Bruno Tavares
T00125,888.999.000-17,Henrique Paiva,2025-01-22,6076.3,Gabriela Ramos
T00126,999.000.111-28,Isabela Dantas,2025-01-22,2037.57,Henrique Paiva
T00127,777.888.999-06,Gabriela Ramos,2025-01-22,7422.17,Carla Nogueira
T00128,101.202.303-49,Jonas Melo,2025-01-22,1485.0,Elisa Barros
T00129,888.999.000-17,Henrique Paiva,2025-01-23,6021.02,Diego Vasconcelos
T00130,333.444.555-62,Carla Nogueira,2025-01-23,2649.59,Diego Vasconcelos
T00131,888.999.000-17,Henrique Paiva,2025-01-23,279.88,Henrique Paiva
T00132,303.404.505-61,Lucas Gouveia,2025-01-23,3262.98,Fábio Leal
T00133,444.555.666-73,Diego Vasconcelos,2025-01-23,5164.63,Lucas Gouveia
T00134,303.404.505-61,Lucas Gouveia,2025-01-23,4259.76,Fábio Leal
T00135,999.000.111-28,Isabela Dantas,2025-01-23,3831.81,BETA SERVIÇOS ME
T00136,101.202.303-49,Jonas Melo,2025-01-23,7858.44,BETA SERVIÇOS ME
T00137,666.777.888-95,Fábio Leal,2025-01-24,2410.62,Aline Monteiro
T00138,303.404.505-61,Lucas Gouveia,2025-01-24,3530.07,Lucas Gouveia
T00139,111.222.333-40,Aline Monteiro,2025-01-24,3496.93,Jonas Melo
T00140,333.444.555-62,Carla Nogueira,2025-01-24,7097.91,SIGMA PARTICIPAÇÕES LTDA
T00141,888.999.000-17,Henrique Paiva,2025-01-24,3604.88,GAMA LOGÍSTICA LTDA
T00142,111.222.333-40,Aline Monteiro,2025-01-24,9805.45,ALFA COMÉRCIO LTDA
T00143,111.222.333-40,Aline Monteiro,2025-01-24,9926.71,ALFA COMÉRCIO LTDA
T00144,222.333.444-51,Bruno Tavares,2025-01-24,9882.9,ALFA COMÉRCIO LTDA
T00145,222.333.444-51,Bruno Tavares,2025-01-24,9887.77,ALFA COMÉRCIO LTDA
T00146,222.333.444-51,Bruno Tavares,2025-01-24,9978.17,ALFA COMÉRCIO LTDA
T00147,444.555.666-73,Diego Vasconcelos,2025-01-25,6703.55,SIGMA PARTICIPAÇÕES LTDA
T00148,888.999.000-17,Henrique Paiva,2025-01-25,8309.43,Carla Nogueira
T00149,333.444.555-62,Carla Nogueira,2025-01-25,2290.63,Isabela Dantas
T00150,202.303.404-50,Karen Freitas,2025-01-25,5723.91,Karen Freitas
T00151,333.444.555-62,Carla Nogueira,2025-01-25,2303.38,GAMA LOGÍSTICA LTDA
T00152,111.222.333-40,Aline Monteiro,2025-01-25,9902.07,ALFA COMÉRCIO LTDA
T00153,111.222.333-40,Aline Monteiro,2025-01-25,9973.23,ALFA COMÉRCIO LTDA
T00154,222.333.444-51,Bruno Tavares,2025-01-25,9717.86,ALFA COMÉRCIO LTDA
T00155,222.333.444-51,Bruno Tavares,2025-01-25,9900.3,ALFA COMÉRCIO LTDA
T00156,888.999.000-17,Henrique Paiva,2025-01-26,8299.52,Elisa Barros
T00157,666.777.888-95,Fábio Leal,2025-01-26,4921.37,DELTA CONSULTORIA LTDA
T00158,111.222.333-40,Aline Monteiro,2025-01-26,7644.0,Elisa Barros
T00159,101.202.303-49,Jonas Melo,2025-01-26,5044.77,Diego Vasconcelos
T00160,101.202.303-49,Jonas Melo,2025-01-27,5320.14,Henrique Paiva
T00161,888.999.000-17,Henrique Paiva,2025-01-27,2198.89,Elisa Barros
T00162,555.666.777-84,Elisa Barros,2025-01-27,2804.02,Jonas Melo
T00163,222.333.444-51,Bruno Tavares,2025-01-27,6422.59,SIGMA PARTICIPAÇÕES LTDA
T00164,303.404.505-61,Lucas Gouveia,2025-01-27,4474.09,Bruno Tavares
T00165,666.777.888-95,Fábio Leal,2025-01-27,8065.34,Fábio Leal
T00166,111.222.333-40,Aline Monteiro,2025-01-28,6959.81,BETA SERVIÇOS ME
T00167,666.777.888-95,Fábio Leal,2025-01-28,7057.62,Karen Freitas
T00168,101.202.303-49,Jonas Melo,2025-01-28,7530.67,Carla Nogueira
T00169,101.202.303-49,Jonas Melo,2025-01-28,3262.43,Jonas Melo
T00170,888.999.000-17,Henrique Paiva,2025-01-28,4703.32,SIGMA PARTICIPAÇÕES LTDA
T00171,303.404.505-61,Lucas Gouveia,2025-01-28,3241.71,SIGMA PARTICIPAÇÕES LTDA
T00172,666.777.888-95,Fábio Leal,2025-01-28,2927.76,Karen Freitas
T00173,555.666.777-84,Elisa Barros,2025-01-28,6716.81,ÔMEGA EVENTOS ME
T00174,111.222.333-40,Aline Monteiro,2025-01-29,5255.73,Elisa Barros
T00175,444.555.666-73,Diego Vasconcelos,2025-01-29,6500.86,Fábio Leal
T00176,666.777.888-95,Fábio Leal,2025-01-29,4454.03,Bruno Tavares
T00177,101.202.303-49,Jonas Melo,2025-01-29,2350.06,Carla Nogueira
T00178,101.202.303-49,Jonas Melo,2025-01-29,2851.81,Lucas Gouveia
T00179,555.666.777-84,Elisa Barros,2025-01-29,7121.76,DELTA CONSULTORIA LTDA
T00180,888.999.000-17,Henrique Paiva,2025-01-29,457.08,Aline Monteiro
T00181,111.222.333-40,Aline Monteiro,2025-01-30,5913.17,ÔMEGA EVENTOS ME
T00182,222.333.444-51,Bruno Tavares,2025-01-30,3842.33,Fábio Leal
T00183,999.000.111-28,Isabela Dantas,2025-01-30,880.07,ALFA COMÉRCIO LTDA
T00184,555.666.777-84,Elisa Barros,2025-01-30,5119.05,Bruno Tavares
T00185,777.888.999-06,Gabriela Ramos,2025-01-30,1544.51,BETA SERVIÇOS ME
T00186,777.888.999-06,Gabriela Ramos,2025-01-30,6672.01,Aline Monteiro
T00187,444.555.666-73,Diego Vasconcelos,2025-01-31,6970.64,Gabriela Ramos
T00188,101.202.303-49,Jonas Melo,2025-01-31,592.75,Elisa Barros
T00189,666.777.888-95,Fábio Leal,2025-01-31,8223.01,Henrique Paiva
T00190,333.444.555-62,Carla Nogueira,2025-01-31,7230.35,Gabriela Ramos
T00191,111.222.333-40,Aline Monteiro,2025-01-31,9771.12,ALFA COMÉRCIO LTDA
T00192,222.333.444-51,Bruno Tavares,2025-01-31,9780.23,ALFA COMÉRCIO LTDA
T00193,333.444.555-62,Carla Nogueira,2025-02-01,5310.01,ÔMEGA EVENTOS ME
T00194,888.999.000-17,Henrique Paiva,2025-02-01,4564.81,Karen Freitas
T00195,666.777.888-95,Fábio Leal,2025-02-01,1951.29,Lucas Gouveia
T00196,303.404.505-61,Lucas Gouveia,2025-02-01,7385.53,Karen Freitas
T00197,101.202.303-49,Jonas Melo,2025-02-01,4558.88,SIGMA PARTICIPAÇÕES LTDA
T00198,222.333.444-51,Bruno Tavares,2025-02-01,7908.06,ÔMEGA EVENTOS ME
T00199,101.202.303-49,Jonas Melo,2025-02-01,6962.26,Aline Monteiro
T00200,111.222.333-40,Aline Monteiro,2025-02-01,9933.34,ALFA COMÉRCIO LTDA
T00201,222.333.444-51,Bruno Tavares,2025-02-01,9939.44,ALFA COMÉRCIO LTDA
T00202,101.202.303-49,Jonas Melo,2025-02-02,2452.61,Aline Monteiro
T00203,555.666.777-84,Elisa Barros,2025-02-02,4988.55,SIGMA PARTICIPAÇÕES LTDA
T00204,333.444.555-62,Carla Nogueira,2025-02-02,3953.22,Fábio Leal
T00205,222.333.444-51,Bruno Tavares,2025-02-02,5918.12,SIGMA PARTICIPAÇÕES LTDA
T00206,222.333.444-51,Bruno Tavares,2025-02-02,213.11,Henrique Paiva
T00207,999.000.111-28,Isabela Dantas,2025-02-03,2570.66,ALFA COMÉRCIO LTDA
T00208,222.333.444-51,Bruno Tavares,2025-02-03,8183.89,ALFA COMÉRCIO LTDA
T00209,303.404.505-61,Lucas Gouveia,2025-02-03,1082.83,DELTA CONSULTORIA LTDA
T00210,777.888.999-06,Gabriela Ramos,2025-02-03,4023.35,Gabriela Ramos
T00211,303.404.505-61,Lucas Gouveia,2025-02-03,5616.32,GAMA LOGÍSTICA LTDA
T00212,555.666.777-84,Elisa Barros,2025-02-04,6315.21,GAMA LOGÍSTICA LTDA
T00213,555.666.777-84,Elisa Barros,2025-02-04,6301.88,Henrique Paiva
T00214,303.404.505-61,Lucas Gouveia,2025-02-04,1539.27,Aline Monteiro
T00215,888.999.000-17,Henrique Paiva,2025-02-04,4691.69,GAMA LOGÍSTICA LTDA
T00216,888.999.000-17,Henrique Paiva,2025-02-04,7408.46,Karen Freitas
T00217,202.303.404-50,Karen Freitas,2025-02-05,1088.7,
T00218,999.000.111-28,Isabela Dantas,2025-02-05,592.62,Carla Nogueira
T00219,303.404.505-61,Lucas Gouveia,2025-02-05,2730.72,ALFA COMÉRCIO LTDA
T00220,666.777.888-95,Fábio Leal,2025-02-05,2955.92,Elisa Barros
T00221,888.999.000-17,Henrique Paiva,2025-02-06,6870.08,GAMA LOGÍSTICA LTDA
T00222,333.444.555-62,Carla Nogueira,2025-02-06,6441.57,Henrique Paiva
T00223,303.404.505-61,Lucas Gouveia,2025-02-06,1222.32,Karen Freitas
T00224,303.404.505-61,Lucas Gouveia,2025-02-06,3216.6,Gabriela Ramos
T00225,111.222.333-40,Aline Monteiro,2025-02-06,1275.98,Henrique Paiva
T00226,111.222.333-40,Aline Monteiro,2025-02-06,1336.16,Karen Freitas
T00227,888.999.000-17,Henrique Paiva,2025-02-06,862.71,Carla Nogueira
T00228,111.222.333-40,Aline Monteiro,2025-02-06,297.68,GAMA LOGÍSTICA LTDA
T00229,999.000.111-28,Isabela Dantas,2025-02-07,7943.67,DELTA CONSULTORIA LTDA
T00230,222.333.444-51,Bruno Tavares,2025-02-07,6101.53,Aline Monteiro
T00231,101.202.303-49,Jonas Melo,2025-02-07,6939.58,SIGMA PARTICIPAÇÕES LTDA
T00232,111.222.333-40,Aline Monteiro,2025-02-07,9890.66,ALFA COMÉRCIO LTDA
T00233,111.222.333-40,Aline Monteiro,2025-02-07,9778.8,ALFA COMÉRCIO LTDA
T00234,222.333.444-51,Bruno Tavares,2025-02-07,9805.55,ALFA COMÉRCIO LTDA
T00235,222.333.444-51,Bruno Tavares,2025-02-07,9917.56,ALFA COMÉRCIO LTDA
T00236,222.333.444-51,Bruno Tavares,2025-02-07,9902.45,ALFA COMÉRCIO LTDA
T00237,555.666.777-84,Elisa Barros,2025-02-08,7823.45,ÔMEGA EVENTOS ME
T00238,888.999.000-17,Henrique Paiva,2025-02-08,1353.62,Lucas Gouveia
T00239,202.303.404-50,Karen Freitas,2025-02-08,6598.64,ALFA COMÉRCIO LTDA
T00240,666.777.888-95,Fábio Leal,2025-02-08,5440.3,ALFA COMÉRCIO LTDA
T00241,333.444.555-62,Carla Nogueira,2025-02-08,6506.03,Carla Nogueira
T00242,333.444.555-62,Carla Nogueira,2025-02-08,1102.96,GAMA LOGÍSTICA LTDA
T00243,555.666.777-84,Elisa Barros,2025-02-08,6707.29,Carla Nogueira
T00245,111.222.333-40,Aline Monteiro,2025-02-08,9966.34,ALFA COMÉRCIO LTDA
T00246,111.222.333-40,Aline Monteiro,2025-02-08,9805.7,ALFA COMÉRCIO LTDA
T00247,222.333.444-51,Bruno Tavares,2025-02-08,9900.41,ALFA COMÉRCIO LTDA
T00248,222.333.444-51,Bruno Tavares,2025-02-08,9898.67,ALFA COMÉRCIO LTDA
T00249,666.777.888-95,Fábio Leal,2025-02-09,2247.92,Carla Nogueira
T00250,444.555.666-73,Diego Vasconcelos,2025-02-09,5419.42,BETA SERVIÇOS ME
T00251,101.202.303-49,Jonas Melo,2025-02-09,4324.93,Aline Monteiro
T00252,101.202.303-49,Jonas Melo,2025-02-10,7847.99,Bruno Tavares
T00253,555.666.777-84,Elisa Barros,2025-02-10,6477.41,Karen Freitas
T00254,101.202.303-49,Jonas Melo,2025-02-10,1940.15,Carla Nogueira
T00255,777.888.999-06,Gabriela Ramos,2025-02-10,1511.8,Aline Monteiro
T00256,202.303.404-50,Karen Freitas,2025-02-10,4386.16,Elisa Barros
T00257,555.666.777-84,Elisa Barros,2025-02-10,5081.86,Elisa Barros
T00258,111.222.333-40,Aline Monteiro,2025-02-10,5050.76,Jonas Melo
T00259,333.444.555-62,Carla Nogueira,2025-02-10,6040.33,Gabriela Ramos
T00260,555.666.777-84,Elisa Barros,2025-02-11,5061.02,Jonas Melo
T00261,444.555.666-73,Diego Vasconcelos,2025-02-11,4299.5,Gabriela Ramos
T00262,444.555.666-73,Diego Vasconcelos,2025-02-11,3018.57,Lucas Gouveia
T00263,101.202.303-49,Jonas Melo,2025-02-11,3180.71,Bruno Tavares
T00264,303.404.505-61,Lucas Gouveia,2025-02-12,4211.09,Elisa Barros
T00265,444.555.666-73,Diego Vasconcelos,2025-02-12,6400.56,Karen Freitas
T00266,888.999.000-17,Henrique Paiva,2025-02-12,1001.38,Karen Freitas
T00267,666.777.888-95,Fábio Leal,2025-02-12,549.6,Diego Vasconcelos
T00268,999.000.111-28,Isabela Dantas,2025-02-12,3689.34,GAMA LOGÍSTICA LTDA
T00269,888.999.000-17,Henrique Paiva,2025-02-12,6563.88,Gabriela Ramos
T00270,444.555.666-73,Diego Vasconcelos,2025-02-12,6025.0,Isabela Dantas
T00271,555.666.777-84,Elisa Barros,2025-02-12,6247.0,Elisa Barros
T00272,333.444.555-62,Carla Nogueira,2025-02-13,367.03,Karen Freitas
T00273,222.333.444-51,Bruno Tavares,2025-02-13,8407.81,SIGMA PARTICIPAÇÕES LTDA
T00274,202.303.404-50,Karen Freitas,2025-02-13,253.03,Bruno Tavares
T00275,999.000.111-28,Isabela Dantas,2025-02-14,6709.82,BETA SERVIÇOS ME
T00276,202.303.404-50,Karen Freitas,2025-02-14,6814.97,GAMA LOGÍSTICA LTDA
T00277,303.404.505-61,Lucas Gouveia,2025-02-14,886.63,GAMA LOGÍSTICA LTDA
T00278,222.333.444-51,Bruno Tavares,2025-02-14,6412.96,Fábio Leal
T00279,111.222.333-40,Aline Monteiro,2025-02-14,535.99,Gabriela Ramos
T00280,555.666.777-84,Elisa Barros,2025-02-14,870.42,Diego Vasconcelos
T00281,777.888.999-06,Gabriela Ramos,2025-02-14,4923.0,Fábio Leal
T00282,999.000.111-28,Isabela Dantas,2025-02-14,4654.57,Aline Monteiro
T00283,111.222.333-40,Aline Monteiro,2025-02-14,9817.43,ALFA COMÉRCIO LTDA
T00284,111.222.333-40,Aline Monteiro,2025-02-14,9873.06,ALFA COMÉRCIO LTDA
T00285,111.222.333-40,Aline Monteiro,2025-02-14,9815.54,ALFA COMÉRCIO LTDA
T00286,222.333.444-51,Bruno Tavares,2025-02-14,9909.91,ALFA COMÉRCIO LTDA
T00287,777.888.999-06,Gabriela Ramos,2025-02-15,4868.32,ÔMEGA EVENTOS ME
T00288,202.303.404-50,Karen Freitas,2025-02-15,2347.96,Aline Monteiro
T00289,222.333.444-51,Bruno Tavares,2025-02-15,7632.07,Lucas Gouveia
T00290,333.444.555-62,Carla Nogueira,2025-02-15,502.24,Elisa Barros
T00291,202.303.404-50,Karen Freitas,2025-02-15,752.19,Bruno Tavares
T00292,777.888.999-06,Gabriela Ramos,2025-02-15,1452.27,Henrique Paiva
T00293,666.777.888-95,Fábio Leal,2025-02-15,3730.52,Karen Freitas
T00294,111.222.333-40,Aline Monteiro,2025-02-15,9774.78,ALFA COMÉRCIO LTDA
T00295,222.333.444-51,Bruno Tavares,2025-02-15,9876.61,ALFA COMÉRCIO LTDA
T00296,222.333.444-51,Bruno Tavares,2025-02-15,9945.92,ALFA COMÉRCIO LTDA
T00297,222.333.444-51,Bruno Tavares,2025-02-15,9826.46,ALFA COMÉRCIO LTDA
T00298,111.222.333-40,Aline Monteiro,2025-02-15,92000,SIGMA PARTICIPAÇÕES LTDA
T00299,333.444.555-62,Carla Nogueira,2025-02-16,318.48,ÔMEGA EVENTOS ME
T00300,555.666.777-84,Elisa Barros,2025-02-16,968.82,Bruno Tavares
T00301,444.555.666-73,Diego Vasconcelos,2025-02-16,6764.4,SIGMA PARTICIPAÇÕES LTDA
T00302,111.222.333-40,Aline Monteiro,2025-02-17,2809.25,Henrique Paiva
T00303,999.000.111-28,Isabela Dantas,2025-02-17,3182.97,Henrique Paiva
T00304,222.333.444-51,Bruno Tavares,2025-02-17,5349.59,Aline Monteiro
T00305,111.222.333-40,Aline Monteiro,2025-02-17,550.2,Elisa Barros
T00306,666.777.888-95,Fábio Leal,2025-02-17,5578.42,DELTA CONSULTORIA LTDA
T00307,666.777.888-95,Fábio Leal,2025-02-18,4420.22,Gabriela Ramos
T00308,999.000.111-28,Isabela Dantas,2025-02-18,5506.17,BETA SERVIÇOS ME
T00309,101.202.303-49,Jonas Melo,2025-02-18,311.53,Lucas Gouveia
T00310,333.444.555-62,Carla Nogueira,2025-02-19,7160.86,Jonas Melo
T00311,777.888.999-06,Gabriela Ramos,2025-02-19,222.43,Gabriela Ramos
T00312,222.333.444-51,Bruno Tavares,2025-02-19,8035.46,Diego Vasconcelos
T00313,303.404.505-61,Lucas Gouveia,2025-02-19,8422.73,BETA SERVIÇOS ME
T00314,555.666.777-84,Elisa Barros,2025-02-19,6340.29,Carla Nogueira
T00315,222.333.444-51,Bruno Tavares,2025-02-19,4429.8,Henrique Paiva
T00316,999.000.111-28,Isabela Dantas,2025-02-20,3457.32,Karen Freitas
T00317,111.222.333-40,Aline Monteiro,2025-02-20,1271.09,Elisa Barros
T00318,777.888.999-06,Gabriela Ramos,2025-02-20,6847.48,DELTA CONSULTORIA LTDA
T00319,555.666.777-84,Elisa Barros,2025-02-20,1616.86,SIGMA PARTICIPAÇÕES LTDA
T00320,101.202.303-49,Jonas Melo,2025-02-20,8386.78,Carla Nogueira
T00321,444.555.666-73,Diego Vasconcelos,2025-02-20,8141.58,Elisa Barros
T00322,303.404.505-61,Lucas Gouveia,2025-02-20,6776.7,BETA SERVIÇOS ME
T00323,666.777.888-95,Fábio Leal,2025-02-21,5038.43,Bruno Tavares
T00324,444.555.666-73,Diego Vasconcelos,2025-02-21,7691.4,Fábio Leal
T00325,222.333.444-51,Bruno Tavares,2025-02-21,6807.28,Fábio Leal
T00326,333.444.555-62,Carla Nogueira,2025-02-21,6495.76,Carla Nogueira
T00327,888.999.000-17,Henrique Paiva,2025-02-22,5033.35,Jonas Melo
T00328,333.444.555-62,Carla Nogueira,2025-02-22,7076.83,GAMA LOGÍSTICA LTDA
T00329,444.555.666-73,Diego Vasconcelos,2025-02-22,5957.54,BETA SERVIÇOS ME
T00330,666.777.888-95,Fábio Leal,2025-02-22,455.87,Bruno Tavares
T00331,101.202.303-49,Jonas Melo,2025-02-22,1056.67,SIGMA PARTICIPAÇÕES LTDA
T00332,555.666.777-84,Elisa Barros,2025-02-22,3507.63,BETA SERVIÇOS ME
T00333,222.333.444-51,Bruno Tavares,2025-02-22,1682.37,Jonas Melo
T00334,111.222.333-40,Aline Monteiro,2025-02-22,9952.33,ALFA COMÉRCIO LTDA
T00335,222.333.444-51,Bruno Tavares,2025-02-22,9896.37,ALFA COMÉRCIO LTDA
T00336,303.404.505-61,Lucas Gouveia,2025-02-23,6436.28,DELTA CONSULTORIA LTDA
T00337,333.444.555-62,Carla Nogueira,2025-02-23,4357.09,ALFA COMÉRCIO LTDA
T00338,333.444.555-62,Carla Nogueira,2025-02-23,1078.87,Carla Nogueira
T00339,101.202.303-49,Jonas Melo,2025-02-24,6607.99,Fábio Leal
T00340,202.303.404-50,Karen Freitas,2025-02-24,7853.18,GAMA LOGÍSTICA LTDA
T00341,444.555.666-73,Diego Vasconcelos,2025-02-24,7098.25,Diego Vasconcelos
T00342,555.666.777-84,Elisa Barros,2025-02-24,8045.61,Elisa Barros
T00343,303.404.505-61,Lucas Gouveia,2025-02-24,831.16,Bruno Tavares
T00344,303.404.505-61,Lucas Gouveia,2025-02-24,2235.43,Aline Monteiro
T00345,666.777.888-95,Fábio Leal,2025-02-24,3853.26,Diego Vasconcelos
T00346,111.222.333-40,Aline Monteiro,2025-02-25,1917.17,Diego Vasconcelos
T00347,303.404.505-61,Lucas Gouveia,2025-02-25,6317.77,Carla Nogueira
T00348,202.303.404-50,Karen Freitas,2025-02-25,5653.91,Bruno Tavares
T00349,888.999.000-17,Henrique Paiva,2025-02-26,7644.74,Aline Monteiro
T00350,999.000.111-28,Isabela Dantas,2025-02-26,2045.52,Karen Freitas
T00351,777.888.999-06,Gabriela Ramos,2025-02-26,7229.28,BETA SERVIÇOS ME
T00352,303.404.505-61,Lucas Gouveia,2025-02-26,5261.35,Fábio Leal
T00353,202.303.404-50,Karen Freitas,2025-02-26,4937.63,Diego Vasconcelos
T00354,888.999.000-17,Henrique Paiva,2025-02-26,6089.87,Fábio Leal
T00355,222.333.444-51,Bruno Tavares,2025-02-27,1506.69,ALFA COMÉRCIO LTDA
T00356,101.202.303-49,Jonas Melo,2025-02-27,1321.08,GAMA LOGÍSTICA LTDA
T00357,333.444.555-62,Carla Nogueira,2025-02-27,7456.9,Jonas Melo
T00358,111.222.333-40,Aline Monteiro,2025-02-27,2609.74,BETA SERVIÇOS ME
T00359,444.555.666-73,Diego Vasconcelos,2025-02-27,7083.13,Lucas Gouveia
T00360,666.777.888-95,Fábio Leal,2025-02-27,4107.47,Diego Vasconcelos
T00361,888.999.000-17,Henrique Paiva,2025-02-28,3358.46,Diego Vasconcelos
T00362,222.333.444-51,Bruno Tavares,2025-02-28,2090.13,Elisa Barros
T00363,101.202.303-49,Jonas Melo,2025-02-28,2917.7,Lucas Gouveia
T00364,444.555.666-73,Diego Vasconcelos,2025-02-28,3479.1,BETA SERVIÇOS ME
T00365,888.999.000-17,Henrique Paiva,2025-02-28,4933.78,ÔMEGA EVENTOS ME
T00366,666.777.888-95,Fábio Leal,2025-02-28,1898.94,Gabriela Ramos
T00367,888.999.000-17,Henrique Paiva,2025-02-28,5133.27,Henrique Paiva
T00368,111.222.333-40,Aline Monteiro,2025-02-28,9905.02,ALFA COMÉRCIO LTDA
T00369,222.333.444-51,Bruno Tavares,2025-02-28,9782.08,ALFA COMÉRCIO LTDA
T00370,222.333.444-51,Bruno Tavares,2025-02-28,9720.29,ALFA COMÉRCIO LTDA
T00371,303.404.505-61,Lucas Gouveia,2025-03-01,8092.22,Henrique Paiva
T00372,444.555.666-73,Diego Vasconcelos,2025-03-01,1467.72,ÔMEGA EVENTOS ME
T00373,555.666.777-84,Elisa Barros,2025-03-01,7145.45,Bruno Tavares
T00374,666.777.888-95,Fábio Leal,2025-03-01,4999.07,BETA SERVIÇOS ME
T00375,303.404.505-61,Lucas Gouveia,2025-03-01,215.09,Lucas Gouveia
T00376,111.222.333-40,Aline Monteiro,2025-03-01,2617.49,Isabela Dantas
T00377,999.000.111-28,Isabela Dantas,2025-03-01,6855.79,Gabriela Ramos
T00378,111.222.333-40,Aline Monteiro,2025-03-01,9772.36,ALFA COMÉRCIO LTDA
T00379,111.222.333-40,Aline Monteiro,2025-03-01,9697.54,ALFA COMÉRCIO LTDA
T00380,111.222.333-40,Aline Monteiro,2025-03-01,9702.26,ALFA COMÉRCIO LTDA
T00381,222.333.444-51,Bruno Tavares,2025-03-01,9790.93,ALFA COMÉRCIO LTDA
T00382,111.222.333-40,Aline Monteiro,2025-03-02,513.46,SIGMA PARTICIPAÇÕES LTDA
T00383,666.777.888-95,Fábio Leal,2025-03-02,8127.77,BETA SERVIÇOS ME
T00384,888.999.000-17,Henrique Paiva,2025-03-02,1558.44,Bruno Tavares
T00385,202.303.404-50,Karen Freitas,2025-03-02,801.69,Aline Monteiro
T00386,111.222.333-40,Aline Monteiro,2025-03-02,1984.81,Diego Vasconcelos
T00387,222.333.444-51,Bruno Tavares,2025-03-02,5091.99,ÔMEGA EVENTOS ME
T00388,444.555.666-73,Diego Vasconcelos,2025-03-02,5028.08,Karen Freitas
T00389,222.333.444-51,Bruno Tavares,2025-03-02,944.64,Aline Monteiro
T00390,333.444.555-62,Carla Nogueira,2025-03-03,4144.68,Carla Nogueira
T00391,666.777.888-95,Fábio Leal,2025-03-03,8454.5,Fábio Leal
T00392,333.444.555-62,Carla Nogueira,2025-03-03,3979.08,Karen Freitas
T00393,303.404.505-61,Lucas Gouveia,2025-03-04,5248.07,Isabela Dantas
T00394,333.444.555-62,Carla Nogueira,2025-03-04,6155.44,BETA SERVIÇOS ME
T00395,777.888.999-06,Gabriela Ramos,2025-03-04,6860.91,GAMA LOGÍSTICA LTDA
T00396,303.404.505-61,Lucas Gouveia,2025-03-04,5031.56,GAMA LOGÍSTICA LTDA
T00397,777.888.999-06,Gabriela Ramos,2025-03-04,2238.98,ALFA COMÉRCIO LTDA
T00398,202.303.404-50,Karen Freitas,2025-03-04,5323.28,ALFA COMÉRCIO LTDA
T00399,777.888.999-06,Gabriela Ramos,2025-03-04,8097.45,BETA SERVIÇOS ME
T00400,777.888.999-06,Gabriela Ramos,2025-03-04,595.4,Isabela Dantas
T00401,444.555.666-73,Diego Vasconcelos,2025-03-05,3201.0,SIGMA PARTICIPAÇÕES LTDA
T00402,444.555.666-73,Diego Vasconcelos,2025-03-05,4954.42,Jonas Melo
T00403,888.999.000-17,Henrique Paiva,2025-03-05,532.84,GAMA LOGÍSTICA LTDA
T00404,555.666.777-84,Elisa Barros,2025-03-05,886.91,ÔMEGA EVENTOS ME
T00405,555.666.777-84,Elisa Barros,2025-03-06,2337.75,Karen Freitas
T00406,303.404.505-61,Lucas Gouveia,2025-03-06,6059.08,Henrique Paiva
T00407,333.444.555-62,Carla Nogueira,2025-03-06,4103.48,BETA SERVIÇOS ME
T00408,777.888.999-06,Gabriela Ramos,2025-03-06,3221.62,Henrique Paiva
T00409,101.202.303-49,Jonas Melo,2025-03-06,1351.21,Henrique Paiva
T00410,333.444.555-62,Carla Nogueira,2025-03-06,407.41,Karen Freitas
T00411,303.404.505-61,Lucas Gouveia,2025-03-06,2266.62,Karen Freitas
T00412,999.000.111-28,Isabela Dantas,2025-03-06,5535.52,Henrique Paiva
T00413,101.202.303-49,Jonas Melo,2025-03-07,405.68,ALFA COMÉRCIO LTDA
T00414,333.444.555-62,Carla Nogueira,2025-03-07,5569.32,Lucas Gouveia
T00415,101.202.303-49,Jonas Melo,2025-03-07,1309.68,BETA SERVIÇOS ME
T00416,555.666.777-84,Elisa Barros,2025-03-07,3300.95,Fábio Leal
T00417,222.333.444-51,Bruno Tavares,2025-03-07,2485.76,BETA SERVIÇOS ME
T00418,666.777.888-95,Fábio Leal,2025-03-07,2260.37,GAMA LOGÍSTICA LTDA
T00419,111.222.333-40,Aline Monteiro,2025-03-07,900.32,DELTA CONSULTORIA LTDA
T00420,777.888.999-06,Gabriela Ramos,2025-03-07,8065.47,Carla Nogueira
T00421,111.222.333-40,Aline Monteiro,2025-03-07,9887.7,ALFA COMÉRCIO LTDA
T00422,111.222.333-40,Aline Monteiro,2025-03-07,9828.77,ALFA COMÉRCIO LTDA
T00423,222.333.444-51,Bruno Tavares,2025-03-07,9883.79,ALFA COMÉRCIO LTDA
T00424,222.333.444-51,Bruno Tavares,2025-03-07,9828.21,ALFA COMÉRCIO LTDA
T00425,222.333.444-51,Bruno Tavares,2025-03-07,9909.25,ALFA COMÉRCIO LTDA
T00426,333.444.555-62,Carla Nogueira,2025-03-08,6554.06,Karen Freitas
T00427,888.999.000-17,Henrique Paiva,2025-03-08,5836.07,BETA SERVIÇOS ME
T00428,999.000.111-28,Isabela Dantas,2025-03-08,387.92,Bruno Tavares
T00429,444.555.666-73,Diego Vasconcelos,2025-03-08,7918.31,Jonas Melo
T00430,111.222.333-40,Aline Monteiro,2025-03-08,9788.07,ALFA COMÉRCIO LTDA
T00431,111.222.333-40,Aline Monteiro,2025-03-08,9790.94,ALFA COMÉRCIO LTDA
T00432,111.222.333-40,Aline Monteiro,2025-03-08,9785.76,ALFA COMÉRCIO LTDA
T00433,222.333.444-51,Bruno Tavares,2025-03-08,9681.81,ALFA COMÉRCIO LTDA
T00434,222.333.444-51,Bruno Tavares,2025-03-08,9955.14,ALFA COMÉRCIO LTDA
T00435,222.333.444-51,Bruno Tavares,2025-03-08,9676.33,ALFA COMÉRCIO LTDA
T00436,999.000.111-28,Isabela Dantas,2025-03-09,7332.76,Henrique Paiva
T00437,333.444.555-62,Carla Nogueira,2025-03-09,4539.88,Jonas Melo
T00438,444.555.666-73,Diego Vasconcelos,2025-03-09,8254.27,DELTA CONSULTORIA LTDA
T00439,999.000.111-28,Isabela Dantas,2025-03-09,8100.44,ÔMEGA EVENTOS ME
T00440,555.666.777-84,Elisa Barros,2025-03-09,2119.17,Gabriela Ramos
T00441,666.777.888-95,Fábio Leal,2025-03-09,4522.3,ÔMEGA EVENTOS ME
T00442,333.444.555-62,Carla Nogueira,2025-03-09,3481.87,Elisa Barros
T00443,333.444.555-62,Carla Nogueira,2025-03-10,6978.83,Diego Vasconcelos
T00444,303.404.505-61,Lucas Gouveia,2025-03-10,2804.46,ALFA COMÉRCIO LTDA
T00445,111.222.333-40,Aline Monteiro,2025-03-10,1855.98,Karen Freitas
T00446,222.333.444-51,Bruno Tavares,2025-03-10,3906.83,Diego Vasconcelos
T00447,101.202.303-49,Jonas Melo,2025-03-10,5429.47,Isabela Dantas
T00448,333.444.555-62,Carla Nogueira,2025-03-10,5740.72,Aline Monteiro
T00449,777.888.999-06,Gabriela Ramos,2025-03-10,5312.44,Aline Monteiro
T00450,333.444.555-62,Carla Nogueira,2025-03-10,5638.51,Jonas Melo
T00451,101.202.303-49,Jonas Melo,2025-03-11,6351.96,Aline Monteiro
T00452,111.222.333-40,Aline Monteiro,2025-03-11,1841.66,DELTA CONSULTORIA LTDA
T00453,111.222.333-40,Aline Monteiro,2025-03-11,2685.39,Isabela Dantas
T00454,101.202.303-49,Jonas Melo,2025-03-11,7589.01,Bruno Tavares
T00455,111.222.333-40,Aline Monteiro,2025-03-12,1488.39,Elisa Barros
T00456,202.303.404-50,Karen Freitas,2025-03-12,1406.45,Jonas Melo
T00457,222.333.444-51,Bruno Tavares,2025-03-12,4104.31,Gabriela Ramos
T00458,303.404.505-61,Lucas Gouveia,2025-03-12,3391.86,Bruno Tavares
T00459,555.666.777-84,Elisa Barros,2025-03-12,6861.15,Bruno Tavares
T00460,111.222.333-40,Aline Monteiro,2025-03-12,8477.19,Karen Freitas
T00461,555.666.777-84,Elisa Barros,2025-03-12,619.82,Jonas Melo
T00462,999.000.111-28,Isabela Dantas,2025-03-13,1349.35,Diego Vasconcelos
T00463,777.888.999-06,Gabriela Ramos,2025-03-13,4290.09,Aline Monteiro
T00464,999.000.111-28,Isabela Dantas,2025-03-13,7272.0,Gabriela Ramos
T00465,888.999.000-17,Henrique Paiva,2025-03-13,7109.19,Gabriela Ramos
T00466,111.222.333-40,Aline Monteiro,2025-03-13,7756.97,ALFA COMÉRCIO LTDA
T00467,888.999.000-17,Henrique Paiva,2025-03-13,7826.69,Elisa Barros
T00468,222.333.444-51,Bruno Tavares,2025-03-14,5952.13,GAMA LOGÍSTICA LTDA
T00469,111.222.333-40,Aline Monteiro,2025-03-14,5912.95,Elisa Barros
T00470,999.000.111-28,Isabela Dantas,2025-03-14,3128.07,SIGMA PARTICIPAÇÕES LTDA
T00471,101.202.303-49,Jonas Melo,2025-03-14,7350.93,ÔMEGA EVENTOS ME
T00472,303.404.505-61,Lucas Gouveia,2025-03-14,2613.0,ALFA COMÉRCIO LTDA
T00473,999.000.111-28,Isabela Dantas,2025-03-14,6496.88,Carla Nogueira
T00474,111.222.333-40,Aline Monteiro,2025-03-14,9697.01,ALFA COMÉRCIO LTDA
T00475,222.333.444-51,Bruno Tavares,2025-03-14,9700.36,ALFA COMÉRCIO LTDA
T00476,222.333.444-51,Bruno Tavares,2025-03-14,9878.4,ALFA COMÉRCIO LTDA
T00477,222.333.444-51,Bruno Tavares,2025-03-14,9911.82,ALFA COMÉRCIO LTDA
T00478,111.222.333-40,Aline Monteiro,2025-03-15,1182.04,Elisa Barros
T00479,999.000.111-28,Isabela Dantas,2025-03-15,2252.37,Aline Monteiro
T00480,444.555.666-73,Diego Vasconcelos,2025-03-15,1340.4,Henrique Paiva
T00481,444.555.666-73,Diego Vasconcelos,2025-03-15,4033.73,Bruno Tavares
T00482,888.999.000-17,Henrique Paiva,2025-03-15,3867.15,Fábio Leal
T00483,111.222.333-40,Aline Monteiro,2025-03-15,9689.68,ALFA COMÉRCIO LTDA
T00484,111.222.333-40,Aline Monteiro,2025-03-15,9809.74,ALFA COMÉRCIO LTDA
T00485,222.333.444-51,Bruno Tavares,2025-03-15,9874.98,ALFA COMÉRCIO LTDA
T00486,222.333.444-51,Bruno Tavares,2025-03-15,9917.0,ALFA COMÉRCIO LTDA
T00487,222.333.444-51,Bruno Tavares,2025-03-15,9702.21,ALFA COMÉRCIO LTDA
T00488,333.444.555-62,Carla Nogueira,2025-03-16,5917.02,Elisa Barros
T00489,666.777.888-95,Fábio Leal,2025-03-16,173.55,ÔMEGA EVENTOS ME
T00490,444.555.666-73,Diego Vasconcelos,2025-03-16,1579.03,Fábio Leal
T00491,202.303.404-50,Karen Freitas,2025-03-16,2922.28,BETA SERVIÇOS ME
T00492,333.444.555-62,Carla Nogueira,2025-03-16,7695.64,GAMA LOGÍSTICA LTDA
T00493,202.303.404-50,Karen Freitas,2025-03-17,1844.27,Isabela Dantas
T00494,555.666.777-84,Elisa Barros,2025-03-17,2204.7,Bruno Tavares
T00495,999.000.111-28,Isabela Dantas,2025-03-17,2331.24,Carla Nogueira
T00496,101.202.303-49,Jonas Melo,2025-03-17,8397.61,Lucas Gouveia
T00497,444.555.666-73,Diego Vasconcelos,2025-03-17,4046.96,Lucas Gouveia
T00498,333.444.555-62,Carla Nogueira,2025-03-17,4681.44,Bruno Tavares
T00499,101.202.303-49,Jonas Melo,2025-03-18,5923.52,ALFA COMÉRCIO LTDA
T00500,333.444.555-62,Carla Nogueira,2025-03-18,6505.44,Henrique Paiva
T00501,444.555.666-73,Diego Vasconcelos,2025-03-18,6143.94,BETA SERVIÇOS ME
T00502,111.222.333-40,Aline Monteiro,2025-03-18,5428.56,GAMA LOGÍSTICA LTDA
T00503,888.999.000-17,Henrique Paiva,2025-03-18,176.76,SIGMA PARTICIPAÇÕES LTDA
T00504,555.666.777-84,Elisa Barros,2025-03-18,7921.03,Fábio Leal
T00505,101.202.303-49,Jonas Melo,2025-03-19,1962.79,Gabriela Ramos
T00506,202.303.404-50,Karen Freitas,2025-03-19,3542.29,ÔMEGA EVENTOS ME
T00507,777.888.999-06,Gabriela Ramos,2025-03-19,7094.06,Jonas Melo
T00508,101.202.303-49,Jonas Melo,2025-03-19,2439.55,Gabriela Ramos
T00509,999.000.111-28,Isabela Dantas,2025-03-20,6952.73,Aline Monteiro
T00510,202.303.404-50,Karen Freitas,2025-03-20,3103.77,SIGMA PARTICIPAÇÕES LTDA
T00511,888.999.000-17,Henrique Paiva,2025-03-20,301.06,Isabela Dantas
T00512,888.999.000-17,Henrique Paiva,2025-03-20,1645.94,ALFA COMÉRCIO LTDA
T00513,999.000.111-28,Isabela Dantas,2025-03-20,6349.82,Karen Freitas
T00514,444.555.666-73,Diego Vasconcelos,2025-03-21,6608.58,DELTA CONSULTORIA LTDA
T00515,444.555.666-73,Diego Vasconcelos,2025-03-21,5446.96,SIGMA PARTICIPAÇÕES LTDA
T00516,202.303.404-50,Karen Freitas,2025-03-21,8471.11,Elisa Barros
T00517,999.000.111-28,Isabela Dantas,2025-03-21,1894.0,BETA SERVIÇOS ME
T00518,999.000.111-28,Isabela Dantas,2025-03-21,7056.68,Bruno Tavares
T00519,303.404.505-61,Lucas Gouveia,2025-03-21,8415.19,ÔMEGA EVENTOS ME
T00520,202.303.404-50,Karen Freitas,2025-03-22,6070.24,Jonas Melo
T00521,333.444.555-62,Carla Nogueira,2025-03-22,4528.36,ÔMEGA EVENTOS ME
T00522,333.444.555-62,Carla Nogueira,2025-03-22,1801.87,Diego Vasconcelos
T00523,555.666.777-84,Elisa Barros,2025-03-22,4608.25,Lucas Gouveia
T00524,999.000.111-28,Isabela Dantas,2025-03-22,922.7,Elisa Barros
T00525,111.222.333-40,Aline Monteiro,2025-03-23,995.4,ALFA COMÉRCIO LTDA
T00526,202.303.404-50,Karen Freitas,2025-03-23,3948.52,Henrique Paiva
T00527,101.202.303-49,Jonas Melo,2025-03-23,6709.75,Elisa Barros
T00528,555.666.777-84,Elisa Barros,2025-03-23,657.58,GAMA LOGÍSTICA LTDA
T00529,101.202.303-49,Jonas Melo,2025-03-23,4518.47,Jonas Melo
T00530,101.202.303-49,Jonas Melo,2025-03-23,2445.33,DELTA CONSULTORIA LTDA
T00531,444.555.666-73,Diego Vasconcelos,2025-03-23,6298.86,ÔMEGA EVENTOS ME
T00532,888.999.000-17,Henrique Paiva,2025-03-23,6695.29,Gabriela Ramos
T00533,333.444.555-62,Carla Nogueira,2025-03-24,1613.91,DELTA CONSULTORIA LTDA
T00534,666.777.888-95,Fábio Leal,2025-03-24,6373.74,Karen Freitas
T00535,555.666.777-84,Elisa Barros,2025-03-24,4471.63,Karen Freitas
T00536,222.333.444-51,Bruno Tavares,2025-03-24,1235.68,Aline Monteiro
T00537,111.222.333-40,Aline Monteiro,2025-03-24,6046.08,ALFA COMÉRCIO LTDA
T00538,999.000.111-28,Isabela Dantas,2025-03-24,7862.51,ÔMEGA EVENTOS ME
T00539,111.222.333-40,Aline Monteiro,2025-03-25,4385.59,Carla Nogueira
T00540,101.202.303-49,Jonas Melo,2025-03-25,4808.42,ÔMEGA EVENTOS ME
T00541,555.666.777-84,Elisa Barros,2025-03-25,5216.2,Carla Nogueira
T00542,999.000.111-28,Isabela Dantas,2025-03-25,3028.95,Lucas Gouveia
T00543,101.202.303-49,Jonas Melo,2025-03-26,4757.71,DELTA CONSULTORIA LTDA
T00544,111.222.333-40,Aline Monteiro,2025-03-26,2624.14,ÔMEGA EVENTOS ME
T00545,555.666.777-84,Elisa Barros,2025-03-26,7002.55,GAMA LOGÍSTICA LTDA
T00546,444.555.666-73,Diego Vasconcelos,2025-03-26,3927.08,Lucas Gouveia
T00547,101.202.303-49,Jonas Melo,2025-03-26,2100.84,GAMA LOGÍSTICA LTDA
T00548,333.444.555-62,Carla Nogueira,2025-03-27,436.89,Bruno Tavares
T00549,111.222.333-40,Aline Monteiro,2025-03-27,5842.09,Bruno Tavares
T00550,202.303.404-50,Karen Freitas,2025-03-27,7534.0,SIGMA PARTICIPAÇÕES LTDA
T00551,888.999.000-17,Henrique Paiva,2025-03-28,8477.89,Henrique Paiva
T00552,444.555.666-73,Diego Vasconcelos,2025-03-28,3842.22,Bruno Tavares
T00553,303.404.505-61,Lucas Gouveia,2025-03-28,8238.2,Henrique Paiva
T00554,303.404.505-61,Lucas Gouveia,2025-03-28,2961.18,Isabela Dantas
T00555,555.666.777-84,Elisa Barros,2025-03-28,8335.43,GAMA LOGÍSTICA LTDA
T00556,333.444.555-62,Carla Nogueira,2025-03-28,7672.39,ÔMEGA EVENTOS ME
T00557,111.222.333-40,Aline Monteiro,2025-03-28,9872.43,ALFA COMÉRCIO LTDA
T00558,111.222.333-40,Aline Monteiro,2025-03-28,9915.1,ALFA COMÉRCIO LTDA
T00559,222.333.444-51,Bruno Tavares,2025-03-28,9680.71,ALFA COMÉRCIO LTDA
T00560,222.333.444-51,Bruno Tavares,2025-03-28,9929.41,ALFA COMÉRCIO LTDA
T00561,222.333.444-51,Bruno Tavares,2025-03-28,9943.02,ALFA COMÉRCIO LTDA
T00562,111.222.333-40,Aline Monteiro,2025-03-29,6364.34,Bruno Tavares
T00563,202.303.404-50,Karen Freitas,2025-03-29,6882.83,ÔMEGA EVENTOS ME
T00564,111.222.333-40,Aline Monteiro,2025-03-29,4766.06,Jonas Melo
T00565,333.444.555-62,Carla Nogueira,2025-03-29,7078.57,Lucas Gouveia
T00566,444.555.666-73,Diego Vasconcelos,2025-03-29,8175.41,Fábio Leal
T00567,111.222.333-40,Aline Monteiro,2025-03-29,9925.62,ALFA COMÉRCIO LTDA
T00568,222.333.444-51,Bruno Tavares,2025-03-29,9916.44,ALFA COMÉRCIO LTDA
T00569,222.333.444-51,Bruno Tavares,2025-03-29,9939.9,ALFA COMÉRCIO LTDA
T00570,888.999.000-17,Henrique Paiva,2025-03-30,5368.25,ÔMEGA EVENTOS ME
T00572,666.777.888-95,Fábio Leal,2025-03-30,485.16,GAMA LOGÍSTICA LTDA
T00573,101.202.303-49,Jonas Melo,2025-03-30,7504.15,BETA SERVIÇOS ME
T00574,555.666.777-84,Elisa Barros,2025-03-31,1441.86,BETA SERVIÇOS ME
T00575,888.999.000-17,Henrique Paiva,2025-03-31,8075.42,Gabriela Ramos
T00576,101.202.303-49,Jonas Melo,2025-03-31,7493.67,DELTA CONSULTORIA LTDA
T00577,444.555.666-73,Diego Vasconcelos,2025-04-01,7418.5,ALFA COMÉRCIO LTDA
T00578,202.303.404-50,Karen Freitas,2025-04-01,2474.83,Jonas Melo
T00579,888.999.000-17,Henrique Paiva,2025-04-01,6700.59,Diego Vasconcelos
T00580,222.333.444-51,Bruno Tavares,2025-04-01,3174.05,Elisa Barros
T00581,222.333.444-51,Bruno Tavares,2025-04-01,7030.72,Henrique Paiva
T00582,202.303.404-50,Karen Freitas,2025-04-01,980.62,ALFA COMÉRCIO LTDA
T00583,111.222.333-40,Aline Monteiro,2025-04-02,3396.37,Karen Freitas
T00584,111.222.333-40,Aline Monteiro,2025-04-02,6065.3,ALFA COMÉRCIO LTDA
T00585,888.999.000-17,Henrique Paiva,2025-04-02,2371.54,Karen Freitas
T00586,333.444.555-62,Carla Nogueira,2025-04-02,4868.03,Henrique Paiva
T00587,888.999.000-17,Henrique Paiva,2025-04-02,5482.87,Lucas Gouveia
T00588,101.202.303-49,Jonas Melo,2025-04-02,5334.28,SIGMA PARTICIPAÇÕES LTDA
T00589,999.000.111-28,Isabela Dantas,2025-04-03,654.55,Karen Freitas
T00590,555.666.777-84,Elisa Barros,2025-04-03,5845.66,Henrique Paiva
T00591,222.333.444-51,Bruno Tavares,2025-04-03,7742.65,Henrique Paiva
T00592,555.666.777-84,Elisa Barros,2025-04-03,2728.05,Isabela Dantas
T00593,555.666.777-84,Elisa Barros,2025-04-03,5120.52,Henrique Paiva
T00594,222.333.444-51,Bruno Tavares,2025-04-03,3323.25,Fábio Leal
T00595,999.000.111-28,Isabela Dantas,2025-04-03,3519.13,SIGMA PARTICIPAÇÕES LTDA
T00596,222.333.444-51,Bruno Tavares,2025-04-04,374.09,Carla Nogueira
T00597,444.555.666-73,Diego Vasconcelos,2025-04-04,1848.24,DELTA CONSULTORIA LTDA
T00598,555.666.777-84,Elisa Barros,2025-04-04,5310.86,Elisa Barros
T00599,222.333.444-51,Bruno Tavares,2025-04-04,6178.92,Diego Vasconcelos
T00600,777.888.999-06,Gabriela Ramos,2025-04-04,7356.42,Jonas Melo
T00601,101.202.303-49,Jonas Melo,2025-04-04,2251.87,Fábio Leal
T00602,111.222.333-40,Aline Monteiro,2025-04-04,552.27,ÔMEGA EVENTOS ME
T00603,777.888.999-06,Gabriela Ramos,2025-04-05,7025.7,ALFA COMÉRCIO LTDA
T00604,999.000.111-28,Isabela Dantas,2025-04-05,1167.68,Karen Freitas
T00605,666.777.888-95,Fábio Leal,2025-04-05,2997.4,Isabela Dantas
T00606,111.222.333-40,Aline Monteiro,2025-04-05,9881.3,ALFA COMÉRCIO LTDA
T00607,111.222.333-40,Aline Monteiro,2025-04-05,9815.43,ALFA COMÉRCIO LTDA
T00608,222.333.444-51,Bruno Tavares,2025-04-05,9797.14,ALFA COMÉRCIO LTDA
T00609,222.333.444-51,Bruno Tavares,2025-04-05,9686.17,ALFA COMÉRCIO LTDA
T00610,999.000.111-28,Isabela Dantas,2025-04-06,3641.91,GAMA LOGÍSTICA LTDA
T00611,222.333.444-51,Bruno Tavares,2025-04-06,1346.08,BETA SERVIÇOS ME
T00612,333.444.555-62,Carla Nogueira,2025-04-06,1169.86,ÔMEGA EVENTOS ME
T00613,999.000.111-28,Isabela Dantas,2025-04-06,1221.34,ALFA COMÉRCIO LTDA
T00614,444.555.666-73,Diego Vasconcelos,2025-04-06,620.22,ALFA COMÉRCIO LTDA
T00615,222.333.444-51,Bruno Tavares,2025-04-06,6663.17,BETA SERVIÇOS ME
T00616,555.666.777-84,Elisa Barros,2025-04-07,8176.17,DELTA CONSULTORIA LTDA
T00617,777.888.999-06,Gabriela Ramos,2025-04-07,4600.04,BETA SERVIÇOS ME
T00618,555.666.777-84,Elisa Barros,2025-04-07,7455.98,Jonas Melo
T00619,222.333.444-51,Bruno Tavares,2025-04-08,866.6,Isabela Dantas
T00620,444.555.666-73,Diego Vasconcelos,2025-04-08,4880.15,ALFA COMÉRCIO LTDA
T00621,333.444.555-62,Carla Nogueira,2025-04-08,7969.02,Lucas Gouveia
T00622,666.777.888-95,Fábio Leal,2025-04-09,6662.55,Bruno Tavares
T00623,555.666.777-84,Elisa Barros,2025-04-09,5010.54,ALFA COMÉRCIO LTDA
T00624,444.555.666-73,Diego Vasconcelos,2025-04-09,1191.26,Carla Nogueira
T00625,333.444.555-62,Carla Nogueira,2025-04-09,7611.98,Jonas Melo
T00626,999.000.111-28,Isabela Dantas,2025-04-09,527.92,ÔMEGA EVENTOS ME
T00627,555.666.777-84,Elisa Barros,2025-04-09,6747.58,ÔMEGA EVENTOS ME
T00628,777.888.999-06,Gabriela Ramos,2025-04-09,4857.52,SIGMA PARTICIPAÇÕES LTDA
T00629,888.999.000-17,Henrique Paiva,2025-04-10,7463.69,Jonas Melo
T00630,333.444.555-62,Carla Nogueira,2025-04-10,6761.79,Gabriela Ramos
T00631,999.000.111-28,Isabela Dantas,2025-04-10,4516.11,Jonas Melo
T00632,777.888.999-06,Gabriela Ramos,2025-04-10,205.41,BETA SERVIÇOS ME
T00633,222.333.444-51,Bruno Tavares,2025-04-10,1686.82,BETA SERVIÇOS ME
T00634,444.555.666-73,Diego Vasconcelos,2025-04-11,4876.26,Lucas Gouveia
T00635,888.999.000-17,Henrique Paiva,2025-04-11,883.7,Jonas Melo
T00636,101.202.303-49,Jonas Melo,2025-04-11,2914.61,Carla Nogueira
T00637,999.000.111-28,Isabela Dantas,2025-04-11,7365.15,Lucas Gouveia
T00638,303.404.505-61,Lucas Gouveia,2025-04-11,3716.69,Isabela Dantas
T00639,202.303.404-50,Karen Freitas,2025-04-11,7697.78,Karen Freitas
T00640,888.999.000-17,Henrique Paiva,2025-04-11,3885.3,Henrique Paiva
T00641,303.404.505-61,Lucas Gouveia,2025-04-11,731.29,Jonas Melo
T00642,111.222.333-40,Aline Monteiro,2025-04-11,9680.38,ALFA COMÉRCIO LTDA
T00643,111.222.333-40,Aline Monteiro,2025-04-11,9926.46,ALFA COMÉRCIO LTDA
T00644,111.222.333-40,Aline Monteiro,2025-04-11,9722.01,ALFA COMÉRCIO LTDA
T00645,222.333.444-51,Bruno Tavares,2025-04-11,9709.99,ALFA COMÉRCIO LTDA
T00646,222.333.444-51,Bruno Tavares,2025-04-11,9901.22,ALFA COMÉRCIO LTDA
T00647,222.333.444-51,Bruno Tavares,2025-04-11,9694.13,ALFA COMÉRCIO LTDA
T00648,999.000.111-28,Isabela Dantas,2025-04-12,6102.32,Carla Nogueira
T00649,999.000.111-28,Isabela Dantas,2025-04-12,4298.74,ALFA COMÉRCIO LTDA
T00650,666.777.888-95,Fábio Leal,2025-04-12,5530.75,Gabriela Ramos
T00651,111.222.333-40,Aline Monteiro,2025-04-12,6821.51,SIGMA PARTICIPAÇÕES LTDA
T00652,777.888.999-06,Gabriela Ramos,2025-04-12,384.91,ALFA COMÉRCIO LTDA
T00653,111.222.333-40,Aline Monteiro,2025-04-12,9711.64,ALFA COMÉRCIO LTDA
T00654,111.222.333-40,Aline Monteiro,2025-04-12,9960.93,ALFA COMÉRCIO LTDA
T00655,111.222.333-40,Aline Monteiro,2025-04-12,9812.29,ALFA COMÉRCIO LTDA
T00656,222.333.444-51,Bruno Tavares,2025-04-12,9876.66,ALFA COMÉRCIO LTDA
T00657,222.333.444-51,Bruno Tavares,2025-04-12,9783.89,ALFA COMÉRCIO LTDA
T00658,666.777.888-95,Fábio Leal,2025-04-13,7911.31,SIGMA PARTICIPAÇÕES LTDA
T00659,999.000.111-28,Isabela Dantas,2025-04-13,5885.82,GAMA LOGÍSTICA LTDA
T00660,555.666.777-84,Elisa Barros,2025-04-13,5343.3,DELTA CONSULTORIA LTDA
T00661,999.000.111-28,Isabela Dantas,2025-04-13,804.13,Gabriela Ramos
T00662,222.333.444-51,Bruno Tavares,2025-04-13,2373.22,Aline Monteiro
T00663,303.404.505-61,Lucas Gouveia,2025-04-13,8268.12,GAMA LOGÍSTICA LTDA
T00664,101.202.303-49,Jonas Melo,2025-04-14,4958.65,Lucas Gouveia
T00665,101.202.303-49,Jonas Melo,2025-04-14,8153.81,GAMA LOGÍSTICA LTDA
T00666,444.555.666-73,Diego Vasconcelos,2025-04-14,2610.68,Diego Vasconcelos
T00667,666.777.888-95,Fábio Leal,2025-04-14,7989.1,DELTA CONSULTORIA LTDA
T00668,111.222.333-40,Aline Monteiro,2025-04-14,5272.93,Isabela Dantas
T00669,444.555.666-73,Diego Vasconcelos,2025-04-14,168000,GAMA LOGÍSTICA LTDA
T00670,222.333.444-51,Bruno Tavares,2025-04-15,462.54,Diego Vasconcelos
T00671,777.888.999-06,Gabriela Ramos,2025-04-15,5650.37,Fábio Leal
T00672,202.303.404-50,Karen Freitas,2025-04-15,7505.42,ÔMEGA EVENTOS ME
T00673,444.555.666-73,Diego Vasconcelos,2025-04-15,1227.17,Isabela Dantas
T00674,111.222.333-40,Aline Monteiro,2025-04-15,3706.06,Bruno Tavares
T00675,777.888.999-06,Gabriela Ramos,2025-04-16,6279.51,BETA SERVIÇOS ME
T00676,303.404.505-61,Lucas Gouveia,2025-04-16,1562.33,ALFA COMÉRCIO LTDA
T00677,222.333.444-51,Bruno Tavares,2025-04-16,7163.58,Bruno Tavares
T00678,777.888.999-06,Gabriela Ramos,2025-04-16,5497.32,Carla Nogueira
T00679,333.444.555-62,Carla Nogueira,2025-04-16,4827.29,Henrique Paiva
T00680,666.777.888-95,Fábio Leal,2025-04-16,7196.44,Diego Vasconcelos
T00681,444.555.666-73,Diego Vasconcelos,2025-04-16,5266.86,DELTA CONSULTORIA LTDA
T00682,333.444.555-62,Carla Nogueira,2025-04-17,4865.19,Elisa Barros
T00683,555.666.777-84,Elisa Barros,2025-04-17,2127.48,Henrique Paiva
T00684,444.555.666-73,Diego Vasconcelos,2025-04-17,6114.85,DELTA CONSULTORIA LTDA
T00685,202.303.404-50,Karen Freitas,2025-04-17,1817.63,Lucas Gouveia
T00686,666.777.888-95,Fábio Leal,2025-04-17,3231.3,DELTA CONSULTORIA LTDA
T00687,333.444.555-62,Carla Nogueira,2025-04-17,5658.69,Henrique Paiva
T00688,333.444.555-62,Carla Nogueira,2025-04-18,3710.01,DELTA CONSULTORIA LTDA
T00689,777.888.999-06,Gabriela Ramos,2025-04-18,8269.35,ÔMEGA EVENTOS ME
T00690,101.202.303-49,Jonas Melo,2025-04-18,826.78,Gabriela Ramos
T00691,222.333.444-51,Bruno Tavares,2025-04-18,5006.72,Lucas Gouveia
T00692,444.555.666-73,Diego Vasconcelos,2025-04-19,8224.9,DELTA CONSULTORIA LTDA
T00693,111.222.333-40,Aline Monteiro,2025-04-19,4347.94,ÔMEGA EVENTOS ME
T00694,333.444.555-62,Carla Nogueira,2025-04-19,536.36,BETA SERVIÇOS ME
T00695,101.202.303-49,Jonas Melo,2025-04-19,5644.41,Elisa Barros
T00696,303.404.505-61,Lucas Gouveia,2025-04-19,5244.48,GAMA LOGÍSTICA LTDA
T00697,111.222.333-40,Aline Monteiro,2025-04-19,9921.94,ALFA COMÉRCIO LTDA
T00698,111.222.333-40,Aline Monteiro,2025-04-19,9969.5,ALFA COMÉRCIO LTDA
T00699,111.222.333-40,Aline Monteiro,2025-04-19,9795.59,ALFA COMÉRCIO LTDA
T00700,222.333.444-51,Bruno Tavares,2025-04-19,9899.72,ALFA COMÉRCIO LTDA
T00701,888.999.000-17,Henrique Paiva,2025-04-20,6908.86,Fábio Leal
T00702,444.555.666-73,Diego Vasconcelos,2025-04-20,297.88,Lucas Gouveia
T00703,333.444.555-62,Carla Nogueira,2025-04-20,3412.65,Henrique Paiva
T00704,444.555.666-73,Diego Vasconcelos,2025-04-21,5612.26,SIGMA PARTICIPAÇÕES LTDA
T00705,101.202.303-49,Jonas Melo,2025-04-21,1959.9,Fábio Leal
T00706,303.404.505-61,Lucas Gouveia,2025-04-21,1226.45,GAMA LOGÍSTICA LTDA
T00707,555.666.777-84,Elisa Barros,2025-04-21,929.47,BETA SERVIÇOS ME
T00708,222.333.444-51,Bruno Tavares,2025-04-22,7682.55,GAMA LOGÍSTICA LTDA
T00709,666.777.888-95,Fábio Leal,2025-04-22,5179.96,GAMA LOGÍSTICA LTDA
T00710,888.999.000-17,Henrique Paiva,2025-04-22,2535.8,Jonas Melo
T00711,888.999.000-17,Henrique Paiva,2025-04-23,2960.95,Elisa Barros
T00712,202.303.404-50,Karen Freitas,2025-04-23,6758.96,BETA SERVIÇOS ME
T00713,777.888.999-06,Gabriela Ramos,2025-04-23,8308.64,Isabela Dantas
T00714,303.404.505-61,Lucas Gouveia,2025-04-23,1490.31,GAMA LOGÍSTICA LTDA
T00715,111.222.333-40,Aline Monteiro,2025-04-23,2192.68,Carla Nogueira
T00716,888.999.000-17,Henrique Paiva,2025-04-24,8203.66,BETA SERVIÇOS ME
T00717,101.202.303-49,Jonas Melo,2025-04-24,7072.75,Lucas Gouveia
T00718,333.444.555-62,Carla Nogueira,2025-04-24,3536.87,Gabriela Ramos
T00719,888.999.000-17,Henrique Paiva,2025-04-24,1958.98,DELTA CONSULTORIA LTDA
T00720,202.303.404-50,Karen Freitas,2025-04-24,4246.93,Fábio Leal
T00721,555.666.777-84,Elisa Barros,2025-04-25,2280.58,Bruno Tavares
T00722,303.404.505-61,Lucas Gouveia,2025-04-25,983.92,Elisa Barros
T00723,111.222.333-40,Aline Monteiro,2025-04-25,5901.74,Jonas Melo
T00724,303.404.505-61,Lucas Gouveia,2025-04-25,4885.49,Carla Nogueira
T00725,777.888.999-06,Gabriela Ramos,2025-04-25,407.35,Elisa Barros
T00726,303.404.505-61,Lucas Gouveia,2025-04-25,6886.94,Jonas Melo
T00727,111.222.333-40,Aline Monteiro,2025-04-25,9801.97,ALFA COMÉRCIO LTDA
T00728,111.222.333-40,Aline Monteiro,2025-04-25,9962.17,ALFA COMÉRCIO LTDA
T00729,222.333.444-51,Bruno Tavares,2025-04-25,9771.6,ALFA COMÉRCIO LTDA
T00730,222.333.444-51,Bruno Tavares,2025-04-25,9728.15,ALFA COMÉRCIO LTDA
T00731,222.333.444-51,Bruno Tavares,2025-04-25,9802.36,ALFA COMÉRCIO LTDA
T00732,303.404.505-61,Lucas Gouveia,2025-04-26,8444.4,Diego Vasconcelos
T00733,666.777.888-95,Fábio Leal,2025-04-26,1630.92,Diego Vasconcelos
T00734,999.000.111-28,Isabela Dantas,2025-04-26,6876.12,SIGMA PARTICIPAÇÕES LTDA
T00735,111.222.333-40,Aline Monteiro,2025-04-26,9906.59,ALFA COMÉRCIO LTDA
T00736,111.222.333-40,Aline Monteiro,2025-04-26,9691.75,ALFA COMÉRCIO LTDA
T00737,111.222.333-40,Aline Monteiro,2025-04-26,9774.3,ALFA COMÉRCIO LTDA
T00738,222.333.444-51,Bruno Tavares,2025-04-26,9783.52,ALFA COMÉRCIO LTDA
T00739,222.333.444-51,Bruno Tavares,2025-04-26,9923.26,ALFA COMÉRCIO LTDA
T00740,202.303.404-50,Karen Freitas,2025-04-27,6038.51,BETA SERVIÇOS ME
T00741,202.303.404-50,Karen Freitas,2025-04-27,4291.24,SIGMA PARTICIPAÇÕES LTDA
T00742,777.888.999-06,Gabriela Ramos,2025-04-27,5512.76,BETA SERVIÇOS ME
T00743,666.777.888-95,Fábio Leal,2025-04-27,2511.09,Henrique Paiva
T00744,222.333.444-51,Bruno Tavares,2025-04-27,4359.38,Elisa Barros
T00745,333.444.555-62,Carla Nogueira,2025-04-27,8234.57,ALFA COMÉRCIO LTDA
T00746,555.666.777-84,Elisa Barros,2025-04-27,307.03,Elisa Barros
T00747,202.303.404-50,Karen Freitas,2025-04-27,6650.07,Lucas Gouveia
T00748,888.999.000-17,Henrique Paiva,2025-04-28,3963.8,DELTA CONSULTORIA LTDA
T00749,111.222.333-40,Aline Monteiro,2025-04-28,328.29,Karen Freitas
T00750,101.202.303-49,Jonas Melo,2025-04-28,2275.87,Aline Monteiro
T00751,303.404.505-61,Lucas Gouveia,2025-04-28,3903.19,Diego Vasconcelos
T00752,555.666.777-84,Elisa Barros,2025-04-28,5880.61,Karen Freitas
T00753,555.666.777-84,Elisa Barros,2025-04-28,6824.45,Isabela Dantas
T00754,444.555.666-73,Diego Vasconcelos,2025-04-28,3146.47,Bruno Tavares
T00755,666.777.888-95,Fábio Leal,2025-04-29,407.11,Bruno Tavares
T00756,666.777.888-95,Fábio Leal,2025-04-29,3486.18,Gabriela Ramos
T00757,666.777.888-95,Fábio Leal,2025-04-29,5711.15,Lucas Gouveia
T00758,666.777.888-95,Fábio Leal,2025-04-29,7325.96,SIGMA PARTICIPAÇÕES LTDA
T00759,303.404.505-61,Lucas Gouveia,2025-04-29,4353.52,Karen Freitas
T00760,888.999.000-17,Henrique Paiva,2025-04-29,4311.08,Elisa Barros
T00761,999.000.111-28,Isabela Dantas,2025-04-30,4305.05,Diego Vasconcelos
T00762,222.333.444-51,Bruno Tavares,2025-04-30,338.55,GAMA LOGÍSTICA LTDA
T00763,444.555.666-73,Diego Vasconcelos,2025-04-30,5198.86,ALFA COMÉRCIO LTDA
T00764,666.777.888-95,Fábio Leal,2025-04-30,7355.47,DELTA CONSULTORIA LTDA
T00765,555.666.777-84,Elisa Barros,2025-04-30,2681.16,Lucas Gouveia
T00766,999.000.111-28,Isabela Dantas,2025-04-30,4597.85,ÔMEGA EVENTOS ME
T00767,101.202.303-49,Jonas Melo,2025-05-01,4918.08,Gabriela Ramos
T00768,202.303.404-50,Karen Freitas,2025-05-01,2072.04,Bruno Tavares
T00769,999.000.111-28,Isabela Dantas,2025-05-01,1416.64,Isabela Dantas
T00770,999.000.111-28,Isabela Dantas,2025-05-01,4913.37,Karen Freitas
T00771,999.000.111-28,Isabela Dantas,2025-05-01,7280.54,ÔMEGA EVENTOS ME
T00772,777.888.999-06,Gabriela Ramos,2025-05-01,859.82,Elisa Barros
T00773,555.666.777-84,Elisa Barros,2025-05-02,4485.91,Bruno Tavares
T00774,666.777.888-95,Fábio Leal,2025-05-02,5707.89,Henrique Paiva
T00775,555.666.777-84,Elisa Barros,2025-05-02,2024.7,Gabriela Ramos
T00776,202.303.404-50,Karen Freitas,2025-05-02,1172.39,Fábio Leal
T00777,111.222.333-40,Aline Monteiro,2025-05-02,1335.29,Carla Nogueira
T00778,111.222.333-40,Aline Monteiro,2025-05-02,456.86,Diego Vasconcelos
T00779,222.333.444-51,Bruno Tavares,2025-05-02,6840.53,Lucas Gouveia
T00780,111.222.333-40,Aline Monteiro,2025-05-02,9936.49,ALFA COMÉRCIO LTDA
T00781,111.222.333-40,Aline Monteiro,2025-05-02,9686.05,ALFA COMÉRCIO LTDA
T00782,222.333.444-51,Bruno Tavares,2025-05-02,9916.19,ALFA COMÉRCIO LTDA
T00783,999.000.111-28,Isabela Dantas,2025-05-03,7825.29,ALFA COMÉRCIO LTDA
T00784,303.404.505-61,Lucas Gouveia,2025-05-03,2447.13,BETA SERVIÇOS ME
T00785,101.202.303-49,Jonas Melo,2025-05-03,4390.02,Karen Freitas
T00786,888.999.000-17,Henrique Paiva,2025-05-03,3169.28,Diego Vasconcelos
T00787,999.000.111-28,Isabela Dantas,2025-05-03,4126.4,BETA SERVIÇOS ME
T00788,303.404.505-61,Lucas Gouveia,2025-05-03,2125.05,BETA SERVIÇOS ME
T00789,444.555.666-73,Diego Vasconcelos,2025-05-03,2047.08,ALFA COMÉRCIO LTDA
T00790,111.222.333-40,Aline Monteiro,2025-05-03,9727.38,ALFA COMÉRCIO LTDA
T00791,111.222.333-40,Aline Monteiro,2025-05-03,9887.32,ALFA COMÉRCIO LTDA
T00792,222.333.444-51,Bruno Tavares,2025-05-03,9877.28,ALFA COMÉRCIO LTDA
T00793,222.333.444-51,Bruno Tavares,2025-05-03,9729.29,ALFA COMÉRCIO LTDA
T00794,333.444.555-62,Carla Nogueira,2025-05-04,7716.5,SIGMA PARTICIPAÇÕES LTDA
T00795,101.202.303-49,Jonas Melo,2025-05-04,5409.34,Karen Freitas
T00796,202.303.404-50,Karen Freitas,2025-05-04,6274.23,GAMA LOGÍSTICA LTDA
T00797,222.333.444-51,Bruno Tavares,2025-05-04,1352.69,BETA SERVIÇOS ME
T00798,202.303.404-50,Karen Freitas,2025-05-04,6919.02,GAMA LOGÍSTICA LTDA
T00799,333.444.555-62,Carla Nogueira,2025-05-04,1363.63,Henrique Paiva
T00800,101.202.303-49,Jonas Melo,2025-05-04,4442.51,Isabela Dantas
T00801,333.444.555-62,Carla Nogueira,2025-05-05,1696.75,ALFA COMÉRCIO LTDA
T00802,555.666.777-84,Elisa Barros,2025-05-05,1769.25,ÔMEGA EVENTOS ME
T00803,999.000.111-28,Isabela Dantas,2025-05-05,6326.4,Lucas Gouveia
T00804,888.999.000-17,Henrique Paiva,2025-05-05,6361.78,Fábio Leal
T00805,333.444.555-62,Carla Nogueira,2025-05-05,2130.05,GAMA LOGÍSTICA LTDA
T00806,222.333.444-51,Bruno Tavares,2025-05-05,5743.58,Isabela Dantas
T00807,333.444.555-62,Carla Nogueira,2025-05-05,1952.91,GAMA LOGÍSTICA LTDA
T00808,303.404.505-61,Lucas Gouveia,2025-05-05,7641.3,SIGMA PARTICIPAÇÕES LTDA
T00809,666.777.888-95,Fábio Leal,2025-05-06,4808.34,Isabela Dantas
T00810,333.444.555-62,Carla Nogueira,2025-05-06,1578.33,Elisa Barros
T00811,303.404.505-61,Lucas Gouveia,2025-05-06,6221.21,Isabela Dantas
T00812,202.303.404-50,Karen Freitas,2025-05-07,8328.81,Lucas Gouveia
T00813,111.222.333-40,Aline Monteiro,2025-05-07,3486.08,Karen Freitas
T00814,999.000.111-28,Isabela Dantas,2025-05-07,766.97,ALFA COMÉRCIO LTDA
T00815,444.555.666-73,Diego Vasconcelos,2025-05-07,6101.55,GAMA LOGÍSTICA LTDA
T00816,999.000.111-28,Isabela Dantas,2025-05-07,1961.17,Bruno Tavares
T00817,777.888.999-06,Gabriela Ramos,2025-05-07,6030.67,Diego Vasconcelos
T00818,303.404.505-61,Lucas Gouveia,2025-05-07,7710.71,Isabela Dantas
T00819,666.777.888-95,Fábio Leal,2025-05-08,2745.54,Elisa Barros
T00820,777.888.999-06,Gabriela Ramos,2025-05-08,4198.63,Diego Vasconcelos
T00821,202.303.404-50,Karen Freitas,2025-05-08,4804.55,Bruno Tavares
T00822,444.555.666-73,Diego Vasconcelos,2025-05-09,4445.9,Lucas Gouveia
T00823,444.555.666-73,Diego Vasconcelos,2025-05-09,1206.51,SIGMA PARTICIPAÇÕES LTDA
T00824,333.444.555-62,Carla Nogueira,2025-05-09,5927.16,Karen Freitas
T00825,111.222.333-40,Aline Monteiro,2025-05-09,9710.1,ALFA COMÉRCIO LTDA
T00826,222.333.444-51,Bruno Tavares,2025-05-09,9674.67,ALFA COMÉRCIO LTDA
T00827,111.222.333-40,Aline Monteiro,2025-05-10,6212.65,Diego Vasconcelos
T00828,444.555.666-73,Diego Vasconcelos,2025-05-10,7401.98,BETA SERVIÇOS ME
T00829,202.303.404-50,Karen Freitas,2025-05-10,4682.99,DELTA CONSULTORIA LTDA
T00830,202.303.404-50,Karen Freitas,2025-05-10,6284.39,ÔMEGA EVENTOS ME
T00831,555.666.777-84,Elisa Barros,2025-05-10,7533.98,Elisa Barros
T00832,555.666.777-84,Elisa Barros,2025-05-10,696.36,Aline Monteiro
T00833,111.222.333-40,Aline Monteiro,2025-05-10,9792.48,ALFA COMÉRCIO LTDA
T00834,222.333.444-51,Bruno Tavares,2025-05-10,9819.37,ALFA COMÉRCIO LTDA
T00835,444.555.666-73,Diego Vasconcelos,2025-05-11,877.44,Gabriela Ramos
T00836,222.333.444-51,Bruno Tavares,2025-05-11,4522.81,ALFA COMÉRCIO LTDA
T00837,202.303.404-50,Karen Freitas,2025-05-11,2687.49,Jonas Melo
T00838,666.777.888-95,Fábio Leal,2025-05-11,6910.04,Karen Freitas
T00839,333.444.555-62,Carla Nogueira,2025-05-11,7264.88,Isabela Dantas
T00840,888.999.000-17,Henrique Paiva,2025-05-11,1985.86,Elisa Barros
T00841,666.777.888-95,Fábio Leal,2025-05-12,816.07,Karen Freitas
T00842,222.333.444-51,Bruno Tavares,2025-05-12,5211.6,ALFA COMÉRCIO LTDA
T00843,202.303.404-50,Karen Freitas,2025-05-12,5352.11,Aline Monteiro
T00844,101.202.303-49,Jonas Melo,2025-05-12,1714.71,GAMA LOGÍSTICA LTDA
T00845,202.303.404-50,Karen Freitas,2025-05-12,3314.17,ÔMEGA EVENTOS ME
T00846,555.666.777-84,Elisa Barros,2025-05-12,865.45,Elisa Barros
T00847,888.999.000-17,Henrique Paiva,2025-05-12,815.79,Henrique Paiva
T00848,101.202.303-49,Jonas Melo,2025-05-12,7684.89,Isabela Dantas
T00849,111.222.333-40,Aline Monteiro,2025-05-13,4506.15,Bruno Tavares
T00850,101.202.303-49,Jonas Melo,2025-05-13,2338.16,Isabela Dantas
T00851,101.202.303-49,Jonas Melo,2025-05-13,2592.28,Gabriela Ramos
T00852,333.444.555-62,Carla Nogueira,2025-05-14,8410.97,DELTA CONSULTORIA LTDA
T00853,888.999.000-17,Henrique Paiva,2025-05-14,6599.61,ALFA COMÉRCIO LTDA
T00854,202.303.404-50,Karen Freitas,2025-05-14,1308.62,Diego Vasconcelos
T00855,666.777.888-95,Fábio Leal,2025-05-15,7423.74,GAMA LOGÍSTICA LTDA
T00856,101.202.303-49,Jonas Melo,2025-05-15,4994.3,Aline Monteiro
T00857,666.777.888-95,Fábio Leal,2025-05-15,274.4,Henrique Paiva
T00858,303.404.505-61,Lucas Gouveia,2025-05-15,5075.1,SIGMA PARTICIPAÇÕES LTDA
T00859,303.404.505-61,Lucas Gouveia,2025-05-15,4718.17,GAMA LOGÍSTICA LTDA
T00860,444.555.666-73,Diego Vasconcelos,2025-05-15,5191.72,Diego Vasconcelos
T00861,777.888.999-06,Gabriela Ramos,2025-05-15,7725.05,BETA SERVIÇOS ME
T00862,555.666.777-84,Elisa Barros,2025-05-15,3140.56,ÔMEGA EVENTOS ME
T00863,202.303.404-50,Karen Freitas,2025-05-16,2579.78,Jonas Melo
T00864,444.555.666-73,Diego Vasconcelos,2025-05-16,4343.39,ÔMEGA EVENTOS ME
T00865,888.999.000-17,Henrique Paiva,2025-05-16,8443.24,Diego Vasconcelos
T00866,888.999.000-17,Henrique Paiva,2025-05-16,705.01,DELTA CONSULTORIA LTDA
T00867,101.202.303-49,Jonas Melo,2025-05-16,3995.51,Elisa Barros
T00868,888.999.000-17,Henrique Paiva,2025-05-16,2232.28,Gabriela Ramos
T00869,888.999.000-17,Henrique Paiva,2025-05-16,6942.8,Lucas Gouveia
T00870,777.888.999-06,Gabriela Ramos,2025-05-16,5365.09,Jonas Melo
T00871,111.222.333-40,Aline Monteiro,2025-05-16,9699.0,ALFA COMÉRCIO LTDA
T00872,111.222.333-40,Aline Monteiro,2025-05-16,9960.94,ALFA COMÉRCIO LTDA
T00873,222.333.444-51,Bruno Tavares,2025-05-16,9820.87,ALFA COMÉRCIO LTDA
T00874,222.333.444-51,Bruno Tavares,2025-05-16,9800.29,ALFA COMÉRCIO LTDA
T00875,222.333.444-51,Bruno Tavares,2025-05-16,9774.39,ALFA COMÉRCIO LTDA
T00876,101.202.303-49,Jonas Melo,2025-05-17,7930.04,Gabriela Ramos
T00877,333.444.555-62,Carla Nogueira,2025-05-17,5240.2,GAMA LOGÍSTICA LTDA
T00878,888.999.000-17,Henrique Paiva,2025-05-17,1909.23,Lucas Gouveia
T00879,777.888.999-06,Gabriela Ramos,2025-05-17,3818.03,SIGMA PARTICIPAÇÕES LTDA
T00880,444.555.666-73,Diego Vasconcelos,2025-05-17,2069.08,Isabela Dantas
T00881,222.333.444-51,Bruno Tavares,2025-05-17,796.52,Isabela Dantas
T00882,444.555.666-73,Diego Vasconcelos,2025-05-17,5793.17,Carla Nogueira
T00883,333.444.555-62,Carla Nogueira,2025-05-18,3265.42,ÔMEGA EVENTOS ME
T00884,111.222.333-40,Aline Monteiro,2025-05-18,1394.02,Gabriela Ramos
T00885,888.999.000-17,Henrique Paiva,2025-05-18,259.75,GAMA LOGÍSTICA LTDA
T00886,555.666.777-84,Elisa Barros,2025-05-18,8292.88,Karen Freitas
T00887,333.444.555-62,Carla Nogueira,2025-05-18,418.31,DELTA CONSULTORIA LTDA
T00888,666.777.888-95,Fábio Leal,2025-05-18,6943.44,GAMA LOGÍSTICA LTDA
T00889,999.000.111-28,Isabela Dantas,2025-05-18,548.24,SIGMA PARTICIPAÇÕES LTDA
T00890,222.333.444-51,Bruno Tavares,2025-05-19,7186.37,Bruno Tavares
T00891,666.777.888-95,Fábio Leal,2025-05-19,1742.22,Diego Vasconcelos
T00892,999.000.111-28,Isabela Dantas,2025-05-19,452.02,
T00893,333.444.555-62,Carla Nogueira,2025-05-20,822.01,Jonas Melo
T00894,222.333.444-51,Bruno Tavares,2025-05-20,6733.08,SIGMA PARTICIPAÇÕES LTDA
T00895,222.333.444-51,Bruno Tavares,2025-05-20,6020.85,Lucas Gouveia
T00896,222.333.444-51,Bruno Tavares,2025-05-20,7295.98,Henrique Paiva
T00897,222.333.444-51,Bruno Tavares,2025-05-20,1928.45,ALFA COMÉRCIO LTDA
T00898,444.555.666-73,Diego Vasconcelos,2025-05-20,683.04,Bruno Tavares
T00899,101.202.303-49,Jonas Melo,2025-05-21,4399.95,Lucas Gouveia
T00900,999.000.111-28,Isabela Dantas,2025-05-21,7071.94,BETA SERVIÇOS ME
T00901,101.202.303-49,Jonas Melo,2025-05-21,3050.58,SIGMA PARTICIPAÇÕES LTDA
T00902,666.777.888-95,Fábio Leal,2025-05-22,5931.34,ALFA COMÉRCIO LTDA
T00903,101.202.303-49,Jonas Melo,2025-05-22,7905.54,Jonas Melo
T00904,202.303.404-50,Karen Freitas,2025-05-22,3881.68,Elisa Barros
T00905,333.444.555-62,Carla Nogueira,2025-05-22,6326.94,Lucas Gouveia
T00906,444.555.666-73,Diego Vasconcelos,2025-05-22,1124.31,ALFA COMÉRCIO LTDA
T00907,222.333.444-51,Bruno Tavares,2025-05-22,5071.95,SIGMA PARTICIPAÇÕES LTDA
T00908,777.888.999-06,Gabriela Ramos,2025-05-23,6361.91,SIGMA PARTICIPAÇÕES LTDA
T00909,111.222.333-40,Aline Monteiro,2025-05-23,6411.59,Karen Freitas
T00910,111.222.333-40,Aline Monteiro,2025-05-23,5983.2,SIGMA PARTICIPAÇÕES LTDA
T00911,666.777.888-95,Fábio Leal,2025-05-23,5639.66,Carla Nogueira
T00912,777.888.999-06,Gabriela Ramos,2025-05-23,2905.9,DELTA CONSULTORIA LTDA
T00913,999.000.111-28,Isabela Dantas,2025-05-23,5047.87,GAMA LOGÍSTICA LTDA
T00914,111.222.333-40,Aline Monteiro,2025-05-23,9691.62,ALFA COMÉRCIO LTDA
T00915,111.222.333-40,Aline Monteiro,2025-05-23,9942.76,ALFA COMÉRCIO LTDA
T00916,111.222.333-40,Aline Monteiro,2025-05-23,9701.95,ALFA COMÉRCIO LTDA
T00917,222.333.444-51,Bruno Tavares,2025-05-23,9921.74,ALFA COMÉRCIO LTDA
T00918,666.777.888-95,Fábio Leal,2025-05-24,4493.36,Fábio Leal
T00919,222.333.444-51,Bruno Tavares,2025-05-24,4052.51,Diego Vasconcelos
T00920,333.444.555-62,Carla Nogueira,2025-05-24,6926.41,Henrique Paiva
T00921,111.222.333-40,Aline Monteiro,2025-05-24,4125.75,Diego Vasconcelos
T00922,777.888.999-06,Gabriela Ramos,2025-05-24,2731.82,Carla Nogueira
T00923,999.000.111-28,Isabela Dantas,2025-05-24,1316.67,ALFA COMÉRCIO LTDA
T00924,111.222.333-40,Aline Monteiro,2025-05-24,9938.89,ALFA COMÉRCIO LTDA
T00925,111.222.333-40,Aline Monteiro,2025-05-24,9884.93,ALFA COMÉRCIO LTDA
T00926,111.222.333-40,Aline Monteiro,2025-05-24,9701.82,ALFA COMÉRCIO LTDA
T00927,222.333.444-51,Bruno Tavares,2025-05-24,9787.13,ALFA COMÉRCIO LTDA
T00928,222.333.444-51,Bruno Tavares,2025-05-24,9893.8,ALFA COMÉRCIO LTDA
T00929,444.555.666-73,Diego Vasconcelos,2025-05-25,1128.9,BETA SERVIÇOS ME
T00930,333.444.555-62,Carla Nogueira,2025-05-25,5148.75,Aline Monteiro
T00931,666.777.888-95,Fábio Leal,2025-05-25,6830.83,Karen Freitas
T00932,101.202.303-49,Jonas Melo,2025-05-25,6262.99,Diego Vasconcelos
T00933,222.333.444-51,Bruno Tavares,2025-05-25,7771.96,Diego Vasconcelos
T00934,555.666.777-84,Elisa Barros,2025-05-25,5212.08,BETA SERVIÇOS ME
T00935,101.202.303-49,Jonas Melo,2025-05-26,2249.6,Henrique Paiva
T00936,999.000.111-28,Isabela Dantas,2025-05-26,1678.6,Fábio Leal
T00937,202.303.404-50,Karen Freitas,2025-05-26,3939.95,Karen Freitas
T00938,777.888.999-06,Gabriela Ramos,2025-05-27,4840.69,Carla Nogueira
T00939,444.555.666-73,Diego Vasconcelos,2025-05-27,5519.52,Gabriela Ramos
T00940,222.333.444-51,Bruno Tavares,2025-05-27,6815.84,Isabela Dantas
T00941,333.444.555-62,Carla Nogueira,2025-05-27,2445.29,ALFA COMÉRCIO LTDA
T00942,111.222.333-40,Aline Monteiro,2025-05-27,7532.93,BETA SERVIÇOS ME
T00943,303.404.505-61,Lucas Gouveia,2025-05-27,4714.87,Bruno Tavares
T00944,555.666.777-84,Elisa Barros,2025-05-27,4540.2,Aline Monteiro
T00945,202.303.404-50,Karen Freitas,2025-05-28,2197.41,ALFA COMÉRCIO LTDA
T00946,555.666.777-84,Elisa Barros,2025-05-28,997.34,Fábio Leal
T00947,111.222.333-40,Aline Monteiro,2025-05-28,741.58,ALFA COMÉRCIO LTDA
T00948,444.555.666-73,Diego Vasconcelos,2025-05-29,6325.25,SIGMA PARTICIPAÇÕES LTDA
T00949,111.222.333-40,Aline Monteiro,2025-05-29,2715.26,Henrique Paiva
T00950,333.444.555-62,Carla Nogueira,2025-05-29,7107.8,DELTA CONSULTORIA LTDA
T00951,666.777.888-95,Fábio Leal,2025-05-29,670.8,ALFA COMÉRCIO LTDA
T00952,101.202.303-49,Jonas Melo,2025-05-29,7492.33,ÔMEGA EVENTOS ME
T00953,888.999.000-17,Henrique Paiva,2025-05-29,6076.39,Aline Monteiro
T00954,555.666.777-84,Elisa Barros,2025-05-29,1387.44,Henrique Paiva
T00955,777.888.999-06,Gabriela Ramos,2025-05-29,2347.63,Isabela Dantas
T00956,303.404.505-61,Lucas Gouveia,2025-05-30,6871.82,Karen Freitas
T00957,111.222.333-40,Aline Monteiro,2025-05-30,7772.38,Gabriela Ramos
T00958,202.303.404-50,Karen Freitas,2025-05-30,4939.78,DELTA CONSULTORIA LTDA
T00959,333.444.555-62,Carla Nogueira,2025-05-31,3823.9,Isabela Dantas
T00960,555.666.777-84,Elisa Barros,2025-05-31,3040.93,Jonas Melo
T00961,666.777.888-95,Fábio Leal,2025-05-31,4721.66,Fábio Leal
T00962,666.777.888-95,Fábio Leal,2025-05-31,8064.77,Karen Freitas
T00963,666.777.888-95,Fábio Leal,2025-05-31,4613.45,Carla Nogueira
T00964,555.666.777-84,Elisa Barros,2025-05-31,2706.28,Jonas Melo
T00965,111.222.333-40,Aline Monteiro,2025-05-31,7179.29,DELTA CONSULTORIA LTDA
T00966,111.222.333-40,Aline Monteiro,2025-05-31,9948.62,ALFA COMÉRCIO LTDA
T00967,111.222.333-40,Aline Monteiro,2025-05-31,9930.04,ALFA COMÉRCIO LTDA
T00968,222.333.444-51,Bruno Tavares,2025-05-31,9881.79,ALFA COMÉRCIO LTDA
T00969,222.333.444-51,Bruno Tavares,2025-05-31,9796.51,
T00970,222.333.444-51,Bruno Tavares,2025-05-31,9670.69,ALFA COMÉRCIO LTDA
T00971,303.404.505-61,Lucas Gouveia,2025-06-01,2339.57,Henrique Paiva
T00972,222.333.444-51,Bruno Tavares,2025-06-01,1411.94,Bruno Tavares
T00973,888.999.000-17,Henrique Paiva,2025-06-01,1514.42,Diego Vasconcelos
T00974,303.404.505-61,Lucas Gouveia,2025-06-01,923.34,Isabela Dantas
T00975,999.000.111-28,Isabela Dantas,2025-06-01,7789.31,Diego Vasconcelos
T00976,444.555.666-73,Diego Vasconcelos,2025-06-02,6594.04,DELTA CONSULTORIA LTDA
T00977,202.303.404-50,Karen Freitas,2025-06-02,1860.27,Henrique Paiva
T00978,333.444.555-62,Carla Nogueira,2025-06-02,998.76,GAMA LOGÍSTICA LTDA
T00979,777.888.999-06,Gabriela Ramos,2025-06-02,7171.68,GAMA LOGÍSTICA LTDA
T00980,555.666.777-84,Elisa Barros,2025-06-02,6646.49,Jonas Melo
T00981,777.888.999-06,Gabriela Ramos,2025-06-02,2247.32,ÔMEGA EVENTOS ME
T00982,222.333.444-51,Bruno Tavares,2025-06-03,3170.78,Bruno Tavares
T00983,888.999.000-17,Henrique Paiva,2025-06-03,8030.78,Bruno Tavares
T00984,888.999.000-17,Henrique Paiva,2025-06-03,2363.94,Carla Nogueira
T00985,101.202.303-49,Jonas Melo,2025-06-03,3005.54,Carla Nogueira
T00986,777.888.999-06,Gabriela Ramos,2025-06-04,6466.1,DELTA CONSULTORIA LTDA
T00987,777.888.999-06,Gabriela Ramos,2025-06-04,8233.48,Lucas Gouveia
T00988,303.404.505-61,Lucas Gouveia,2025-06-04,797.73,Lucas Gouveia
T00989,101.202.303-49,Jonas Melo,2025-06-04,7273.71,ÔMEGA EVENTOS ME
T00990,666.777.888-95,Fábio Leal,2025-06-05,3879.01,Aline Monteiro
T00991,101.202.303-49,Jonas Melo,2025-06-05,1789.89,ALFA COMÉRCIO LTDA
T00992,101.202.303-49,Jonas Melo,2025-06-05,7303.82,ALFA COMÉRCIO LTDA
T00993,777.888.999-06,Gabriela Ramos,2025-06-06,1361.76,ALFA COMÉRCIO LTDA
T00994,202.303.404-50,Karen Freitas,2025-06-06,8322.09,GAMA LOGÍSTICA LTDA
T00995,333.444.555-62,Carla Nogueira,2025-06-06,5659.83,Aline Monteiro
T00996,111.222.333-40,Aline Monteiro,2025-06-06,9686.19,ALFA COMÉRCIO LTDA
T00997,111.222.333-40,Aline Monteiro,2025-06-06,9799.33,ALFA COMÉRCIO LTDA
T00998,222.333.444-51,Bruno Tavares,2025-06-06,9791.6,ALFA COMÉRCIO LTDA
T00999,222.333.444-51,Bruno Tavares,2025-06-06,9948.8,ALFA COMÉRCIO LTDA
T01000,111.222.333-40,Aline Monteiro,2025-06-07,6591.56,Isabela Dantas
T01001,888.999.000-17,Henrique Paiva,2025-06-07,2900.46,Gabriela Ramos
T01002,333.444.555-62,Carla Nogueira,2025-06-07,8404.27,Bruno Tavares
T01003,222.333.444-51,Bruno Tavares,2025-06-07,2952.71,Gabriela Ramos
T01004,101.202.303-49,Jonas Melo,2025-06-07,3830.23,Elisa Barros
T01005,222.333.444-51,Bruno Tavares,2025-06-07,8352.44,Jonas Melo
T01006,111.222.333-40,Aline Monteiro,2025-06-07,9713.95,
T01007,111.222.333-40,Aline Monteiro,2025-06-07,9923.69,ALFA COMÉRCIO LTDA
T01008,222.333.444-51,Bruno Tavares,2025-06-07,9885.68,ALFA COMÉRCIO LTDA
T01009,222.333.444-51,Bruno Tavares,2025-06-07,9922.42,ALFA COMÉRCIO LTDA
T01010,222.333.444-51,Bruno Tavares,2025-06-07,9725.12,ALFA COMÉRCIO LTDA
T01011,303.404.505-61,Lucas Gouveia,2025-06-08,6457.78,SIGMA PARTICIPAÇÕES LTDA
T01012,888.999.000-17,Henrique Paiva,2025-06-08,2693.86,Carla Nogueira
T01013,555.666.777-84,Elisa Barros,2025-06-08,6594.56,DELTA CONSULTORIA LTDA
T01014,888.999.000-17,Henrique Paiva,2025-06-08,6159.38,GAMA LOGÍSTICA LTDA
T01015,333.444.555-62,Carla Nogueira,2025-06-08,8319.29,DELTA CONSULTORIA LTDA
T01016,666.777.888-95,Fábio Leal,2025-06-08,1424.64,Bruno Tavares
T01017,202.303.404-50,Karen Freitas,2025-06-09,3365.68,Elisa Barros
T01018,555.666.777-84,Elisa Barros,2025-06-09,8012.55,Jonas Melo
T01019,777.888.999-06,Gabriela Ramos,2025-06-09,5649.11,Isabela Dantas
T01020,666.777.888-95,Fábio Leal,2025-06-09,2990.98,BETA SERVIÇOS ME
T01021,111.222.333-40,Aline Monteiro,2025-06-09,7262.19,Bruno Tavares
T01022,202.303.404-50,Karen Freitas,2025-06-09,5833.42,Henrique Paiva
T01023,101.202.303-49,Jonas Melo,2025-06-09,7243.84,Elisa Barros
T01024,666.777.888-95,Fábio Leal,2025-06-10,3518.68,Jonas Melo
T01025,202.303.404-50,Karen Freitas,2025-06-10,6925.78,Diego Vasconcelos
T01026,202.303.404-50,Karen Freitas,2025-06-10,5058.16,Henrique Paiva
T01027,101.202.303-49,Jonas Melo,2025-06-10,1263.88,Diego Vasconcelos
T01028,333.444.555-62,Carla Nogueira,2025-06-10,6682.62,Henrique Paiva
T01029,999.000.111-28,Isabela Dantas,2025-06-10,2528.07,BETA SERVIÇOS ME
T01030,555.666.777-84,Elisa Barros,2025-06-10,2246.48,SIGMA PARTICIPAÇÕES LTDA
T01031,111.222.333-40,Aline Monteiro,2025-06-11,7960.38,Henrique Paiva
T01032,999.000.111-28,Isabela Dantas,2025-06-11,2697.1,ÔMEGA EVENTOS ME
T01033,666.777.888-95,Fábio Leal,2025-06-11,1259.86,Elisa Barros
T01034,999.000.111-28,Isabela Dantas,2025-06-11,1392.86,SIGMA PARTICIPAÇÕES LTDA
T01035,444.555.666-73,Diego Vasconcelos,2025-06-11,2831.45,Diego Vasconcelos
T01036,101.202.303-49,Jonas Melo,2025-06-11,1382.27,Fábio Leal
T01037,777.888.999-06,Gabriela Ramos,2025-06-11,5253.28,Gabriela Ramos
T01038,777.888.999-06,Gabriela Ramos,2025-06-11,5000.66,Elisa Barros
T01039,888.999.000-17,Henrique Paiva,2025-06-12,4749.04,SIGMA PARTICIPAÇÕES LTDA
T01040,777.888.999-06,Gabriela Ramos,2025-06-12,4154.19,GAMA LOGÍSTICA LTDA
T01041,444.555.666-73,Diego Vasconcelos,2025-06-12,6389.8,Henrique Paiva
T01042,222.333.444-51,Bruno Tavares,2025-06-12,1114.36,SIGMA PARTICIPAÇÕES LTDA
T01043,888.999.000-17,Henrique Paiva,2025-06-12,3604.55,GAMA LOGÍSTICA LTDA
T01044,333.444.555-62,Carla Nogueira,2025-06-13,6726.49,ÔMEGA EVENTOS ME
T01045,777.888.999-06,Gabriela Ramos,2025-06-13,1966.47,Carla Nogueira
T01046,333.444.555-62,Carla Nogueira,2025-06-13,2272.19,Jonas Melo
T01047,444.555.666-73,Diego Vasconcelos,2025-06-13,6262.37,BETA SERVIÇOS ME
T01048,111.222.333-40,Aline Monteiro,2025-06-13,9960.49,ALFA COMÉRCIO LTDA
T01049,111.222.333-40,Aline Monteiro,2025-06-13,9706.24,ALFA COMÉRCIO LTDA
T01050,111.222.333-40,Aline Monteiro,2025-06-13,9703.38,ALFA COMÉRCIO LTDA
T01051,222.333.444-51,Bruno Tavares,2025-06-13,9959.89,ALFA COMÉRCIO LTDA
T01052,222.333.444-51,Bruno Tavares,2025-06-13,9971.28,ALFA COMÉRCIO LTDA
T01053,222.333.444-51,Bruno Tavares,2025-06-13,9878.56,ALFA COMÉRCIO LTDA
T01054,333.444.555-62,Carla Nogueira,2025-06-14,5003.42,Jonas Melo
T01055,777.888.999-06,Gabriela Ramos,2025-06-14,6619.06,Bruno Tavares
T01056,202.303.404-50,Karen Freitas,2025-06-14,1811.98,Carla Nogueira
T01057,111.222.333-40,Aline Monteiro,2025-06-14,74500,GAMA LOGÍSTICA LTDA
T01058,888.999.000-17,Henrique Paiva,2025-06-15,284.18,Fábio Leal
T01059,111.222.333-40,Aline Monteiro,2025-06-15,3027.1,Fábio Leal
T01060,555.666.777-84,Elisa Barros,2025-06-15,3421.74,Karen Freitas
T01061,777.888.999-06,Gabriela Ramos,2025-06-15,4064.35,Gabriela Ramos
T01062,111.222.333-40,Aline Monteiro,2025-06-15,6129.0,ALFA COMÉRCIO LTDA
T01063,333.444.555-62,Carla Nogueira,2025-06-15,3311.17,Elisa Barros
T01064,111.222.333-40,Aline Monteiro,2025-06-15,8044.52,Elisa Barros
T01065,444.555.666-73,Diego Vasconcelos,2025-06-15,1802.28,Carla Nogueira
T01066,202.303.404-50,Karen Freitas,2025-06-16,1481.18,Diego Vasconcelos
T01067,333.444.555-62,Carla Nogueira,2025-06-16,4865.06,ÔMEGA EVENTOS ME
T01068,999.000.111-28,Isabela Dantas,2025-06-16,5606.59,DELTA CONSULTORIA LTDA
T01069,303.404.505-61,Lucas Gouveia,2025-06-17,6962.99,Elisa Barros
T01070,777.888.999-06,Gabriela Ramos,2025-06-17,3689.01,Bruno Tavares
T01071,222.333.444-51,Bruno Tavares,2025-06-17,1063.56,GAMA LOGÍSTICA LTDA
T01072,222.333.444-51,Bruno Tavares,2025-06-17,2201.96,ÔMEGA EVENTOS ME
T01073,111.222.333-40,Aline Monteiro,2025-06-17,3017.88,Fábio Leal
T01074,555.666.777-84,Elisa Barros,2025-06-17,5174.47,BETA SERVIÇOS ME
T01075,999.000.111-28,Isabela Dantas,2025-06-17,6814.63,Henrique Paiva
T01076,202.303.404-50,Karen Freitas,2025-06-17,8196.07,Henrique Paiva
T01077,111.222.333-40,Aline Monteiro,2025-06-18,7903.09,Elisa Barros
T01078,101.202.303-49,Jonas Melo,2025-06-18,6959.05,Jonas Melo
T01079,111.222.333-40,Aline Monteiro,2025-06-18,912.14,Fábio Leal
T01080,222.333.444-51,Bruno Tavares,2025-06-18,7965.45,Elisa Barros
T01081,888.999.000-17,Henrique Paiva,2025-06-18,1568.96,BETA SERVIÇOS ME
T01082,333.444.555-62,Carla Nogueira,2025-06-18,6323.31,SIGMA PARTICIPAÇÕES LTDA
T01083,202.303.404-50,Karen Freitas,2025-06-19,6091.26,Fábio Leal
T01084,101.202.303-49,Jonas Melo,2025-06-19,2967.99,Carla Nogueira
T01085,999.000.111-28,Isabela Dantas,2025-06-19,4973.27,ÔMEGA EVENTOS ME
T01086,101.202.303-49,Jonas Melo,2025-06-19,4687.88,Elisa Barros
T01087,303.404.505-61,Lucas Gouveia,2025-06-19,3664.93,DELTA CONSULTORIA LTDA
T01088,202.303.404-50,Karen Freitas,2025-06-19,1907.81,Elisa Barros
T01089,777.888.999-06,Gabriela Ramos,2025-06-20,6671.55,Fábio Leal
T01090,999.000.111-28,Isabela Dantas,2025-06-20,1042.66,ÔMEGA EVENTOS ME
T01091,444.555.666-73,Diego Vasconcelos,2025-06-20,5633.16,SIGMA PARTICIPAÇÕES LTDA
T01092,555.666.777-84,Elisa Barros,2025-06-21,7358.6,Diego Vasconcelos
T01093,444.555.666-73,Diego Vasconcelos,2025-06-21,5604.93,Jonas Melo
T01094,777.888.999-06,Gabriela Ramos,2025-06-21,5686.2,Carla Nogueira
T01095,111.222.333-40,Aline Monteiro,2025-06-21,9905.81,ALFA COMÉRCIO LTDA
T01096,111.222.333-40,Aline Monteiro,2025-06-21,9726.08,ALFA COMÉRCIO LTDA
T01097,111.222.333-40,Aline Monteiro,2025-06-21,9722.59,ALFA COMÉRCIO LTDA
T01098,222.333.444-51,Bruno Tavares,2025-06-21,9704.35,ALFA COMÉRCIO LTDA
T01099,777.888.999-06,Gabriela Ramos,2025-06-22,3636.51,Isabela Dantas
T01100,202.303.404-50,Karen Freitas,2025-06-22,3318.64,ALFA COMÉRCIO LTDA
T01101,303.404.505-61,Lucas Gouveia,2025-06-22,5248.94,Jonas Melo
T01102,111.222.333-40,Aline Monteiro,2025-06-22,4690.78,Carla Nogueira
T01103,666.777.888-95,Fábio Leal,2025-06-22,3549.4,GAMA LOGÍSTICA LTDA
T01104,999.000.111-28,Isabela Dantas,2025-06-22,4966.25,DELTA CONSULTORIA LTDA
T01105,101.202.303-49,Jonas Melo,2025-06-22,614.39,BETA SERVIÇOS ME
T01106,555.666.777-84,Elisa Barros,2025-06-22,7650.51,Carla Nogueira
T01107,333.444.555-62,Carla Nogueira,2025-06-23,4923.03,Diego Vasconcelos
T01108,777.888.999-06,Gabriela Ramos,2025-06-23,7576.93,DELTA CONSULTORIA LTDA
T01109,555.666.777-84,Elisa Barros,2025-06-23,3588.85,ÔMEGA EVENTOS ME
T01110,303.404.505-61,Lucas Gouveia,2025-06-23,1422.03,Jonas Melo
T01111,202.303.404-50,Karen Freitas,2025-06-23,1484.16,Gabriela Ramos
T01112,222.333.444-51,Bruno Tavares,2025-06-23,6957.59,Lucas Gouveia
T01113,666.777.888-95,Fábio Leal,2025-06-23,855.74,BETA SERVIÇOS ME
T01114,333.444.555-62,Carla Nogueira,2025-06-23,2868.99,Aline Monteiro
T01115,101.202.303-49,Jonas Melo,2025-06-24,6467.99,DELTA CONSULTORIA LTDA
T01116,303.404.505-61,Lucas Gouveia,2025-06-24,7100.14,Isabela Dantas
T01117,303.404.505-61,Lucas Gouveia,2025-06-24,2515.38,GAMA LOGÍSTICA LTDA
T01118,101.202.303-49,Jonas Melo,2025-06-24,7046.19,Gabriela Ramos
T01119,333.444.555-62,Carla Nogueira,2025-06-24,4745.2,Elisa Barros
T01120,111.222.333-40,Aline Monteiro,2025-06-24,6733.47,GAMA LOGÍSTICA LTDA
T01121,999.000.111-28,Isabela Dantas,2025-06-25,230.19,Elisa Barros
T01122,555.666.777-84,Elisa Barros,2025-06-25,4240.59,Gabriela Ramos
T01123,888.999.000-17,Henrique Paiva,2025-06-25,1486.23,Fábio Leal
T01124,555.666.777-84,Elisa Barros,2025-06-25,8173.69,Gabriela Ramos
T01125,777.888.999-06,Gabriela Ramos,2025-06-25,3356.14,ÔMEGA EVENTOS ME
T01126,888.999.000-17,Henrique Paiva,2025-06-25,4000.93,Lucas Gouveia
T01127,111.222.333-40,Aline Monteiro,2025-06-25,6968.51,Isabela Dantas
T01128,333.444.555-62,Carla Nogueira,2025-06-25,7133.35,Carla Nogueira
T01129,777.888.999-06,Gabriela Ramos,2025-06-26,4224.07,Carla Nogueira
T01130,222.333.444-51,Bruno Tavares,2025-06-26,1335.05,SIGMA PARTICIPAÇÕES LTDA
T01131,666.777.888-95,Fábio Leal,2025-06-26,4172.68,BETA SERVIÇOS ME
T01132,111.222.333-40,Aline Monteiro,2025-06-26,7814.86,Diego Vasconcelos
T01133,111.222.333-40,Aline Monteiro,2025-06-27,4528.2,Diego Vasconcelos
T01134,202.303.404-50,Karen Freitas,2025-06-27,8298.97,Henrique Paiva
T01135,202.303.404-50,Karen Freitas,2025-06-27,7784.33,Karen Freitas
T01136,101.202.303-49,Jonas Melo,2025-06-27,6061.63,ALFA COMÉRCIO LTDA
T01137,333.444.555-62,Carla Nogueira,2025-06-27,1586.9,Jonas Melo
T01138,999.000.111-28,Isabela Dantas,2025-06-27,2024.63,Bruno Tavares
T01139,222.333.444-51,Bruno Tavares,2025-06-27,6818.7,ALFA COMÉRCIO LTDA
T01140,888.999.000-17,Henrique Paiva,2025-06-28,4578.74,Gabriela Ramos
T01141,888.999.000-17,Henrique Paiva,2025-06-28,6597.99,Bruno Tavares
T01142,222.333.444-51,Bruno Tavares,2025-06-28,483.74,Gabriela Ramos
T01143,333.444.555-62,Carla Nogueira,2025-06-28,2698.41,Carla Nogueira
T01144,111.222.333-40,Aline Monteiro,2025-06-28,9702.02,ALFA COMÉRCIO LTDA
T01145,222.333.444-51,Bruno Tavares,2025-06-28,9969.76,ALFA COMÉRCIO LTDA
T01146,222.333.444-51,Bruno Tavares,2025-06-28,9921.54,ALFA COMÉRCIO LTDA
T01147,101.202.303-49,Jonas Melo,2025-06-29,5139.55,Elisa Barros
T01148,444.555.666-73,Diego Vasconcelos,2025-06-29,3169.93,Karen Freitas
T01149,777.888.999-06,Gabriela Ramos,2025-06-29,8355.74,Bruno Tavares
T01150,222.333.444-51,Bruno Tavares,2025-06-29,5306.86,Gabriela Ramos
T01151,202.303.404-50,Karen Freitas,2025-06-29,1348.59,Henrique Paiva
T01152,555.666.777-84,Elisa Barros,2025-06-29,8463.09,ÔMEGA EVENTOS ME
T01153,999.000.111-28,Isabela Dantas,2025-06-30,6282.34,Aline Monteiro
T01154,666.777.888-95,Fábio Leal,2025-06-30,2226.16,Isabela Dantas
T01155,777.888.999-06,Gabriela Ramos,2025-06-30,2461.78,SIGMA PARTICIPAÇÕES LTDA
T01156,777.888.999-06,Gabriela Ramos,2025-06-30,1484.1,Isabela Dantas
T01157,333.444.555-62,Carla Nogueira,2025-07-01,5098.59,Henrique Paiva
T01158,999.000.111-28,Isabela Dantas,2025-07-01,7526.71,ÔMEGA EVENTOS ME
T01159,888.999.000-17,Henrique Paiva,2025-07-01,4511.81,Carla Nogueira
T01160,222.333.444-51,Bruno Tavares,2025-07-02,1731.94,GAMA LOGÍSTICA LTDA
T01161,999.000.111-28,Isabela Dantas,2025-07-02,3903.76,Fábio Leal
T01162,303.404.505-61,Lucas Gouveia,2025-07-02,6078.48,Fábio Leal
T01163,333.444.555-62,Carla Nogueira,2025-07-02,4917.94,Fábio Leal
T01164,222.333.444-51,Bruno Tavares,2025-07-02,5014.91,GAMA LOGÍSTICA LTDA
T01165,999.000.111-28,Isabela Dantas,2025-07-02,293.83,SIGMA PARTICIPAÇÕES LTDA
T01166,777.888.999-06,Gabriela Ramos,2025-07-02,504.0,Karen Freitas
T01167,777.888.999-06,Gabriela Ramos,2025-07-02,5441.16,SIGMA PARTICIPAÇÕES LTDA
T01168,333.444.555-62,Carla Nogueira,2025-07-03,2959.44,Diego Vasconcelos
T01169,303.404.505-61,Lucas Gouveia,2025-07-03,2035.08,Gabriela Ramos
T01170,999.000.111-28,Isabela Dantas,2025-07-03,2434.01,Henrique Paiva
T01171,999.000.111-28,Isabela Dantas,2025-07-04,1763.69,GAMA LOGÍSTICA LTDA
T01172,777.888.999-06,Gabriela Ramos,2025-07-04,1406.28,Carla Nogueira
T01173,666.777.888-95,Fábio Leal,2025-07-04,3297.91,Gabriela Ramos
T01174,101.202.303-49,Jonas Melo,2025-07-04,784.68,Fábio Leal
T01175,999.000.111-28,Isabela Dantas,2025-07-04,1716.03,Jonas Melo
T01176,111.222.333-40,Aline Monteiro,2025-07-04,3665.43,Gabriela Ramos
T01177,555.666.777-84,Elisa Barros,2025-07-04,7832.59,Karen Freitas
T01178,666.777.888-95,Fábio Leal,2025-07-04,5743.77,Jonas Melo
T01179,111.222.333-40,Aline Monteiro,2025-07-04,9689.49,ALFA COMÉRCIO LTDA
T01180,222.333.444-51,Bruno Tavares,2025-07-04,9671.09,ALFA COMÉRCIO LTDA
T01181,222.333.444-51,Bruno Tavares,2025-07-04,9926.01,ALFA COMÉRCIO LTDA
T01182,666.777.888-95,Fábio Leal,2025-07-05,6348.4,SIGMA PARTICIPAÇÕES LTDA
T01183,202.303.404-50,Karen Freitas,2025-07-05,7741.24,BETA SERVIÇOS ME
T01184,999.000.111-28,Isabela Dantas,2025-07-05,4614.83,Karen Freitas
T01185,666.777.888-95,Fábio Leal,2025-07-05,195.57,Lucas Gouveia
T01186,111.222.333-40,Aline Monteiro,2025-07-05,2187.76,GAMA LOGÍSTICA LTDA
T01187,111.222.333-40,Aline Monteiro,2025-07-05,9971.37,ALFA COMÉRCIO LTDA
T01188,111.222.333-40,Aline Monteiro,2025-07-05,9963.13,ALFA COMÉRCIO LTDA
T01189,111.222.333-40,Aline Monteiro,2025-07-05,9689.22,ALFA COMÉRCIO LTDA
T01190,222.333.444-51,Bruno Tavares,2025-07-05,9879.2,ALFA COMÉRCIO LTDA
T01191,222.333.444-51,Bruno Tavares,2025-07-05,9800.13,ALFA COMÉRCIO LTDA
T01192,222.333.444-51,Bruno Tavares,2025-07-05,9679.36,ALFA COMÉRCIO LTDA
T01193,101.202.303-49,Jonas Melo,2025-07-06,5255.79,Isabela Dantas
T01194,888.999.000-17,Henrique Paiva,2025-07-06,6873.35,Elisa Barros
T01195,111.222.333-40,Aline Monteiro,2025-07-06,3353.18,ALFA COMÉRCIO LTDA
T01196,303.404.505-61,Lucas Gouveia,2025-07-06,5839.23,Bruno Tavares
T01197,777.888.999-06,Gabriela Ramos,2025-07-06,2960.99,DELTA CONSULTORIA LTDA
T01198,999.000.111-28,Isabela Dantas,2025-07-06,6328.09,Fábio Leal
T01199,777.888.999-06,Gabriela Ramos,2025-07-06,3957.44,Gabriela Ramos
T01200,777.888.999-06,Gabriela Ramos,2025-07-07,8443.78,Isabela Dantas
T01201,202.303.404-50,Karen Freitas,2025-07-07,5550.99,Carla Nogueira
T01202,999.000.111-28,Isabela Dantas,2025-07-07,6777.14,DELTA CONSULTORIA LTDA
T01203,888.999.000-17,Henrique Paiva,2025-07-07,2905.28,Bruno Tavares
T01204,555.666.777-84,Elisa Barros,2025-07-07,6122.89,GAMA LOGÍSTICA LTDA
T01205,444.555.666-73,Diego Vasconcelos,2025-07-08,3206.01,DELTA CONSULTORIA LTDA
T01206,202.303.404-50,Karen Freitas,2025-07-08,7938.42,Elisa Barros
T01207,222.333.444-51,Bruno Tavares,2025-07-08,7727.89,Lucas Gouveia
T01208,111.222.333-40,Aline Monteiro,2025-07-08,4601.02,Carla Nogueira
T01209,111.222.333-40,Aline Monteiro,2025-07-08,3236.34,ALFA COMÉRCIO LTDA
T01210,333.444.555-62,Carla Nogueira,2025-07-08,7805.17,ÔMEGA EVENTOS ME
T01211,444.555.666-73,Diego Vasconcelos,2025-07-08,8303.7,ALFA COMÉRCIO LTDA
T01212,333.444.555-62,Carla Nogueira,2025-07-08,6651.96,Karen Freitas
T01213,555.666.777-84,Elisa Barros,2025-07-09,2596.04,ÔMEGA EVENTOS ME
T01214,999.000.111-28,Isabela Dantas,2025-07-09,3124.82,DELTA CONSULTORIA LTDA
T01215,333.444.555-62,Carla Nogueira,2025-07-09,3845.33,ÔMEGA EVENTOS ME
T01216,303.404.505-61,Lucas Gouveia,2025-07-09,1026.02,GAMA LOGÍSTICA LTDA
T01217,888.999.000-17,Henrique Paiva,2025-07-10,3056.33,Diego Vasconcelos
T01218,666.777.888-95,Fábio Leal,2025-07-10,8389.45,Bruno Tavares
T01219,222.333.444-51,Bruno Tavares,2025-07-10,2515.18,ALFA COMÉRCIO LTDA
T01220,999.000.111-28,Isabela Dantas,2025-07-10,1328.12,ALFA COMÉRCIO LTDA
T01221,111.222.333-40,Aline Monteiro,2025-07-10,6304.54,Karen Freitas
T01222,222.333.444-51,Bruno Tavares,2025-07-10,6611.58,Lucas Gouveia
T01223,222.333.444-51,Bruno Tavares,2025-07-10,6010.8,DELTA CONSULTORIA LTDA
T01224,101.202.303-49,Jonas Melo,2025-07-10,7971.12,SIGMA PARTICIPAÇÕES LTDA
T01225,666.777.888-95,Fábio Leal,2025-07-11,3402.71,Fábio Leal
T01226,202.303.404-50,Karen Freitas,2025-07-11,7317.08,Gabriela Ramos
T01227,222.333.444-51,Bruno Tavares,2025-07-11,7239.45,BETA SERVIÇOS ME
T01228,999.000.111-28,Isabela Dantas,2025-07-11,426.39,ALFA COMÉRCIO LTDA
T01229,888.999.000-17,Henrique Paiva,2025-07-11,537.63,Fábio Leal
T01230,202.303.404-50,Karen Freitas,2025-07-11,1710.36,Bruno Tavares
T01231,101.202.303-49,Jonas Melo,2025-07-11,6319.02,Isabela Dantas
T01232,111.222.333-40,Aline Monteiro,2025-07-11,9926.31,ALFA COMÉRCIO LTDA
T01233,111.222.333-40,Aline Monteiro,2025-07-11,9785.25,ALFA COMÉRCIO LTDA
T01234,111.222.333-40,Aline Monteiro,2025-07-11,9782.28,ALFA COMÉRCIO LTDA
T01235,222.333.444-51,Bruno Tavares,2025-07-11,9713.8,ALFA COMÉRCIO LTDA
T01236,222.333.444-51,Bruno Tavares,2025-07-11,9805.57,ALFA COMÉRCIO LTDA
T01237,222.333.444-51,Bruno Tavares,2025-07-11,9870.75,ALFA COMÉRCIO LTDA
T01238,777.888.999-06,Gabriela Ramos,2025-07-12,7440.5,Lucas Gouveia
T01239,555.666.777-84,Elisa Barros,2025-07-12,2948.14,Diego Vasconcelos
T01240,202.303.404-50,Karen Freitas,2025-07-12,6427.52,Diego Vasconcelos
T01241,111.222.333-40,Aline Monteiro,2025-07-12,2931.75,GAMA LOGÍSTICA LTDA
T01242,333.444.555-62,Carla Nogueira,2025-07-12,1409.59,DELTA CONSULTORIA LTDA
T01243,888.999.000-17,Henrique Paiva,2025-07-12,7008.22,Jonas Melo
T01244,111.222.333-40,Aline Monteiro,2025-07-12,9881.94,ALFA COMÉRCIO LTDA
T01245,111.222.333-40,Aline Monteiro,2025-07-12,9718.99,ALFA COMÉRCIO LTDA
T01246,222.333.444-51,Bruno Tavares,2025-07-12,9813.13,ALFA COMÉRCIO LTDA
T01247,222.333.444-51,Bruno Tavares,2025-07-12,9705.81,ALFA COMÉRCIO LTDA
T01248,222.333.444-51,Bruno Tavares,2025-07-12,9909.11,ALFA COMÉRCIO LTDA
T01249,444.555.666-73,Diego Vasconcelos,2025-07-13,3086.21,Carla Nogueira
T01250,888.999.000-17,Henrique Paiva,2025-07-13,6619.48,ÔMEGA EVENTOS ME
T01251,202.303.404-50,Karen Freitas,2025-07-13,2866.54,Fábio Leal
T01252,777.888.999-06,Gabriela Ramos,2025-07-13,4853.76,SIGMA PARTICIPAÇÕES LTDA
T01253,222.333.444-51,Bruno Tavares,2025-07-13,3676.83,Aline Monteiro
T01254,666.777.888-95,Fábio Leal,2025-07-13,2256.64,Bruno Tavares
T01255,888.999.000-17,Henrique Paiva,2025-07-14,5102.13,SIGMA PARTICIPAÇÕES LTDA
T01256,101.202.303-49,Jonas Melo,2025-07-14,3979.96,SIGMA PARTICIPAÇÕES LTDA
T01257,555.666.777-84,Elisa Barros,2025-07-14,7196.43,Isabela Dantas
T01258,202.303.404-50,Karen Freitas,2025-07-15,6177.46,Karen Freitas
T01259,333.444.555-62,Carla Nogueira,2025-07-15,2477.16,Isabela Dantas
T01260,333.444.555-62,Carla Nogueira,2025-07-15,816.7,Bruno Tavares
T01261,111.222.333-40,Aline Monteiro,2025-07-16,7411.76,DELTA CONSULTORIA LTDA
T01262,333.444.555-62,Carla Nogueira,2025-07-16,6760.59,ALFA COMÉRCIO LTDA
T01263,202.303.404-50,Karen Freitas,2025-07-16,4282.39,Gabriela Ramos
T01264,333.444.555-62,Carla Nogueira,2025-07-16,3912.65,Carla Nogueira
T01265,111.222.333-40,Aline Monteiro,2025-07-16,1406.28,Aline Monteiro
T01266,999.000.111-28,Isabela Dantas,2025-07-16,3774.96,Isabela Dantas
T01267,202.303.404-50,Karen Freitas,2025-07-16,2674.69,DELTA CONSULTORIA LTDA
T01268,303.404.505-61,Lucas Gouveia,2025-07-16,823.17,Lucas Gouveia
T01269,888.999.000-17,Henrique Paiva,2025-07-17,6140.27,ÔMEGA EVENTOS ME
T01270,222.333.444-51,Bruno Tavares,2025-07-17,6890.36,Henrique Paiva
T01271,999.000.111-28,Isabela Dantas,2025-07-17,3016.43,Bruno Tavares
T01272,222.333.444-51,Bruno Tavares,2025-07-17,3943.84,Isabela Dantas
T01273,333.444.555-62,Carla Nogueira,2025-07-17,5395.45,Bruno Tavares
T01274,202.303.404-50,Karen Freitas,2025-07-17,2912.85,SIGMA PARTICIPAÇÕES LTDA
T01275,999.000.111-28,Isabela Dantas,2025-07-17,1931.75,Diego Vasconcelos
T01276,303.404.505-61,Lucas Gouveia,2025-07-18,6825.73,Isabela Dantas
T01277,999.000.111-28,Isabela Dantas,2025-07-18,1099.73,Gabriela Ramos
T01278,666.777.888-95,Fábio Leal,2025-07-18,6410.98,BETA SERVIÇOS ME
T01279,101.202.303-49,Jonas Melo,2025-07-18,4332.93,Elisa Barros
T01280,111.222.333-40,Aline Monteiro,2025-07-18,9959.08,ALFA COMÉRCIO LTDA
T01281,222.333.444-51,Bruno Tavares,2025-07-18,9703.11,ALFA COMÉRCIO LTDA
T01282,666.777.888-95,Fábio Leal,2025-07-19,5469.62,Aline Monteiro
T01283,202.303.404-50,Karen Freitas,2025-07-19,7727.92,Aline Monteiro
T01284,888.999.000-17,Henrique Paiva,2025-07-19,4422.78,ALFA COMÉRCIO LTDA
T01285,101.202.303-49,Jonas Melo,2025-07-19,7047.39,Jonas Melo
T01286,444.555.666-73,Diego Vasconcelos,2025-07-19,2822.65,Carla Nogueira
T01287,202.303.404-50,Karen Freitas,2025-07-19,5552.0,BETA SERVIÇOS ME
T01288,555.666.777-84,Elisa Barros,2025-07-19,2825.0,Isabela Dantas
T01289,111.222.333-40,Aline Monteiro,2025-07-19,9979.85,ALFA COMÉRCIO LTDA
T01290,222.333.444-51,Bruno Tavares,2025-07-19,9885.24,ALFA COMÉRCIO LTDA
T01291,222.333.444-51,Bruno Tavares,2025-07-19,9871.67,ALFA COMÉRCIO LTDA
T01292,101.202.303-49,Jonas Melo,2025-07-20,8025.89,Bruno Tavares
T01293,888.999.000-17,Henrique Paiva,2025-07-20,300.16,Jonas Melo
T01294,888.999.000-17,Henrique Paiva,2025-07-20,3528.93,Gabriela Ramos
T01295,222.333.444-51,Bruno Tavares,2025-07-20,2027.0,Diego Vasconcelos
T01296,888.999.000-17,Henrique Paiva,2025-07-20,2859.02,Lucas Gouveia
T01297,222.333.444-51,Bruno Tavares,2025-07-20,3699.18,Lucas Gouveia
T01298,555.666.777-84,Elisa Barros,2025-07-21,5374.36,BETA SERVIÇOS ME
T01299,303.404.505-61,Lucas Gouveia,2025-07-21,803.63,GAMA LOGÍSTICA LTDA
T01300,666.777.888-95,Fábio Leal,2025-07-21,7927.68,ÔMEGA EVENTOS ME
T01301,202.303.404-50,Karen Freitas,2025-07-21,3358.64,GAMA LOGÍSTICA LTDA
T01302,888.999.000-17,Henrique Paiva,2025-07-21,8265.22,BETA SERVIÇOS ME
T01303,999.000.111-28,Isabela Dantas,2025-07-21,5232.34,Fábio Leal
T01304,303.404.505-61,Lucas Gouveia,2025-07-22,7932.74,Lucas Gouveia
T01305,303.404.505-61,Lucas Gouveia,2025-07-22,3726.69,Bruno Tavares
T01306,888.999.000-17,Henrique Paiva,2025-07-22,2738.91,Karen Freitas
T01307,333.444.555-62,Carla Nogueira,2025-07-22,6591.13,Gabriela Ramos
T01308,666.777.888-95,Fábio Leal,2025-07-22,7987.14,Carla Nogueira
T01309,303.404.505-61,Lucas Gouveia,2025-07-22,4041.87,Bruno Tavares
T01310,303.404.505-61,Lucas Gouveia,2025-07-22,3085.56,ALFA COMÉRCIO LTDA
T01311,666.777.888-95,Fábio Leal,2025-07-23,543.46,ALFA COMÉRCIO LTDA
T01312,555.666.777-84,Elisa Barros,2025-07-23,1579.21,ÔMEGA EVENTOS ME
T01313,999.000.111-28,Isabela Dantas,2025-07-23,1399.8,Gabriela Ramos
T01314,303.404.505-61,Lucas Gouveia,2025-07-23,3699.48,BETA SERVIÇOS ME
T01315,666.777.888-95,Fábio Leal,2025-07-23,1945.74,Aline Monteiro
T01316,777.888.999-06,Gabriela Ramos,2025-07-23,4351.79,DELTA CONSULTORIA LTDA
T01317,303.404.505-61,Lucas Gouveia,2025-07-24,974.35,Isabela Dantas
T01318,202.303.404-50,Karen Freitas,2025-07-24,2201.6,
T01319,111.222.333-40,Aline Monteiro,2025-07-24,1825.42,Diego Vasconcelos
T01320,444.555.666-73,Diego Vasconcelos,2025-07-24,4444.37,Isabela Dantas
T01321,303.404.505-61,Lucas Gouveia,2025-07-24,5760.28,Karen Freitas
T01322,303.404.505-61,Lucas Gouveia,2025-07-24,6848.33,ALFA COMÉRCIO LTDA
T01323,303.404.505-61,Lucas Gouveia,2025-07-24,7592.99,Gabriela Ramos
T01324,101.202.303-49,Jonas Melo,2025-07-25,1300.83,DELTA CONSULTORIA LTDA
T01325,303.404.505-61,Lucas Gouveia,2025-07-25,2420.83,Diego Vasconcelos
T01326,333.444.555-62,Carla Nogueira,2025-07-25,7560.6,Gabriela Ramos
T01327,444.555.666-73,Diego Vasconcelos,2025-07-25,5281.59,ALFA COMÉRCIO LTDA
T01328,999.000.111-28,Isabela Dantas,2025-07-25,5230.05,ÔMEGA EVENTOS ME
T01329,333.444.555-62,Carla Nogueira,2025-07-25,5206.49,
T01330,666.777.888-95,Fábio Leal,2025-07-25,7783.95,BETA SERVIÇOS ME
T01331,666.777.888-95,Fábio Leal,2025-07-25,7192.55,Lucas Gouveia
T01332,111.222.333-40,Aline Monteiro,2025-07-25,9883.14,ALFA COMÉRCIO LTDA
T01333,111.222.333-40,Aline Monteiro,2025-07-25,9905.92,ALFA COMÉRCIO LTDA
T01334,222.333.444-51,Bruno Tavares,2025-07-25,9683.21,ALFA COMÉRCIO LTDA
T01335,222.333.444-51,Bruno Tavares,2025-07-25,9898.4,ALFA COMÉRCIO LTDA
T01336,222.333.444-51,Bruno Tavares,2025-07-25,9884.57,ALFA COMÉRCIO LTDA
T01337,333.444.555-62,Carla Nogueira,2025-07-26,6657.46,Fábio Leal
T01338,999.000.111-28,Isabela Dantas,2025-07-26,1297.28,SIGMA PARTICIPAÇÕES LTDA
T01339,101.202.303-49,Jonas Melo,2025-07-26,1708.38,Diego Vasconcelos
T01340,111.222.333-40,Aline Monteiro,2025-07-26,1479.94,GAMA LOGÍSTICA LTDA
T01341,444.555.666-73,Diego Vasconcelos,2025-07-26,537.9,ÔMEGA EVENTOS ME
T01342,303.404.505-61,Lucas Gouveia,2025-07-26,7102.79,Henrique Paiva
T01343,555.666.777-84,Elisa Barros,2025-07-26,5405.58,Bruno Tavares
T01344,111.222.333-40,Aline Monteiro,2025-07-26,9934.39,ALFA COMÉRCIO LTDA
T01345,111.222.333-40,Aline Monteiro,2025-07-26,9901.79,ALFA COMÉRCIO LTDA
T01346,111.222.333-40,Aline Monteiro,2025-07-26,9714.07,ALFA COMÉRCIO LTDA
T01347,222.333.444-51,Bruno Tavares,2025-07-26,9972.15,ALFA COMÉRCIO LTDA
T01348,999.000.111-28,Isabela Dantas,2025-07-27,4540.22,Bruno Tavares
T01349,777.888.999-06,Gabriela Ramos,2025-07-27,728.28,Isabela Dantas
T01350,999.000.111-28,Isabela Dantas,2025-07-27,885.99,Fábio Leal
T01351,101.202.303-49,Jonas Melo,2025-07-27,4572.96,ALFA COMÉRCIO LTDA
T01352,202.303.404-50,Karen Freitas,2025-07-28,4549.22,GAMA LOGÍSTICA LTDA
T01353,666.777.888-95,Fábio Leal,2025-07-28,3784.17,Elisa Barros
T01354,888.999.000-17,Henrique Paiva,2025-07-28,3963.51,Aline Monteiro
T01355,666.777.888-95,Fábio Leal,2025-07-28,4333.09,Carla Nogueira
T01356,999.000.111-28,Isabela Dantas,2025-07-28,8037.32,Karen Freitas
T01357,101.202.303-49,Jonas Melo,2025-07-28,3596.58,GAMA LOGÍSTICA LTDA
T01358,222.333.444-51,Bruno Tavares,2025-07-28,4980.05,Aline Monteiro
T01359,303.404.505-61,Lucas Gouveia,2025-07-28,5970.39,SIGMA PARTICIPAÇÕES LTDA
T01360,101.202.303-49,Jonas Melo,2025-07-29,1302.89,Fábio Leal
T01361,101.202.303-49,Jonas Melo,2025-07-29,2952.46,Jonas Melo
T01362,777.888.999-06,Gabriela Ramos,2025-07-29,4289.48,ÔMEGA EVENTOS ME
T01363,333.444.555-62,Carla Nogueira,2025-07-29,5183.42,SIGMA PARTICIPAÇÕES LTDA
T01364,888.999.000-17,Henrique Paiva,2025-07-29,5729.9,Lucas Gouveia
T01365,666.777.888-95,Fábio Leal,2025-07-30,3149.71,ÔMEGA EVENTOS ME
T01366,777.888.999-06,Gabriela Ramos,2025-07-30,2559.38,ÔMEGA EVENTOS ME
T01367,222.333.444-51,Bruno Tavares,2025-07-30,5148.05,Gabriela Ramos
T01368,777.888.999-06,Gabriela Ramos,2025-07-30,5523.77,Bruno Tavares
T01369,555.666.777-84,Elisa Barros,2025-07-30,2900.96,Henrique Paiva
T01370,111.222.333-40,Aline Monteiro,2025-07-30,2742.95,SIGMA PARTICIPAÇÕES LTDA
T01371,101.202.303-49,Jonas Melo,2025-07-31,8134.55,SIGMA PARTICIPAÇÕES LTDA
T01372,666.777.888-95,Fábio Leal,2025-07-31,2463.72,Henrique Paiva
T01373,777.888.999-06,Gabriela Ramos,2025-07-31,7390.27,Karen Freitas
T01374,333.444.555-62,Carla Nogueira,2025-07-31,7857.01,ÔMEGA EVENTOS ME
T01375,111.222.333-40,Aline Monteiro,2025-08-01,987.74,Gabriela Ramos
T01376,444.555.666-73,Diego Vasconcelos,2025-08-01,5967.59,
T01377,555.666.777-84,Elisa Barros,2025-08-01,1132.72,DELTA CONSULTORIA LTDA
T01378,999.000.111-28,Isabela Dantas,2025-08-01,5003.92,Karen Freitas
T01379,999.000.111-28,Isabela Dantas,2025-08-01,6260.61,BETA SERVIÇOS ME
T01380,111.222.333-40,Aline Monteiro,2025-08-01,9794.46,ALFA COMÉRCIO LTDA
T01381,111.222.333-40,Aline Monteiro,2025-08-01,9708.68,ALFA COMÉRCIO LTDA
T01382,111.222.333-40,Aline Monteiro,2025-08-01,9812.24,ALFA COMÉRCIO LTDA
T01383,222.333.444-51,Bruno Tavares,2025-08-01,9901.3,ALFA COMÉRCIO LTDA
T01384,777.888.999-06,Gabriela Ramos,2025-08-02,6493.74,SIGMA PARTICIPAÇÕES LTDA
T01385,202.303.404-50,Karen Freitas,2025-08-02,3073.69,Aline Monteiro
T01386,777.888.999-06,Gabriela Ramos,2025-08-02,3399.85,GAMA LOGÍSTICA LTDA
T01387,222.333.444-51,Bruno Tavares,2025-08-02,3616.84,Carla Nogueira
T01388,111.222.333-40,Aline Monteiro,2025-08-02,9963.42,ALFA COMÉRCIO LTDA
T01389,111.222.333-40,Aline Monteiro,2025-08-02,9871.01,ALFA COMÉRCIO LTDA
T01390,111.222.333-40,Aline Monteiro,2025-08-02,9885.56,ALFA COMÉRCIO LTDA
T01391,222.333.444-51,Bruno Tavares,2025-08-02,9770.38,ALFA COMÉRCIO LTDA
T01392,222.333.444-51,Bruno Tavares,2025-08-02,9706.86,ALFA COMÉRCIO LTDA
T01393,555.666.777-84,Elisa Barros,2025-08-03,864.31,ÔMEGA EVENTOS ME
T01394,666.777.888-95,Fábio Leal,2025-08-03,7432.36,ALFA COMÉRCIO LTDA
T01395,222.333.444-51,Bruno Tavares,2025-08-03,2900.99,ALFA COMÉRCIO LTDA
T01396,202.303.404-50,Karen Freitas,2025-08-04,3789.25,ÔMEGA EVENTOS ME
T01397,555.666.777-84,Elisa Barros,2025-08-04,4683.77,Isabela Dantas
T01398,444.555.666-73,Diego Vasconcelos,2025-08-04,5055.61,Jonas Melo
T01399,333.444.555-62,Carla Nogueira,2025-08-04,1731.32,Fábio Leal
T01400,202.303.404-50,Karen Freitas,2025-08-04,5092.25,BETA SERVIÇOS ME
T01401,333.444.555-62,Carla Nogueira,2025-08-04,1298.86,Aline Monteiro
T01402,111.222.333-40,Aline Monteiro,2025-08-04,222.82,SIGMA PARTICIPAÇÕES LTDA
T01403,333.444.555-62,Carla Nogueira,2025-08-05,4762.85,Carla Nogueira
T01404,222.333.444-51,Bruno Tavares,2025-08-05,1139.45,Fábio Leal
T01405,303.404.505-61,Lucas Gouveia,2025-08-05,4359.95,Lucas Gouveia
T01406,202.303.404-50,Karen Freitas,2025-08-05,524.89,BETA SERVIÇOS ME
T01407,555.666.777-84,Elisa Barros,2025-08-05,2061.82,DELTA CONSULTORIA LTDA
T01408,111.222.333-40,Aline Monteiro,2025-08-05,405.78,BETA SERVIÇOS ME
T01409,777.888.999-06,Gabriela Ramos,2025-08-05,6940.55,Fábio Leal
T01410,555.666.777-84,Elisa Barros,2025-08-05,518.32,SIGMA PARTICIPAÇÕES LTDA
T01411,333.444.555-62,Carla Nogueira,2025-08-06,431.77,Carla Nogueira
T01412,777.888.999-06,Gabriela Ramos,2025-08-06,3033.11,Elisa Barros
T01413,999.000.111-28,Isabela Dantas,2025-08-06,6497.86,Elisa Barros
T01414,666.777.888-95,Fábio Leal,2025-08-06,7538.84,SIGMA PARTICIPAÇÕES LTDA
T01415,111.222.333-40,Aline Monteiro,2025-08-07,5890.67,Aline Monteiro
T01416,303.404.505-61,Lucas Gouveia,2025-08-07,3137.1,BETA SERVIÇOS ME
T01417,444.555.666-73,Diego Vasconcelos,2025-08-07,6665.65,BETA SERVIÇOS ME
T01418,888.999.000-17,Henrique Paiva,2025-08-07,6791.34,Carla Nogueira
T01419,222.333.444-51,Bruno Tavares,2025-08-07,5333.77,ÔMEGA EVENTOS ME
T01420,777.888.999-06,Gabriela Ramos,2025-08-07,7971.75,Aline Monteiro
T01421,999.000.111-28,Isabela Dantas,2025-08-07,7280.75,ALFA COMÉRCIO LTDA
T01422,999.000.111-28,Isabela Dantas,2025-08-08,7927.1,Carla Nogueira
T01423,555.666.777-84,Elisa Barros,2025-08-08,3239.34,SIGMA PARTICIPAÇÕES LTDA
T01424,333.444.555-62,Carla Nogueira,2025-08-08,442.39,Fábio Leal
T01425,303.404.505-61,Lucas Gouveia,2025-08-08,5345.13,BETA SERVIÇOS ME
T01426,202.303.404-50,Karen Freitas,2025-08-08,5146.52,DELTA CONSULTORIA LTDA
T01427,303.404.505-61,Lucas Gouveia,2025-08-08,3423.11,Diego Vasconcelos
T01428,222.333.444-51,Bruno Tavares,2025-08-08,2060.84,ÔMEGA EVENTOS ME
T01429,111.222.333-40,Aline Monteiro,2025-08-08,9827.73,ALFA COMÉRCIO LTDA
T01430,111.222.333-40,Aline Monteiro,2025-08-08,9877.77,ALFA COMÉRCIO LTDA
T01431,111.222.333-40,Aline Monteiro,2025-08-08,9789.32,ALFA COMÉRCIO LTDA
T01432,222.333.444-51,Bruno Tavares,2025-08-08,9697.56,ALFA COMÉRCIO LTDA
T01433,222.333.444-51,Bruno Tavares,2025-08-08,9934.49,ALFA COMÉRCIO LTDA
T01434,222.333.444-51,Bruno Tavares,2025-08-08,9890.58,ALFA COMÉRCIO LTDA
T01435,202.303.404-50,Karen Freitas,2025-08-09,2492.45,DELTA CONSULTORIA LTDA
T01436,333.444.555-62,Carla Nogueira,2025-08-09,4871.57,Jonas Melo
T01437,222.333.444-51,Bruno Tavares,2025-08-09,2463.84,Henrique Paiva
T01438,333.444.555-62,Carla Nogueira,2025-08-09,4844.45,GAMA LOGÍSTICA LTDA
T01439,222.333.444-51,Bruno Tavares,2025-08-09,3356.28,Bruno Tavares
T01440,777.888.999-06,Gabriela Ramos,2025-08-09,3113.13,Isabela Dantas
T01441,111.222.333-40,Aline Monteiro,2025-08-09,9702.8,ALFA COMÉRCIO LTDA
T01442,111.222.333-40,Aline Monteiro,2025-08-09,9672.44,ALFA COMÉRCIO LTDA
T01443,111.222.333-40,Aline Monteiro,2025-08-09,9728.44,ALFA COMÉRCIO LTDA
T01444,222.333.444-51,Bruno Tavares,2025-08-09,9709.1,ALFA COMÉRCIO LTDA
T01445,222.333.444-51,Bruno Tavares,2025-08-09,9925.48,ALFA COMÉRCIO LTDA
T01446,111.222.333-40,Aline Monteiro,2025-08-10,3974.72,Karen Freitas
T01447,333.444.555-62,Carla Nogueira,2025-08-10,4370.99,Isabela Dantas
T01448,222.333.444-51,Bruno Tavares,2025-08-10,3325.46,Aline Monteiro
T01449,333.444.555-62,Carla Nogueira,2025-08-10,1763.13,Carla Nogueira
T01450,303.404.505-61,Lucas Gouveia,2025-08-11,1181.71,Jonas Melo
T01451,333.444.555-62,Carla Nogueira,2025-08-11,2164.11,ÔMEGA EVENTOS ME
T01452,444.555.666-73,Diego Vasconcelos,2025-08-11,844.76,Isabela Dantas
T01453,222.333.444-51,Bruno Tavares,2025-08-11,7671.0,Bruno Tavares
T01454,888.999.000-17,Henrique Paiva,2025-08-11,6555.69,DELTA CONSULTORIA LTDA
T01455,303.404.505-61,Lucas Gouveia,2025-08-11,7232.37,Carla Nogueira
T01456,999.000.111-28,Isabela Dantas,2025-08-12,2835.42,ÔMEGA EVENTOS ME
T01457,303.404.505-61,Lucas Gouveia,2025-08-12,5474.08,Isabela Dantas
T01458,222.333.444-51,Bruno Tavares,2025-08-12,2533.73,DELTA CONSULTORIA LTDA
T01459,101.202.303-49,Jonas Melo,2025-08-12,6807.71,Bruno Tavares
T01460,888.999.000-17,Henrique Paiva,2025-08-12,563.58,ÔMEGA EVENTOS ME
T01461,101.202.303-49,Jonas Melo,2025-08-12,3119.52,GAMA LOGÍSTICA LTDA
T01462,202.303.404-50,Karen Freitas,2025-08-12,2895.93,GAMA LOGÍSTICA LTDA
T01463,666.777.888-95,Fábio Leal,2025-08-12,1072.13,Elisa Barros
T01464,999.000.111-28,Isabela Dantas,2025-08-13,3738.81,SIGMA PARTICIPAÇÕES LTDA
T01465,444.555.666-73,Diego Vasconcelos,2025-08-13,3506.27,SIGMA PARTICIPAÇÕES LTDA
T01466,888.999.000-17,Henrique Paiva,2025-08-13,1499.55,BETA SERVIÇOS ME
T01467,222.333.444-51,Bruno Tavares,2025-08-13,1290.22,DELTA CONSULTORIA LTDA
T01468,333.444.555-62,Carla Nogueira,2025-08-13,5174.93,Isabela Dantas
T01469,777.888.999-06,Gabriela Ramos,2025-08-13,1807.9,GAMA LOGÍSTICA LTDA
T01470,888.999.000-17,Henrique Paiva,2025-08-13,4742.22,Karen Freitas
T01471,202.303.404-50,Karen Freitas,2025-08-14,4730.51,Jonas Melo
T01472,666.777.888-95,Fábio Leal,2025-08-14,1455.27,ALFA COMÉRCIO LTDA
T01473,555.666.777-84,Elisa Barros,2025-08-14,203.83,Lucas Gouveia
T01474,222.333.444-51,Bruno Tavares,2025-08-14,382.36,Isabela Dantas
T01475,999.000.111-28,Isabela Dantas,2025-08-14,731.03,Isabela Dantas
T01476,303.404.505-61,Lucas Gouveia,2025-08-14,787.2,GAMA LOGÍSTICA LTDA
T01477,444.555.666-73,Diego Vasconcelos,2025-08-14,2796.36,Aline Monteiro
T01478,303.404.505-61,Lucas Gouveia,2025-08-15,3877.06,Bruno Tavares
T01479,555.666.777-84,Elisa Barros,2025-08-15,2247.27,Carla Nogueira
T01480,111.222.333-40,Aline Monteiro,2025-08-15,1750.39,Henrique Paiva
T01481,777.888.999-06,Gabriela Ramos,2025-08-15,8210.36,DELTA CONSULTORIA LTDA
T01482,303.404.505-61,Lucas Gouveia,2025-08-15,7525.71,Fábio Leal
T01483,777.888.999-06,Gabriela Ramos,2025-08-15,7411.66,BETA SERVIÇOS ME
T01484,999.000.111-28,Isabela Dantas,2025-08-15,5000.8,Bruno Tavares
T01485,111.222.333-40,Aline Monteiro,2025-08-15,9938.97,ALFA COMÉRCIO LTDA
T01486,111.222.333-40,Aline Monteiro,2025-08-15,9798.56,ALFA COMÉRCIO LTDA
T01487,111.222.333-40,Aline Monteiro,2025-08-15,9900.09,ALFA COMÉRCIO LTDA
T01488,222.333.444-51,Bruno Tavares,2025-08-15,9705.73,ALFA COMÉRCIO LTDA
T01489,222.333.444-51,Bruno Tavares,2025-08-15,9677.68,ALFA COMÉRCIO LTDA
T01490,222.333.444-51,Bruno Tavares,2025-08-15,9960.15,ALFA COMÉRCIO LTDA
T01491,999.000.111-28,Isabela Dantas,2025-08-16,2656.12,DELTA CONSULTORIA LTDA
T01492,888.999.000-17,Henrique Paiva,2025-08-16,547.87,Fábio Leal
T01493,888.999.000-17,Henrique Paiva,2025-08-16,2729.49,Isabela Dantas
T01494,999.000.111-28,Isabela Dantas,2025-08-16,2506.53,Elisa Barros
T01495,222.333.444-51,Bruno Tavares,2025-08-16,5877.99,Aline Monteiro
T01496,666.777.888-95,Fábio Leal,2025-08-16,349.14,Aline Monteiro
T01497,111.222.333-40,Aline Monteiro,2025-08-16,9696.97,ALFA COMÉRCIO LTDA
T01498,222.333.444-51,Bruno Tavares,2025-08-16,9775.01,ALFA COMÉRCIO LTDA
T01499,303.404.505-61,Lucas Gouveia,2025-08-17,2788.88,Isabela Dantas
T01500,666.777.888-95,Fábio Leal,2025-08-17,7604.97,Gabriela Ramos
T01501,666.777.888-95,Fábio Leal,2025-08-17,6245.75,SIGMA PARTICIPAÇÕES LTDA
T01502,303.404.505-61,Lucas Gouveia,2025-08-17,597.73,Isabela Dantas
T01503,202.303.404-50,Karen Freitas,2025-08-17,5217.17,Gabriela Ramos
T01504,303.404.505-61,Lucas Gouveia,2025-08-18,4692.93,Gabriela Ramos
T01505,444.555.666-73,Diego Vasconcelos,2025-08-18,5530.56,Fábio Leal
T01506,303.404.505-61,Lucas Gouveia,2025-08-18,5425.75,Bruno Tavares
T01507,999.000.111-28,Isabela Dantas,2025-08-18,6543.46,Aline Monteiro
T01508,333.444.555-62,Carla Nogueira,2025-08-18,332.09,Elisa Barros
T01509,101.202.303-49,Jonas Melo,2025-08-18,2198.24,Carla Nogueira
T01510,999.000.111-28,Isabela Dantas,2025-08-18,3721.11,SIGMA PARTICIPAÇÕES LTDA
T01511,888.999.000-17,Henrique Paiva,2025-08-19,6083.99,GAMA LOGÍSTICA LTDA
T01512,666.777.888-95,Fábio Leal,2025-08-19,8154.77,Carla Nogueira
T01513,444.555.666-73,Diego Vasconcelos,2025-08-19,2108.17,BETA SERVIÇOS ME
T01514,555.666.777-84,Elisa Barros,2025-08-19,892.93,BETA SERVIÇOS ME
T01515,303.404.505-61,Lucas Gouveia,2025-08-19,2775.29,Jonas Melo
T01516,555.666.777-84,Elisa Barros,2025-08-19,6580.01,Diego Vasconcelos
T01517,333.444.555-62,Carla Nogueira,2025-08-19,8080.65,Aline Monteiro
T01518,222.333.444-51,Bruno Tavares,2025-08-19,3810.63,Isabela Dantas
T01519,101.202.303-49,Jonas Melo,2025-08-20,1925.05,DELTA CONSULTORIA LTDA
T01520,666.777.888-95,Fábio Leal,2025-08-20,5074.99,Fábio Leal
T01521,202.303.404-50,Karen Freitas,2025-08-20,6848.37,Isabela Dantas
T01522,666.777.888-95,Fábio Leal,2025-08-20,7830.86,Aline Monteiro
T01523,101.202.303-49,Jonas Melo,2025-08-21,1668.47,GAMA LOGÍSTICA LTDA
T01524,444.555.666-73,Diego Vasconcelos,2025-08-21,4102.3,Bruno Tavares
T01525,101.202.303-49,Jonas Melo,2025-08-21,1545.19,DELTA CONSULTORIA LTDA
T01526,202.303.404-50,Karen Freitas,2025-08-22,1749.24,Fábio Leal
T01527,333.444.555-62,Carla Nogueira,2025-08-22,2819.48,SIGMA PARTICIPAÇÕES LTDA
T01528,222.333.444-51,Bruno Tavares,2025-08-22,3714.71,Lucas Gouveia
T01529,101.202.303-49,Jonas Melo,2025-08-22,1029.09,Carla Nogueira
T01530,111.222.333-40,Aline Monteiro,2025-08-22,9925.48,ALFA COMÉRCIO LTDA
T01531,111.222.333-40,Aline Monteiro,2025-08-22,9716.82,ALFA COMÉRCIO LTDA
T01532,111.222.333-40,Aline Monteiro,2025-08-22,9681.08,ALFA COMÉRCIO LTDA
T01533,222.333.444-51,Bruno Tavares,2025-08-22,9893.6,ALFA COMÉRCIO LTDA
T01535,101.202.303-49,Jonas Melo,2025-08-23,6073.41,DELTA CONSULTORIA LTDA
T01536,555.666.777-84,Elisa Barros,2025-08-23,3919.73,Diego Vasconcelos
T01537,222.333.444-51,Bruno Tavares,2025-08-23,1059.13,Lucas Gouveia
T01538,666.777.888-95,Fábio Leal,2025-08-23,3734.66,DELTA CONSULTORIA LTDA
T01539,333.444.555-62,Carla Nogueira,2025-08-23,6215.24,Lucas Gouveia
T01540,666.777.888-95,Fábio Leal,2025-08-23,3223.59,Gabriela Ramos
T01541,202.303.404-50,Karen Freitas,2025-08-23,2872.63,Elisa Barros
T01542,111.222.333-40,Aline Monteiro,2025-08-23,9937.22,ALFA COMÉRCIO LTDA
T01543,111.222.333-40,Aline Monteiro,2025-08-23,9924.65,ALFA COMÉRCIO LTDA
T01544,222.333.444-51,Bruno Tavares,2025-08-23,9716.01,ALFA COMÉRCIO LTDA
T01545,222.333.444-51,Bruno Tavares,2025-08-23,9895.53,ALFA COMÉRCIO LTDA
T01546,222.333.444-51,Bruno Tavares,2025-08-23,9820.8,ALFA COMÉRCIO LTDA
T01547,666.777.888-95,Fábio Leal,2025-08-24,5456.02,Bruno Tavares
T01548,999.000.111-28,Isabela Dantas,2025-08-24,5931.82,DELTA CONSULTORIA LTDA
T01549,111.222.333-40,Aline Monteiro,2025-08-24,167.19,GAMA LOGÍSTICA LTDA
T01550,202.303.404-50,Karen Freitas,2025-08-24,1679.03,GAMA LOGÍSTICA LTDA
T01551,777.888.999-06,Gabriela Ramos,2025-08-24,1599.04,Karen Freitas
T01552,999.000.111-28,Isabela Dantas,2025-08-25,6888.69,GAMA LOGÍSTICA LTDA
T01553,666.777.888-95,Fábio Leal,2025-08-25,4965.45,Fábio Leal
T01554,777.888.999-06,Gabriela Ramos,2025-08-25,5189.09,Henrique Paiva
T01555,999.000.111-28,Isabela Dantas,2025-08-26,2542.28,Bruno Tavares
T01556,444.555.666-73,Diego Vasconcelos,2025-08-26,2982.11,Fábio Leal
T01557,202.303.404-50,Karen Freitas,2025-08-26,2361.67,Aline Monteiro
T01558,303.404.505-61,Lucas Gouveia,2025-08-27,4997.01,ALFA COMÉRCIO LTDA
T01559,777.888.999-06,Gabriela Ramos,2025-08-27,6534.91,Lucas Gouveia
T01560,444.555.666-73,Diego Vasconcelos,2025-08-27,269.04,Elisa Barros
T01561,999.000.111-28,Isabela Dantas,2025-08-27,2167.12,Jonas Melo
T01562,111.222.333-40,Aline Monteiro,2025-08-27,4351.29,Karen Freitas
T01563,888.999.000-17,Henrique Paiva,2025-08-28,3917.66,Jonas Melo
T01564,202.303.404-50,Karen Freitas,2025-08-28,7543.78,Diego Vasconcelos
T01565,777.888.999-06,Gabriela Ramos,2025-08-28,3556.59,ALFA COMÉRCIO LTDA
T01566,444.555.666-73,Diego Vasconcelos,2025-08-28,4445.56,ÔMEGA EVENTOS ME
T01567,222.333.444-51,Bruno Tavares,2025-08-28,1308.77,Isabela Dantas
T01568,111.222.333-40,Aline Monteiro,2025-08-29,7318.75,Diego Vasconcelos
T01569,666.777.888-95,Fábio Leal,2025-08-29,1123.71,Isabela Dantas
T01570,303.404.505-61,Lucas Gouveia,2025-08-29,8066.81,Elisa Barros
T01571,555.666.777-84,Elisa Barros,2025-08-29,5756.91,Elisa Barros
T01572,101.202.303-49,Jonas Melo,2025-08-29,7504.69,Henrique Paiva
T01573,888.999.000-17,Henrique Paiva,2025-08-29,1285.86,Gabriela Ramos
T01574,555.666.777-84,Elisa Barros,2025-08-30,4282.59,Aline Monteiro
T01575,888.999.000-17,Henrique Paiva,2025-08-30,6738.25,Henrique Paiva
T01576,202.303.404-50,Karen Freitas,2025-08-30,5558.91,Isabela Dantas
T01577,111.222.333-40,Aline Monteiro,2025-08-30,9685.49,ALFA COMÉRCIO LTDA
T01578,111.222.333-40,Aline Monteiro,2025-08-30,9920.79,ALFA COMÉRCIO LTDA
T01579,222.333.444-51,Bruno Tavares,2025-08-30,9779.52,ALFA COMÉRCIO LTDA
T01580,222.333.444-51,Bruno Tavares,2025-08-30,9887.21,ALFA COMÉRCIO LTDA
T01581,222.333.444-51,Bruno Tavares,2025-08-30,9710.03,ALFA COMÉRCIO LTDA
T01582,333.444.555-62,Carla Nogueira,2025-08-31,3110.22,Elisa Barros
T01583,777.888.999-06,Gabriela Ramos,2025-08-31,4934.04,Gabriela Ramos
T01584,303.404.505-61,Lucas Gouveia,2025-08-31,4972.42,Henrique Paiva
T01585,444.555.666-73,Diego Vasconcelos,2025-08-31,5412.17,Jonas Melo
T01586,444.555.666-73,Diego Vasconcelos,2025-08-31,5039.14,BETA SERVIÇOS ME
T01587,333.444.555-62,Carla Nogueira,2025-08-31,5120.65,ALFA COMÉRCIO LTDA
T01588,303.404.505-61,Lucas Gouveia,2025-08-31,2523.36,Carla Nogueira
T01589,666.777.888-95,Fábio Leal,2025-08-31,6554.13,Diego Vasconcelos
T01590,111.222.333-40,Aline Monteiro,2025-09-01,1582.22,Henrique Paiva
T01591,888.999.000-17,Henrique Paiva,2025-09-01,2361.15,ÔMEGA EVENTOS ME
T01592,777.888.999-06,Gabriela Ramos,2025-09-01,6892.82,DELTA CONSULTORIA LTDA
T01593,999.000.111-28,Isabela Dantas,2025-09-01,2854.87,Karen Freitas
T01594,555.666.777-84,Elisa Barros,2025-09-01,4832.79,ÔMEGA EVENTOS ME
T01595,777.888.999-06,Gabriela Ramos,2025-09-01,7521.82,Bruno Tavares
T01596,666.777.888-95,Fábio Leal,2025-09-01,2362.61,ÔMEGA EVENTOS ME
T01597,999.000.111-28,Isabela Dantas,2025-09-01,1955.02,Aline Monteiro
T01598,303.404.505-61,Lucas Gouveia,2025-09-02,2349.89,Aline Monteiro
T01599,222.333.444-51,Bruno Tavares,2025-09-02,419.51,Diego Vasconcelos
T01600,888.999.000-17,Henrique Paiva,2025-09-02,6076.96,ÔMEGA EVENTOS ME
T01601,202.303.404-50,Karen Freitas,2025-09-03,4156.73,BETA SERVIÇOS ME
T01602,303.404.505-61,Lucas Gouveia,2025-09-03,5999.64,Jonas Melo
T01603,101.202.303-49,Jonas Melo,2025-09-03,2603.49,Karen Freitas
T01604,666.777.888-95,Fábio Leal,2025-09-03,3122.48,ALFA COMÉRCIO LTDA
T01605,888.999.000-17,Henrique Paiva,2025-09-03,4340.17,Karen Freitas
T01606,666.777.888-95,Fábio Leal,2025-09-03,3412.38,ALFA COMÉRCIO LTDA
T01607,333.444.555-62,Carla Nogueira,2025-09-03,5597.35,DELTA CONSULTORIA LTDA
T01608,999.000.111-28,Isabela Dantas,2025-09-03,5804.17,DELTA CONSULTORIA LTDA
T01609,101.202.303-49,Jonas Melo,2025-09-04,8036.62,Fábio Leal
T01610,333.444.555-62,Carla Nogueira,2025-09-04,6151.65,Karen Freitas
T01611,222.333.444-51,Bruno Tavares,2025-09-04,4250.8,Gabriela Ramos
T01612,333.444.555-62,Carla Nogueira,2025-09-04,5750.48,DELTA CONSULTORIA LTDA
T01613,222.333.444-51,Bruno Tavares,2025-09-04,1706.95,Fábio Leal
T01614,999.000.111-28,Isabela Dantas,2025-09-04,3270.13,Lucas Gouveia
T01615,888.999.000-17,Henrique Paiva,2025-09-04,1597.84,Diego Vasconcelos
T01616,888.999.000-17,Henrique Paiva,2025-09-04,92000,GAMA LOGÍSTICA LTDA
T01617,444.555.666-73,Diego Vasconcelos,2025-09-05,6249.59,DELTA CONSULTORIA LTDA
T01618,101.202.303-49,Jonas Melo,2025-09-05,1476.47,Jonas Melo
T01619,222.333.444-51,Bruno Tavares,2025-09-05,1446.75,Henrique Paiva
T01620,303.404.505-61,Lucas Gouveia,2025-09-05,5404.45,ALFA COMÉRCIO LTDA
T01621,111.222.333-40,Aline Monteiro,2025-09-05,9872.63,ALFA COMÉRCIO LTDA
T01622,111.222.333-40,Aline Monteiro,2025-09-05,9800.77,ALFA COMÉRCIO LTDA
T01623,222.333.444-51,Bruno Tavares,2025-09-05,9938.39,ALFA COMÉRCIO LTDA
T01624,222.333.444-51,Bruno Tavares,2025-09-05,9935.23,ALFA COMÉRCIO LTDA
T01625,555.666.777-84,Elisa Barros,2025-09-06,554.29,Bruno Tavares
T01626,666.777.888-95,Fábio Leal,2025-09-06,4774.15,BETA SERVIÇOS ME
T01627,222.333.444-51,Bruno Tavares,2025-09-06,780.47,Carla Nogueira
T01628,555.666.777-84,Elisa Barros,2025-09-06,2861.53,Carla Nogueira
T01629,777.888.999-06,Gabriela Ramos,2025-09-06,2946.02,Diego Vasconcelos
T01630,202.303.404-50,Karen Freitas,2025-09-07,2310.92,Karen Freitas
T01631,666.777.888-95,Fábio Leal,2025-09-07,8394.85,DELTA CONSULTORIA LTDA
T01632,888.999.000-17,Henrique Paiva,2025-09-07,1944.76,GAMA LOGÍSTICA LTDA
T01633,444.555.666-73,Diego Vasconcelos,2025-09-08,1162.2,Henrique Paiva
T01634,444.555.666-73,Diego Vasconcelos,2025-09-08,5108.08,Gabriela Ramos
T01635,555.666.777-84,Elisa Barros,2025-09-08,5017.76,Fábio Leal
T01636,444.555.666-73,Diego Vasconcelos,2025-09-08,887.78,Carla Nogueira
T01637,222.333.444-51,Bruno Tavares,2025-09-08,5018.32,Jonas Melo
T01638,333.444.555-62,Carla Nogueira,2025-09-08,3213.2,Henrique Paiva
T01639,101.202.303-49,Jonas Melo,2025-09-08,473.48,Gabriela Ramos
T01640,111.222.333-40,Aline Monteiro,2025-09-09,4205.92,Isabela Dantas
T01641,222.333.444-51,Bruno Tavares,2025-09-09,8222.27,Carla Nogueira
T01642,999.000.111-28,Isabela Dantas,2025-09-09,2096.66,Carla Nogueira
T01643,666.777.888-95,Fábio Leal,2025-09-09,5114.33,Gabriela Ramos
T01644,101.202.303-49,Jonas Melo,2025-09-09,4286.83,Jonas Melo
T01645,777.888.999-06,Gabriela Ramos,2025-09-09,1570.73,Henrique Paiva
T01646,222.333.444-51,Bruno Tavares,2025-09-10,1572.49,Elisa Barros
T01647,777.888.999-06,Gabriela Ramos,2025-09-10,1976.47,Bruno Tavares
T01648,888.999.000-17,Henrique Paiva,2025-09-10,5937.42,Karen Freitas
T01649,202.303.404-50,Karen Freitas,2025-09-10,4724.71,Isabela Dantas
T01650,111.222.333-40,Aline Monteiro,2025-09-10,1780.78,Karen Freitas
T01651,777.888.999-06,Gabriela Ramos,2025-09-10,5373.62,Isabela Dantas
T01652,555.666.777-84,Elisa Barros,2025-09-10,4598.01,GAMA LOGÍSTICA LTDA
T01653,333.444.555-62,Carla Nogueira,2025-09-10,4969.25,BETA SERVIÇOS ME
T01654,111.222.333-40,Aline Monteiro,2025-09-11,7989.11,Fábio Leal
T01655,202.303.404-50,Karen Freitas,2025-09-11,1238.92,GAMA LOGÍSTICA LTDA
T01656,111.222.333-40,Aline Monteiro,2025-09-11,2519.07,Fábio Leal
T01657,303.404.505-61,Lucas Gouveia,2025-09-11,6213.88,Karen Freitas
T01658,666.777.888-95,Fábio Leal,2025-09-11,7272.31,BETA SERVIÇOS ME
T01659,999.000.111-28,Isabela Dantas,2025-09-11,899.13,ÔMEGA EVENTOS ME
T01660,202.303.404-50,Karen Freitas,2025-09-12,4640.9,ALFA COMÉRCIO LTDA
T01661,101.202.303-49,Jonas Melo,2025-09-12,3995.31,Henrique Paiva
T01662,666.777.888-95,Fábio Leal,2025-09-12,280.23,Henrique Paiva
T01663,111.222.333-40,Aline Monteiro,2025-09-12,9705.28,ALFA COMÉRCIO LTDA
T01664,111.222.333-40,Aline Monteiro,2025-09-12,9721.94,ALFA COMÉRCIO LTDA
T01665,222.333.444-51,Bruno Tavares,2025-09-12,9964.4,ALFA COMÉRCIO LTDA
T01666,222.333.444-51,Bruno Tavares,2025-09-12,9920.13,ALFA COMÉRCIO LTDA
T01667,222.333.444-51,Bruno Tavares,2025-09-12,9828.46,ALFA COMÉRCIO LTDA
T01668,999.000.111-28,Isabela Dantas,2025-09-13,5672.74,Fábio Leal
T01669,202.303.404-50,Karen Freitas,2025-09-13,570.1,Isabela Dantas
T01670,111.222.333-40,Aline Monteiro,2025-09-13,898.86,GAMA LOGÍSTICA LTDA
T01671,111.222.333-40,Aline Monteiro,2025-09-13,9871.5,ALFA COMÉRCIO LTDA
T01672,111.222.333-40,Aline Monteiro,2025-09-13,9927.19,ALFA COMÉRCIO LTDA
T01673,111.222.333-40,Aline Monteiro,2025-09-13,9705.27,ALFA COMÉRCIO LTDA
T01674,222.333.444-51,Bruno Tavares,2025-09-13,9791.44,ALFA COMÉRCIO LTDA
T01675,222.333.444-51,Bruno Tavares,2025-09-13,9827.18,ALFA COMÉRCIO LTDA
T01676,222.333.444-51,Bruno Tavares,2025-09-14,5043.22,Lucas Gouveia
T01677,202.303.404-50,Karen Freitas,2025-09-14,5624.05,ÔMEGA EVENTOS ME
T01678,777.888.999-06,Gabriela Ramos,2025-09-14,6145.78,ALFA COMÉRCIO LTDA
T01679,303.404.505-61,Lucas Gouveia,2025-09-14,2052.93,ÔMEGA EVENTOS ME
T01680,666.777.888-95,Fábio Leal,2025-09-15,2425.32,Bruno Tavares
T01681,999.000.111-28,Isabela Dantas,2025-09-15,1538.5,GAMA LOGÍSTICA LTDA
T01682,444.555.666-73,Diego Vasconcelos,2025-09-15,460.46,Isabela Dantas
T01683,777.888.999-06,Gabriela Ramos,2025-09-16,529.52,GAMA LOGÍSTICA LTDA
T01684,888.999.000-17,Henrique Paiva,2025-09-16,4271.5,Carla Nogueira
T01685,202.303.404-50,Karen Freitas,2025-09-16,7539.96,Isabela Dantas
T01686,888.999.000-17,Henrique Paiva,2025-09-16,1461.64,Gabriela Ramos
T01687,666.777.888-95,Fábio Leal,2025-09-16,8194.31,GAMA LOGÍSTICA LTDA
T01688,101.202.303-49,Jonas Melo,2025-09-16,7137.93,Jonas Melo
T01689,303.404.505-61,Lucas Gouveia,2025-09-17,8131.78,Diego Vasconcelos
T01690,222.333.444-51,Bruno Tavares,2025-09-17,6670.48,DELTA CONSULTORIA LTDA
T01691,111.222.333-40,Aline Monteiro,2025-09-17,5892.26,Elisa Barros
T01692,101.202.303-49,Jonas Melo,2025-09-17,6315.0,BETA SERVIÇOS ME
T01693,111.222.333-40,Aline Monteiro,2025-09-18,478.55,Karen Freitas
T01694,444.555.666-73,Diego Vasconcelos,2025-09-18,3809.23,Elisa Barros
T01695,666.777.888-95,Fábio Leal,2025-09-18,922.91,Aline Monteiro
T01696,101.202.303-49,Jonas Melo,2025-09-18,3088.3,GAMA LOGÍSTICA LTDA
T01697,303.404.505-61,Lucas Gouveia,2025-09-19,2951.43,Henrique Paiva
T01698,999.000.111-28,Isabela Dantas,2025-09-19,6289.45,Karen Freitas
T01699,202.303.404-50,Karen Freitas,2025-09-19,7931.54,Lucas Gouveia
T01700,111.222.333-40,Aline Monteiro,2025-09-19,1281.35,Carla Nogueira
T01701,111.222.333-40,Aline Monteiro,2025-09-19,9918.15,ALFA COMÉRCIO LTDA
T01702,111.222.333-40,Aline Monteiro,2025-09-19,9829.41,ALFA COMÉRCIO LTDA
T01703,111.222.333-40,Aline Monteiro,2025-09-19,9937.9,ALFA COMÉRCIO LTDA
T01704,222.333.444-51,Bruno Tavares,2025-09-19,9790.83,ALFA COMÉRCIO LTDA
T01705,222.333.444-51,Bruno Tavares,2025-09-19,9803.96,ALFA COMÉRCIO LTDA
T01706,999.000.111-28,Isabela Dantas,2025-09-20,6377.41,Diego Vasconcelos
T01707,303.404.505-61,Lucas Gouveia,2025-09-20,3574.54,Carla Nogueira
T01708,303.404.505-61,Lucas Gouveia,2025-09-20,8353.04,Henrique Paiva
T01709,303.404.505-61,Lucas Gouveia,2025-09-20,1927.1,Bruno Tavares
T01710,111.222.333-40,Aline Monteiro,2025-09-20,9930.27,ALFA COMÉRCIO LTDA
T01711,111.222.333-40,Aline Monteiro,2025-09-20,9671.75,ALFA COMÉRCIO LTDA
T01712,222.333.444-51,Bruno Tavares,2025-09-20,9870.92,ALFA COMÉRCIO LTDA
T01713,222.333.444-51,Bruno Tavares,2025-09-20,9917.31,ALFA COMÉRCIO LTDA
T01714,222.333.444-51,Bruno Tavares,2025-09-20,9797.43,ALFA COMÉRCIO LTDA
T01715,202.303.404-50,Karen Freitas,2025-09-21,7209.8,Isabela Dantas
T01716,444.555.666-73,Diego Vasconcelos,2025-09-21,3327.38,GAMA LOGÍSTICA LTDA
T01717,555.666.777-84,Elisa Barros,2025-09-21,4200.25,Elisa Barros
T01718,777.888.999-06,Gabriela Ramos,2025-09-21,4316.06,Aline Monteiro
T01719,222.333.444-51,Bruno Tavares,2025-09-21,1333.1,Diego Vasconcelos
T01720,202.303.404-50,Karen Freitas,2025-09-21,4672.35,GAMA LOGÍSTICA LTDA
T01721,111.222.333-40,Aline Monteiro,2025-09-22,4514.18,GAMA LOGÍSTICA LTDA
T01722,444.555.666-73,Diego Vasconcelos,2025-09-22,1340.83,Jonas Melo
T01723,444.555.666-73,Diego Vasconcelos,2025-09-22,4554.97,BETA SERVIÇOS ME
T01724,888.999.000-17,Henrique Paiva,2025-09-22,6004.56,DELTA CONSULTORIA LTDA
T01725,888.999.000-17,Henrique Paiva,2025-09-22,6160.19,ALFA COMÉRCIO LTDA
T01726,101.202.303-49,Jonas Melo,2025-09-22,1747.12,DELTA CONSULTORIA LTDA
T01727,999.000.111-28,Isabela Dantas,2025-09-22,8072.49,Karen Freitas
T01728,999.000.111-28,Isabela Dantas,2025-09-22,7173.08,SIGMA PARTICIPAÇÕES LTDA
T01729,888.999.000-17,Henrique Paiva,2025-09-23,5516.46,BETA SERVIÇOS ME
T01730,333.444.555-62,Carla Nogueira,2025-09-23,2618.89,Elisa Barros
T01731,222.333.444-51,Bruno Tavares,2025-09-23,7150.07,Bruno Tavares
T01732,888.999.000-17,Henrique Paiva,2025-09-23,4104.94,Elisa Barros
T01733,777.888.999-06,Gabriela Ramos,2025-09-23,3130.53,ÔMEGA EVENTOS ME
T01734,333.444.555-62,Carla Nogueira,2025-09-23,6904.58,Diego Vasconcelos
T01735,444.555.666-73,Diego Vasconcelos,2025-09-23,7066.16,Jonas Melo
T01736,303.404.505-61,Lucas Gouveia,2025-09-24,2897.85,Fábio Leal
T01737,333.444.555-62,Carla Nogueira,2025-09-24,2128.08,Karen Freitas
T01738,999.000.111-28,Isabela Dantas,2025-09-24,478.72,ALFA COMÉRCIO LTDA
T01739,222.333.444-51,Bruno Tavares,2025-09-25,705.51,Lucas Gouveia
T01740,888.999.000-17,Henrique Paiva,2025-09-25,6808.74,Fábio Leal
T01741,444.555.666-73,Diego Vasconcelos,2025-09-25,1963.0,Elisa Barros
T01742,333.444.555-62,Carla Nogueira,2025-09-26,5433.67,Bruno Tavares
T01743,777.888.999-06,Gabriela Ramos,2025-09-26,4414.74,Karen Freitas
T01744,303.404.505-61,Lucas Gouveia,2025-09-26,1617.81,DELTA CONSULTORIA LTDA
T01745,222.333.444-51,Bruno Tavares,2025-09-26,2581.19,Aline Monteiro
T01746,999.000.111-28,Isabela Dantas,2025-09-26,8005.54,BETA SERVIÇOS ME
T01747,444.555.666-73,Diego Vasconcelos,2025-09-26,6091.05,Diego Vasconcelos
T01748,111.222.333-40,Aline Monteiro,2025-09-26,9943.16,ALFA COMÉRCIO LTDA
T01749,222.333.444-51,Bruno Tavares,2025-09-26,9715.67,ALFA COMÉRCIO LTDA
T01750,222.333.444-51,Bruno Tavares,2025-09-26,9956.28,ALFA COMÉRCIO LTDA
T01751,222.333.444-51,Bruno Tavares,2025-09-26,9800.37,ALFA COMÉRCIO LTDA
T01752,777.888.999-06,Gabriela Ramos,2025-09-27,4275.57,ÔMEGA EVENTOS ME
T01753,202.303.404-50,Karen Freitas,2025-09-27,6404.28,DELTA CONSULTORIA LTDA
T01754,777.888.999-06,Gabriela Ramos,2025-09-27,2151.11,Diego Vasconcelos
T01755,111.222.333-40,Aline Monteiro,2025-09-27,4679.62,Jonas Melo
T01756,888.999.000-17,Henrique Paiva,2025-09-27,1314.77,Isabela Dantas
T01757,888.999.000-17,Henrique Paiva,2025-09-27,619.49,BETA SERVIÇOS ME
T01758,111.222.333-40,Aline Monteiro,2025-09-27,9913.1,ALFA COMÉRCIO LTDA
T01759,111.222.333-40,Aline Monteiro,2025-09-27,9685.68,ALFA COMÉRCIO LTDA
T01760,111.222.333-40,Aline Monteiro,2025-09-27,9821.67,ALFA COMÉRCIO LTDA
T01761,222.333.444-51,Bruno Tavares,2025-09-27,9929.9,ALFA COMÉRCIO LTDA
T01762,111.222.333-40,Aline Monteiro,2025-09-28,568.52,Gabriela Ramos
T01763,666.777.888-95,Fábio Leal,2025-09-28,3529.82,Diego Vasconcelos
T01764,999.000.111-28,Isabela Dantas,2025-09-28,5155.81,Jonas Melo
T01765,999.000.111-28,Isabela Dantas,2025-09-29,2964.6,Karen Freitas
T01766,666.777.888-95,Fábio Leal,2025-09-29,6428.79,ÔMEGA EVENTOS ME
T01767,222.333.444-51,Bruno Tavares,2025-09-29,3193.64,Diego Vasconcelos
T01768,444.555.666-73,Diego Vasconcelos,2025-09-29,6593.94,Fábio Leal
T01769,202.303.404-50,Karen Freitas,2025-09-30,551.93,Elisa Barros
T01770,202.303.404-50,Karen Freitas,2025-09-30,1121.62,SIGMA PARTICIPAÇÕES LTDA
T01771,111.222.333-40,Aline Monteiro,2025-09-30,5335.8,Fábio Leal
T01772,101.202.303-49,Jonas Melo,2025-09-30,3371.63,Aline Monteiro
T01773,222.333.444-51,Bruno Tavares,2025-09-30,6381.23,Karen Freitas
T01774,555.666.777-84,Elisa Barros,2025-09-30,776.59,Bruno Tavares
T01775,222.333.444-51,Bruno Tavares,2025-09-30,391.89,Lucas Gouveia
T01776,666.777.888-95,Fábio Leal,2025-09-30,7398.69,BETA SERVIÇOS ME
T01777,101.202.303-49,Jonas Melo,2025-10-01,2356.01,Isabela Dantas
T01778,999.000.111-28,Isabela Dantas,2025-10-01,7080.74,
T01779,111.222.333-40,Aline Monteiro,2025-10-01,4290.57,Karen Freitas
T01780,444.555.666-73,Diego Vasconcelos,2025-10-02,6397.21,Elisa Barros
T01781,777.888.999-06,Gabriela Ramos,2025-10-02,5647.26,ÔMEGA EVENTOS ME
T01782,888.999.000-17,Henrique Paiva,2025-10-02,6845.65,Lucas Gouveia
T01783,999.000.111-28,Isabela Dantas,2025-10-02,6560.82,Elisa Barros
T01784,666.777.888-95,Fábio Leal,2025-10-02,3430.97,Fábio Leal
T01785,333.444.555-62,Carla Nogueira,2025-10-02,5710.91,Jonas Melo
T01786,303.404.505-61,Lucas Gouveia,2025-10-02,1047.88,ALFA COMÉRCIO LTDA
T01787,333.444.555-62,Carla Nogueira,2025-10-03,4516.56,Diego Vasconcelos
T01788,444.555.666-73,Diego Vasconcelos,2025-10-03,6470.75,DELTA CONSULTORIA LTDA
T01789,666.777.888-95,Fábio Leal,2025-10-03,2899.84,Carla Nogueira
T01790,111.222.333-40,Aline Monteiro,2025-10-03,9809.75,ALFA COMÉRCIO LTDA
T01791,111.222.333-40,Aline Monteiro,2025-10-03,9829.3,ALFA COMÉRCIO LTDA
T01792,111.222.333-40,Aline Monteiro,2025-10-03,9879.35,ALFA COMÉRCIO LTDA
T01793,222.333.444-51,Bruno Tavares,2025-10-03,9921.63,ALFA COMÉRCIO LTDA
T01794,999.000.111-28,Isabela Dantas,2025-10-04,1128.36,Diego Vasconcelos
T01795,222.333.444-51,Bruno Tavares,2025-10-04,2647.76,Lucas Gouveia
T01796,222.333.444-51,Bruno Tavares,2025-10-04,4373.06,Gabriela Ramos
T01797,888.999.000-17,Henrique Paiva,2025-10-04,7173.78,Karen Freitas
T01798,999.000.111-28,Isabela Dantas,2025-10-05,5356.07,Lucas Gouveia
T01799,999.000.111-28,Isabela Dantas,2025-10-05,257.53,Aline Monteiro
T01800,888.999.000-17,Henrique Paiva,2025-10-05,596.81,Aline Monteiro
T01801,666.777.888-95,Fábio Leal,2025-10-05,3583.46,ALFA COMÉRCIO LTDA
T01802,111.222.333-40,Aline Monteiro,2025-10-05,6569.11,ALFA COMÉRCIO LTDA
T01803,666.777.888-95,Fábio Leal,2025-10-05,6389.34,Carla Nogueira
T01804,222.333.444-51,Bruno Tavares,2025-10-05,2442.66,Gabriela Ramos
T01805,555.666.777-84,Elisa Barros,2025-10-06,3323.03,GAMA LOGÍSTICA LTDA
T01806,303.404.505-61,Lucas Gouveia,2025-10-06,6412.61,Henrique Paiva
T01807,999.000.111-28,Isabela Dantas,2025-10-06,6187.34,Diego Vasconcelos
T01808,999.000.111-28,Isabela Dantas,2025-10-06,6035.98,GAMA LOGÍSTICA LTDA
T01809,101.202.303-49,Jonas Melo,2025-10-06,8230.27,Elisa Barros
T01810,999.000.111-28,Isabela Dantas,2025-10-06,1744.53,SIGMA PARTICIPAÇÕES LTDA
T01811,101.202.303-49,Jonas Melo,2025-10-06,2214.82,Bruno Tavares
T01812,333.444.555-62,Carla Nogueira,2025-10-07,1346.3,SIGMA PARTICIPAÇÕES LTDA
T01813,999.000.111-28,Isabela Dantas,2025-10-07,5632.89,ALFA COMÉRCIO LTDA
T01814,555.666.777-84,Elisa Barros,2025-10-07,4798.72,Diego Vasconcelos
T01815,202.303.404-50,Karen Freitas,2025-10-07,3949.73,BETA SERVIÇOS ME
T01817,303.404.505-61,Lucas Gouveia,2025-10-07,5323.65,Aline Monteiro
T01818,888.999.000-17,Henrique Paiva,2025-10-07,3162.38,GAMA LOGÍSTICA LTDA
T01819,888.999.000-17,Henrique Paiva,2025-10-07,1858.68,Gabriela Ramos
T01820,303.404.505-61,Lucas Gouveia,2025-10-08,8184.2,Lucas Gouveia
T01821,202.303.404-50,Karen Freitas,2025-10-08,2513.41,Elisa Barros
T01822,202.303.404-50,Karen Freitas,2025-10-08,3548.77,Diego Vasconcelos
T01823,888.999.000-17,Henrique Paiva,2025-10-08,1083.05,Jonas Melo
T01824,777.888.999-06,Gabriela Ramos,2025-10-08,1940.45,Aline Monteiro
T01825,202.303.404-50,Karen Freitas,2025-10-08,1776.09,BETA SERVIÇOS ME
T01826,888.999.000-17,Henrique Paiva,2025-10-08,3292.97,Fábio Leal
T01827,101.202.303-49,Jonas Melo,2025-10-09,5034.23,Aline Monteiro
T01828,222.333.444-51,Bruno Tavares,2025-10-09,7973.37,GAMA LOGÍSTICA LTDA
T01829,444.555.666-73,Diego Vasconcelos,2025-10-09,1570.58,SIGMA PARTICIPAÇÕES LTDA
T01830,222.333.444-51,Bruno Tavares,2025-10-10,3107.52,ALFA COMÉRCIO LTDA
T01831,444.555.666-73,Diego Vasconcelos,2025-10-10,2290.15,Gabriela Ramos
T01832,555.666.777-84,Elisa Barros,2025-10-10,672.43,Fábio Leal
T01833,999.000.111-28,Isabela Dantas,2025-10-10,7825.83,Isabela Dantas
T01834,202.303.404-50,Karen Freitas,2025-10-10,3583.62,DELTA CONSULTORIA LTDA
T01835,555.666.777-84,Elisa Barros,2025-10-10,1507.52,Diego Vasconcelos
T01836,444.555.666-73,Diego Vasconcelos,2025-10-11,1285.05,Jonas Melo
T01837,303.404.505-61,Lucas Gouveia,2025-10-11,8420.79,Aline Monteiro
T01838,303.404.505-61,Lucas Gouveia,2025-10-11,282.2,Lucas Gouveia
T01839,111.222.333-40,Aline Monteiro,2025-10-11,9925.24,ALFA COMÉRCIO LTDA
T01840,222.333.444-51,Bruno Tavares,2025-10-11,9685.11,ALFA COMÉRCIO LTDA
T01841,222.333.444-51,Bruno Tavares,2025-10-12,1455.59,Diego Vasconcelos
T01842,444.555.666-73,Diego Vasconcelos,2025-10-12,3305.63,GAMA LOGÍSTICA LTDA
T01843,202.303.404-50,Karen Freitas,2025-10-12,2607.13,Lucas Gouveia
T01844,999.000.111-28,Isabela Dantas,2025-10-13,6349.47,Gabriela Ramos
T01845,777.888.999-06,Gabriela Ramos,2025-10-13,295.03,Jonas Melo
T01846,101.202.303-49,Jonas Melo,2025-10-13,1455.51,Carla Nogueira
T01847,444.555.666-73,Diego Vasconcelos,2025-10-13,7058.65,Lucas Gouveia
T01848,333.444.555-62,Carla Nogueira,2025-10-13,5244.28,Isabela Dantas
T01849,202.303.404-50,Karen Freitas,2025-10-13,7405.65,ALFA COMÉRCIO LTDA
T01850,333.444.555-62,Carla Nogueira,2025-10-14,4767.96,ÔMEGA EVENTOS ME
T01851,444.555.666-73,Diego Vasconcelos,2025-10-14,4340.21,Diego Vasconcelos
T01852,555.666.777-84,Elisa Barros,2025-10-14,8187.18,Carla Nogueira
T01853,333.444.555-62,Carla Nogueira,2025-10-14,4239.51,DELTA CONSULTORIA LTDA
T01854,333.444.555-62,Carla Nogueira,2025-10-14,8298.25,Aline Monteiro
T01855,111.222.333-40,Aline Monteiro,2025-10-15,150.35,BETA SERVIÇOS ME
T01856,222.333.444-51,Bruno Tavares,2025-10-15,4266.31,ALFA COMÉRCIO LTDA
T01857,999.000.111-28,Isabela Dantas,2025-10-15,1537.62,Lucas Gouveia
T01858,888.999.000-17,Henrique Paiva,2025-10-15,2973.16,Diego Vasconcelos
T01859,888.999.000-17,Henrique Paiva,2025-10-16,915.18,Karen Freitas
T01860,111.222.333-40,Aline Monteiro,2025-10-16,6547.94,Gabriela Ramos
T01861,101.202.303-49,Jonas Melo,2025-10-16,1658.31,DELTA CONSULTORIA LTDA
T01862,555.666.777-84,Elisa Barros,2025-10-16,7795.44,BETA SERVIÇOS ME
T01863,888.999.000-17,Henrique Paiva,2025-10-17,4493.09,DELTA CONSULTORIA LTDA
T01864,101.202.303-49,Jonas Melo,2025-10-17,7141.38,Diego Vasconcelos
T01865,999.000.111-28,Isabela Dantas,2025-10-17,4685.53,BETA SERVIÇOS ME
T01866,111.222.333-40,Aline Monteiro,2025-10-17,9713.48,ALFA COMÉRCIO LTDA
T01867,111.222.333-40,Aline Monteiro,2025-10-17,9958.45,ALFA COMÉRCIO LTDA
T01868,222.333.444-51,Bruno Tavares,2025-10-17,9798.0,ALFA COMÉRCIO LTDA
T01869,222.333.444-51,Bruno Tavares,2025-10-17,9816.41,ALFA COMÉRCIO LTDA
T01870,222.333.444-51,Bruno Tavares,2025-10-17,9793.32,ALFA COMÉRCIO LTDA
T01871,222.333.444-51,Bruno Tavares,2025-10-18,7827.12,Karen Freitas
T01872,303.404.505-61,Lucas Gouveia,2025-10-18,358.97,SIGMA PARTICIPAÇÕES LTDA
T01873,555.666.777-84,Elisa Barros,2025-10-18,6615.87,Gabriela Ramos
T01874,222.333.444-51,Bruno Tavares,2025-10-18,3992.15,Fábio Leal
T01875,303.404.505-61,Lucas Gouveia,2025-10-18,5162.7,Carla Nogueira
T01876,666.777.888-95,Fábio Leal,2025-10-19,2051.13,ÔMEGA EVENTOS ME
T01877,222.333.444-51,Bruno Tavares,2025-10-19,6763.53,Bruno Tavares
T01878,999.000.111-28,Isabela Dantas,2025-10-19,1554.85,Bruno Tavares
T01879,222.333.444-51,Bruno Tavares,2025-10-19,4614.29,Karen Freitas
T01880,888.999.000-17,Henrique Paiva,2025-10-19,4183.55,Isabela Dantas
T01881,303.404.505-61,Lucas Gouveia,2025-10-20,4087.07,Aline Monteiro
T01882,303.404.505-61,Lucas Gouveia,2025-10-20,6575.78,Aline Monteiro
T01883,303.404.505-61,Lucas Gouveia,2025-10-20,3554.48,Lucas Gouveia
T01884,222.333.444-51,Bruno Tavares,2025-10-20,173.57,Karen Freitas
T01885,999.000.111-28,Isabela Dantas,2025-10-21,221.76,ÔMEGA EVENTOS ME
T01886,777.888.999-06,Gabriela Ramos,2025-10-21,8046.66,ÔMEGA EVENTOS ME
T01887,555.666.777-84,Elisa Barros,2025-10-21,4725.11,ÔMEGA EVENTOS ME
T01889,111.222.333-40,Aline Monteiro,2025-10-21,8231.17,SIGMA PARTICIPAÇÕES LTDA
T01890,888.999.000-17,Henrique Paiva,2025-10-21,5480.52,Fábio Leal
T01891,202.303.404-50,Karen Freitas,2025-10-22,6082.32,Diego Vasconcelos
T01892,101.202.303-49,Jonas Melo,2025-10-22,3411.07,Karen Freitas
T01893,111.222.333-40,Aline Monteiro,2025-10-22,8228.88,ALFA COMÉRCIO LTDA
T01894,101.202.303-49,Jonas Melo,2025-10-22,4656.41,SIGMA PARTICIPAÇÕES LTDA
T01895,111.222.333-40,Aline Monteiro,2025-10-22,3157.22,SIGMA PARTICIPAÇÕES LTDA
T01896,303.404.505-61,Lucas Gouveia,2025-10-22,230.27,DELTA CONSULTORIA LTDA
T01897,777.888.999-06,Gabriela Ramos,2025-10-23,2384.5,Lucas Gouveia
T01898,888.999.000-17,Henrique Paiva,2025-10-23,8489.68,Carla Nogueira
T01899,202.303.404-50,Karen Freitas,2025-10-23,3487.06,ÔMEGA EVENTOS ME
T01900,222.333.444-51,Bruno Tavares,2025-10-24,5111.1,Bruno Tavares
T01901,999.000.111-28,Isabela Dantas,2025-10-24,2303.42,DELTA CONSULTORIA LTDA
T01902,303.404.505-61,Lucas Gouveia,2025-10-24,1833.14,Elisa Barros
T01903,202.303.404-50,Karen Freitas,2025-10-24,3021.57,Isabela Dantas
T01904,888.999.000-17,Henrique Paiva,2025-10-24,4480.44,GAMA LOGÍSTICA LTDA
T01905,222.333.444-51,Bruno Tavares,2025-10-24,7716.85,Henrique Paiva
T01906,777.888.999-06,Gabriela Ramos,2025-10-24,4550.53,Diego Vasconcelos
T01907,111.222.333-40,Aline Monteiro,2025-10-24,9902.28,ALFA COMÉRCIO LTDA
T01908,222.333.444-51,Bruno Tavares,2025-10-24,9904.27,ALFA COMÉRCIO LTDA
T01909,222.333.444-51,Bruno Tavares,2025-10-24,9818.01,ALFA COMÉRCIO LTDA
T01910,303.404.505-61,Lucas Gouveia,2025-10-25,8241.06,Bruno Tavares
T01911,444.555.666-73,Diego Vasconcelos,2025-10-25,1225.41,Lucas Gouveia
T01912,888.999.000-17,Henrique Paiva,2025-10-25,2545.71,BETA SERVIÇOS ME
T01913,444.555.666-73,Diego Vasconcelos,2025-10-25,7814.74,GAMA LOGÍSTICA LTDA
T01914,444.555.666-73,Diego Vasconcelos,2025-10-25,4205.09,Fábio Leal
T01915,666.777.888-95,Fábio Leal,2025-10-25,189.72,BETA SERVIÇOS ME
T01916,666.777.888-95,Fábio Leal,2025-10-25,1951.14,Henrique Paiva
T01917,666.777.888-95,Fábio Leal,2025-10-25,1357.98,Gabriela Ramos
T01918,111.222.333-40,Aline Monteiro,2025-10-25,9720.42,ALFA COMÉRCIO LTDA
T01919,111.222.333-40,Aline Monteiro,2025-10-25,9701.22,ALFA COMÉRCIO LTDA
T01920,222.333.444-51,Bruno Tavares,2025-10-25,9885.63,ALFA COMÉRCIO LTDA
T01921,202.303.404-50,Karen Freitas,2025-10-26,5879.13,Gabriela Ramos
T01922,777.888.999-06,Gabriela Ramos,2025-10-26,1810.19,Jonas Melo
T01923,202.303.404-50,Karen Freitas,2025-10-26,7202.45,Gabriela Ramos
T01924,666.777.888-95,Fábio Leal,2025-10-26,2873.19,GAMA LOGÍSTICA LTDA
T01925,444.555.666-73,Diego Vasconcelos,2025-10-26,7171.06,BETA SERVIÇOS ME
T01926,222.333.444-51,Bruno Tavares,2025-10-27,7153.09,Lucas Gouveia
T01927,444.555.666-73,Diego Vasconcelos,2025-10-27,1177.56,Elisa Barros
T01928,666.777.888-95,Fábio Leal,2025-10-27,1252.17,ALFA COMÉRCIO LTDA
T01929,333.444.555-62,Carla Nogueira,2025-10-27,2537.85,Fábio Leal
T01930,444.555.666-73,Diego Vasconcelos,2025-10-28,4530.63,Fábio Leal
T01931,444.555.666-73,Diego Vasconcelos,2025-10-28,449.09,GAMA LOGÍSTICA LTDA
T01932,222.333.444-51,Bruno Tavares,2025-10-28,5795.32,Jonas Melo
T01933,666.777.888-95,Fábio Leal,2025-10-28,4489.68,SIGMA PARTICIPAÇÕES LTDA
T01934,202.303.404-50,Karen Freitas,2025-10-28,5404.16,GAMA LOGÍSTICA LTDA
T01935,444.555.666-73,Diego Vasconcelos,2025-10-29,4542.55,Jonas Melo
T01936,202.303.404-50,Karen Freitas,2025-10-29,5561.33,GAMA LOGÍSTICA LTDA
T01937,555.666.777-84,Elisa Barros,2025-10-29,1494.54,SIGMA PARTICIPAÇÕES LTDA
T01938,202.303.404-50,Karen Freitas,2025-10-29,1641.71,Isabela Dantas
T01939,101.202.303-49,Jonas Melo,2025-10-29,1142.51,SIGMA PARTICIPAÇÕES LTDA
T01940,303.404.505-61,Lucas Gouveia,2025-10-29,2611.74,DELTA CONSULTORIA LTDA
T01941,777.888.999-06,Gabriela Ramos,2025-10-29,2945.03,DELTA CONSULTORIA LTDA
T01942,555.666.777-84,Elisa Barros,2025-10-30,4482.72,Diego Vasconcelos
T01943,444.555.666-73,Diego Vasconcelos,2025-10-30,2247.1,Lucas Gouveia
T01944,303.404.505-61,Lucas Gouveia,2025-10-30,2857.61,BETA SERVIÇOS ME
T01945,111.222.333-40,Aline Monteiro,2025-10-30,5783.9,Isabela Dantas
T01946,666.777.888-95,Fábio Leal,2025-10-31,5727.53,Aline Monteiro
T01947,111.222.333-40,Aline Monteiro,2025-10-31,2018.64,GAMA LOGÍSTICA LTDA
T01948,666.777.888-95,Fábio Leal,2025-10-31,1003.15,BETA SERVIÇOS ME
T01949,555.666.777-84,Elisa Barros,2025-10-31,7586.26,Aline Monteiro
T01950,555.666.777-84,Elisa Barros,2025-10-31,4834.14,Aline Monteiro
T01951,888.999.000-17,Henrique Paiva,2025-10-31,3618.56,Lucas Gouveia
T01952,111.222.333-40,Aline Monteiro,2025-10-31,9905.32,ALFA COMÉRCIO LTDA
T01953,111.222.333-40,Aline Monteiro,2025-10-31,9800.25,ALFA COMÉRCIO LTDA
T01954,111.222.333-40,Aline Monteiro,2025-10-31,9729.34,ALFA COMÉRCIO LTDA
T01955,222.333.444-51,Bruno Tavares,2025-10-31,9701.18,ALFA COMÉRCIO LTDA
T01956,222.333.444-51,Bruno Tavares,2025-10-31,9881.85,ALFA COMÉRCIO LTDA
T01957,222.333.444-51,Bruno Tavares,2025-10-31,9961.87,ALFA COMÉRCIO LTDA
T01958,444.555.666-73,Diego Vasconcelos,2025-11-01,3549.19,Jonas Melo
T01959,777.888.999-06,Gabriela Ramos,2025-11-01,4530.78,GAMA LOGÍSTICA LTDA
T01960,444.555.666-73,Diego Vasconcelos,2025-11-01,3238.71,Gabriela Ramos
T01961,111.222.333-40,Aline Monteiro,2025-11-01,9700.44,ALFA COMÉRCIO LTDA
T01962,111.222.333-40,Aline Monteiro,2025-11-01,9919.26,ALFA COMÉRCIO LTDA
T01963,111.222.333-40,Aline Monteiro,2025-11-01,9961.6,ALFA COMÉRCIO LTDA
T01964,222.333.444-51,Bruno Tavares,2025-11-01,9899.53,ALFA COMÉRCIO LTDA
T01965,222.333.444-51,Bruno Tavares,2025-11-01,9913.72,ALFA COMÉRCIO LTDA
T01966,444.555.666-73,Diego Vasconcelos,2025-11-02,6803.72,Aline Monteiro
T01967,333.444.555-62,Carla Nogueira,2025-11-02,4689.09,Elisa Barros
T01968,303.404.505-61,Lucas Gouveia,2025-11-02,8054.89,Gabriela Ramos
T01969,202.303.404-50,Karen Freitas,2025-11-03,4384.51,Isabela Dantas
T01970,333.444.555-62,Carla Nogueira,2025-11-03,4807.93,Gabriela Ramos
T01971,888.999.000-17,Henrique Paiva,2025-11-03,330.94,ÔMEGA EVENTOS ME
T01972,111.222.333-40,Aline Monteiro,2025-11-03,5120.1,Henrique Paiva
T01973,999.000.111-28,Isabela Dantas,2025-11-04,1198.91,Lucas Gouveia
T01974,999.000.111-28,Isabela Dantas,2025-11-04,3120.41,Diego Vasconcelos
T01975,333.444.555-62,Carla Nogueira,2025-11-04,5557.14,ÔMEGA EVENTOS ME
T01976,333.444.555-62,Carla Nogueira,2025-11-04,8142.25,
T01977,777.888.999-06,Gabriela Ramos,2025-11-04,592.37,ÔMEGA EVENTOS ME
T01978,888.999.000-17,Henrique Paiva,2025-11-04,3675.97,ÔMEGA EVENTOS ME
T01979,303.404.505-61,Lucas Gouveia,2025-11-04,7992.15,SIGMA PARTICIPAÇÕES LTDA
T01980,333.444.555-62,Carla Nogueira,2025-11-05,1779.11,Bruno Tavares
T01981,202.303.404-50,Karen Freitas,2025-11-05,4592.42,Carla Nogueira
T01982,202.303.404-50,Karen Freitas,2025-11-05,1649.89,Elisa Barros
T01983,888.999.000-17,Henrique Paiva,2025-11-05,4936.62,DELTA CONSULTORIA LTDA
T01984,888.999.000-17,Henrique Paiva,2025-11-05,2705.99,BETA SERVIÇOS ME
T01985,888.999.000-17,Henrique Paiva,2025-11-05,4981.02,SIGMA PARTICIPAÇÕES LTDA
T01986,111.222.333-40,Aline Monteiro,2025-11-06,3999.92,BETA SERVIÇOS ME
T01987,888.999.000-17,Henrique Paiva,2025-11-06,1690.3,Isabela Dantas
T01988,111.222.333-40,Aline Monteiro,2025-11-06,259.86,GAMA LOGÍSTICA LTDA
T01989,444.555.666-73,Diego Vasconcelos,2025-11-06,6627.12,Isabela Dantas
T01990,303.404.505-61,Lucas Gouveia,2025-11-06,8303.02,DELTA CONSULTORIA LTDA
T01991,303.404.505-61,Lucas Gouveia,2025-11-07,4173.87,SIGMA PARTICIPAÇÕES LTDA
T01992,555.666.777-84,Elisa Barros,2025-11-07,3090.88,Diego Vasconcelos
T01993,888.999.000-17,Henrique Paiva,2025-11-07,3389.16,Fábio Leal
T01994,444.555.666-73,Diego Vasconcelos,2025-11-07,4909.16,DELTA CONSULTORIA LTDA
T01995,666.777.888-95,Fábio Leal,2025-11-07,5494.33,Gabriela Ramos
T01996,202.303.404-50,Karen Freitas,2025-11-07,7801.27,Gabriela Ramos
T01997,111.222.333-40,Aline Monteiro,2025-11-07,2271.47,ALFA COMÉRCIO LTDA
T01998,111.222.333-40,Aline Monteiro,2025-11-07,9816.0,ALFA COMÉRCIO LTDA
T01999,111.222.333-40,Aline Monteiro,2025-11-07,9812.49,ALFA COMÉRCIO LTDA
T02000,111.222.333-40,Aline Monteiro,2025-11-07,9909.6,ALFA COMÉRCIO LTDA
T02001,222.333.444-51,Bruno Tavares,2025-11-07,9898.6,ALFA COMÉRCIO LTDA
T02002,111.222.333-40,Aline Monteiro,2025-11-07,125000,GAMA LOGÍSTICA LTDA
T02003,333.444.555-62,Carla Nogueira,2025-11-08,4642.46,ALFA COMÉRCIO LTDA
T02004,555.666.777-84,Elisa Barros,2025-11-08,6417.42,Elisa Barros
T02005,303.404.505-61,Lucas Gouveia,2025-11-08,3780.66,GAMA LOGÍSTICA LTDA
T02006,101.202.303-49,Jonas Melo,2025-11-08,675.68,Isabela Dantas
T02007,111.222.333-40,Aline Monteiro,2025-11-08,5179.72,Karen Freitas
T02008,333.444.555-62,Carla Nogueira,2025-11-08,769.92,Karen Freitas
T02009,222.333.444-51,Bruno Tavares,2025-11-08,4882.23,BETA SERVIÇOS ME
T02010,111.222.333-40,Aline Monteiro,2025-11-08,9888.23,ALFA COMÉRCIO LTDA
T02011,111.222.333-40,Aline Monteiro,2025-11-08,9675.18,ALFA COMÉRCIO LTDA
T02012,222.333.444-51,Bruno Tavares,2025-11-08,9969.49,ALFA COMÉRCIO LTDA
T02013,999.000.111-28,Isabela Dantas,2025-11-09,1679.82,SIGMA PARTICIPAÇÕES LTDA
T02014,101.202.303-49,Jonas Melo,2025-11-09,5881.78,ALFA COMÉRCIO LTDA
T02015,101.202.303-49,Jonas Melo,2025-11-09,3125.88,Fábio Leal
T02016,101.202.303-49,Jonas Melo,2025-11-09,1485.1,Jonas Melo
T02017,999.000.111-28,Isabela Dantas,2025-11-10,5966.85,Diego Vasconcelos
T02018,111.222.333-40,Aline Monteiro,2025-11-10,1876.15,Elisa Barros
T02019,222.333.444-51,Bruno Tavares,2025-11-10,1762.47,Elisa Barros
T02020,666.777.888-95,Fábio Leal,2025-11-11,6073.47,Bruno Tavares
T02021,111.222.333-40,Aline Monteiro,2025-11-11,3614.3,Isabela Dantas
T02022,303.404.505-61,Lucas Gouveia,2025-11-11,3685.35,Diego Vasconcelos
T02023,999.000.111-28,Isabela Dantas,2025-11-11,7163.61,Elisa Barros
T02024,666.777.888-95,Fábio Leal,2025-11-11,506.81,Fábio Leal
T02025,777.888.999-06,Gabriela Ramos,2025-11-11,5641.94,ÔMEGA EVENTOS ME
T02026,444.555.666-73,Diego Vasconcelos,2025-11-11,2745.57,Aline Monteiro
T02027,888.999.000-17,Henrique Paiva,2025-11-12,8334.62,ALFA COMÉRCIO LTDA
T02028,111.222.333-40,Aline Monteiro,2025-11-12,4630.71,Elisa Barros
T02029,888.999.000-17,Henrique Paiva,2025-11-12,2231.15,Bruno Tavares
T02030,222.333.444-51,Bruno Tavares,2025-11-12,1291.85,Isabela Dantas
T02031,222.333.444-51,Bruno Tavares,2025-11-12,7500.95,Karen Freitas
T02032,111.222.333-40,Aline Monteiro,2025-11-13,3243.16,Lucas Gouveia
T02033,999.000.111-28,Isabela Dantas,2025-11-13,7999.56,Jonas Melo
T02034,222.333.444-51,Bruno Tavares,2025-11-13,1398.55,SIGMA PARTICIPAÇÕES LTDA
T02035,101.202.303-49,Jonas Melo,2025-11-13,1990.36,Lucas Gouveia
T02036,101.202.303-49,Jonas Melo,2025-11-14,3378.11,Aline Monteiro
T02037,999.000.111-28,Isabela Dantas,2025-11-14,267.02,Jonas Melo
T02038,666.777.888-95,Fábio Leal,2025-11-14,8195.48,Gabriela Ramos
T02039,777.888.999-06,Gabriela Ramos,2025-11-14,616.24,Karen Freitas
T02040,888.999.000-17,Henrique Paiva,2025-11-14,2005.71,Aline Monteiro
T02041,101.202.303-49,Jonas Melo,2025-11-15,3235.71,GAMA LOGÍSTICA LTDA
T02042,202.303.404-50,Karen Freitas,2025-11-15,7298.41,Elisa Barros
T02043,303.404.505-61,Lucas Gouveia,2025-11-15,4228.39,Henrique Paiva
T02044,202.303.404-50,Karen Freitas,2025-11-15,2031.06,Jonas Melo
T02045,111.222.333-40,Aline Monteiro,2025-11-15,9814.33,ALFA COMÉRCIO LTDA
T02046,222.333.444-51,Bruno Tavares,2025-11-15,9926.29,ALFA COMÉRCIO LTDA
T02047,888.999.000-17,Henrique Paiva,2025-11-16,6658.83,Bruno Tavares
T02048,101.202.303-49,Jonas Melo,2025-11-16,1269.71,GAMA LOGÍSTICA LTDA
T02049,111.222.333-40,Aline Monteiro,2025-11-16,7489.6,Bruno Tavares
T02050,444.555.666-73,Diego Vasconcelos,2025-11-16,6095.01,ÔMEGA EVENTOS ME
T02051,555.666.777-84,Elisa Barros,2025-11-17,7093.87,Lucas Gouveia
T02052,202.303.404-50,Karen Freitas,2025-11-17,587.55,BETA SERVIÇOS ME
T02053,555.666.777-84,Elisa Barros,2025-11-17,4123.0,Jonas Melo
T02054,666.777.888-95,Fábio Leal,2025-11-17,3284.85,Elisa Barros
T02055,222.333.444-51,Bruno Tavares,2025-11-17,3941.53,Karen Freitas
T02056,101.202.303-49,Jonas Melo,2025-11-18,800.33,Jonas Melo
T02057,888.999.000-17,Henrique Paiva,2025-11-18,1369.81,Fábio Leal
T02058,202.303.404-50,Karen Freitas,2025-11-18,4949.4,Lucas Gouveia
T02059,999.000.111-28,Isabela Dantas,2025-11-18,1812.69,DELTA CONSULTORIA LTDA
T02060,666.777.888-95,Fábio Leal,2025-11-18,6078.97,Lucas Gouveia
T02061,333.444.555-62,Carla Nogueira,2025-11-18,7290.34,Elisa Barros
T02062,888.999.000-17,Henrique Paiva,2025-11-18,678.65,Diego Vasconcelos
T02063,444.555.666-73,Diego Vasconcelos,2025-11-19,2434.46,Elisa Barros
T02064,202.303.404-50,Karen Freitas,2025-11-19,6236.8,Fábio Leal
T02065,888.999.000-17,Henrique Paiva,2025-11-19,2379.43,Fábio Leal
T02066,777.888.999-06,Gabriela Ramos,2025-11-19,2444.08,ALFA COMÉRCIO LTDA
T02067,101.202.303-49,Jonas Melo,2025-11-19,5708.61,Aline Monteiro
T02068,222.333.444-51,Bruno Tavares,2025-11-19,8291.94,SIGMA PARTICIPAÇÕES LTDA
T02069,444.555.666-73,Diego Vasconcelos,2025-11-19,5194.24,Diego Vasconcelos
T02070,666.777.888-95,Fábio Leal,2025-11-19,1147.43,Henrique Paiva
T02071,333.444.555-62,Carla Nogueira,2025-11-20,4720.26,Isabela Dantas
T02072,888.999.000-17,Henrique Paiva,2025-11-20,6500.2,Isabela Dantas
T02073,999.000.111-28,Isabela Dantas,2025-11-20,1610.52,Isabela Dantas
T02074,111.222.333-40,Aline Monteiro,2025-11-20,5533.12,Jonas Melo
T02075,666.777.888-95,Fábio Leal,2025-11-21,4396.16,SIGMA PARTICIPAÇÕES LTDA
T02076,555.666.777-84,Elisa Barros,2025-11-21,7576.21,SIGMA PARTICIPAÇÕES LTDA
T02077,888.999.000-17,Henrique Paiva,2025-11-21,1438.63,Aline Monteiro
T02078,555.666.777-84,Elisa Barros,2025-11-21,5466.24,BETA SERVIÇOS ME
T02079,303.404.505-61,Lucas Gouveia,2025-11-21,7204.74,Lucas Gouveia
T02080,111.222.333-40,Aline Monteiro,2025-11-21,9710.12,ALFA COMÉRCIO LTDA
T02081,111.222.333-40,Aline Monteiro,2025-11-21,9683.94,ALFA COMÉRCIO LTDA
T02082,222.333.444-51,Bruno Tavares,2025-11-21,9806.08,ALFA COMÉRCIO LTDA
T02083,222.333.444-51,Bruno Tavares,2025-11-21,9671.52,ALFA COMÉRCIO LTDA
T02084,666.777.888-95,Fábio Leal,2025-11-22,7008.84,Diego Vasconcelos
T02085,111.222.333-40,Aline Monteiro,2025-11-22,6853.46,ÔMEGA EVENTOS ME
T02086,111.222.333-40,Aline Monteiro,2025-11-22,1987.43,Isabela Dantas
T02087,111.222.333-40,Aline Monteiro,2025-11-22,9896.37,ALFA COMÉRCIO LTDA
T02088,111.222.333-40,Aline Monteiro,2025-11-22,9924.98,ALFA COMÉRCIO LTDA
T02089,222.333.444-51,Bruno Tavares,2025-11-22,9802.71,ALFA COMÉRCIO LTDA
T02090,888.999.000-17,Henrique Paiva,2025-11-23,2724.11,Bruno Tavares
T02091,222.333.444-51,Bruno Tavares,2025-11-23,2416.66,ALFA COMÉRCIO LTDA
T02092,333.444.555-62,Carla Nogueira,2025-11-23,7477.59,Gabriela Ramos
T02093,222.333.444-51,Bruno Tavares,2025-11-23,6293.98,Lucas Gouveia
T02094,444.555.666-73,Diego Vasconcelos,2025-11-24,792.55,Diego Vasconcelos
T02095,999.000.111-28,Isabela Dantas,2025-11-24,1825.68,Bruno Tavares
T02096,222.333.444-51,Bruno Tavares,2025-11-24,7519.37,GAMA LOGÍSTICA LTDA
T02097,444.555.666-73,Diego Vasconcelos,2025-11-24,2000.43,Gabriela Ramos
T02098,111.222.333-40,Aline Monteiro,2025-11-24,2352.4,Bruno Tavares
T02099,111.222.333-40,Aline Monteiro,2025-11-24,4618.46,Carla Nogueira
T02100,999.000.111-28,Isabela Dantas,2025-11-24,7809.56,Elisa Barros
T02101,303.404.505-61,Lucas Gouveia,2025-11-25,7453.89,Diego Vasconcelos
T02102,333.444.555-62,Carla Nogueira,2025-11-25,4362.93,Lucas Gouveia
T02103,666.777.888-95,Fábio Leal,2025-11-25,7872.86,GAMA LOGÍSTICA LTDA
T02104,666.777.888-95,Fábio Leal,2025-11-25,8409.42,ÔMEGA EVENTOS ME
T02105,999.000.111-28,Isabela Dantas,2025-11-25,6628.38,BETA SERVIÇOS ME
T02106,101.202.303-49,Jonas Melo,2025-11-25,3675.31,Lucas Gouveia
T02107,303.404.505-61,Lucas Gouveia,2025-11-25,635.35,BETA SERVIÇOS ME
T02108,101.202.303-49,Jonas Melo,2025-11-26,5690.94,Diego Vasconcelos
T02109,202.303.404-50,Karen Freitas,2025-11-26,3656.28,BETA SERVIÇOS ME
T02110,666.777.888-95,Fábio Leal,2025-11-26,7400.99,Lucas Gouveia
T02111,222.333.444-51,Bruno Tavares,2025-11-26,2214.3,Gabriela Ramos
T02112,999.000.111-28,Isabela Dantas,2025-11-26,6453.8,Carla Nogueira
T02113,303.404.505-61,Lucas Gouveia,2025-11-27,1823.19,Gabriela Ramos
T02114,333.444.555-62,Carla Nogueira,2025-11-27,5055.61,DELTA CONSULTORIA LTDA
T02115,101.202.303-49,Jonas Melo,2025-11-27,5616.26,SIGMA PARTICIPAÇÕES LTDA
T02116,303.404.505-61,Lucas Gouveia,2025-11-28,278.75,SIGMA PARTICIPAÇÕES LTDA
T02117,666.777.888-95,Fábio Leal,2025-11-28,1620.57,Elisa Barros
T02118,101.202.303-49,Jonas Melo,2025-11-28,2694.86,Isabela Dantas
T02119,111.222.333-40,Aline Monteiro,2025-11-28,9723.86,ALFA COMÉRCIO LTDA
T02120,111.222.333-40,Aline Monteiro,2025-11-28,9952.02,ALFA COMÉRCIO LTDA
T02121,111.222.333-40,Aline Monteiro,2025-11-28,9942.3,ALFA COMÉRCIO LTDA
T02122,222.333.444-51,Bruno Tavares,2025-11-28,9929.25,ALFA COMÉRCIO LTDA
T02123,222.333.444-51,Bruno Tavares,2025-11-28,9679.19,ALFA COMÉRCIO LTDA
T02124,777.888.999-06,Gabriela Ramos,2025-11-29,2521.88,GAMA LOGÍSTICA LTDA
T02125,555.666.777-84,Elisa Barros,2025-11-29,7754.22,ÔMEGA EVENTOS ME
T02126,999.000.111-28,Isabela Dantas,2025-11-29,436.18,Carla Nogueira
T02127,303.404.505-61,Lucas Gouveia,2025-11-29,6652.85,Aline Monteiro
T02128,111.222.333-40,Aline Monteiro,2025-11-29,9944.75,ALFA COMÉRCIO LTDA
T02129,111.222.333-40,Aline Monteiro,2025-11-29,9947.35,ALFA COMÉRCIO LTDA
T02130,222.333.444-51,Bruno Tavares,2025-11-29,9896.85,ALFA COMÉRCIO LTDA
T02131,111.222.333-40,Aline Monteiro,2025-11-30,1848.17,Gabriela Ramos
T02132,666.777.888-95,Fábio Leal,2025-11-30,4324.05,Carla Nogueira
T02133,333.444.555-62,Carla Nogueira,2025-11-30,5606.4,GAMA LOGÍSTICA LTDA
T02134,777.888.999-06,Gabriela Ramos,2025-11-30,3106.52,ÔMEGA EVENTOS ME
T02135,101.202.303-49,Jonas Melo,2025-11-30,7256.63,Karen Freitas
T02136,101.202.303-49,Jonas Melo,2025-11-30,2091.39,Gabriela Ramos
T02137,303.404.505-61,Lucas Gouveia,2025-11-30,7494.8,Gabriela Ramos
T02138,202.303.404-50,Karen Freitas,2025-11-30,4259.53,Lucas Gouveia
T02139,666.777.888-95,Fábio Leal,2025-12-01,4707.47,Elisa Barros
T02140,202.303.404-50,Karen Freitas,2025-12-01,2718.5,ALFA COMÉRCIO LTDA
T02141,111.222.333-40,Aline Monteiro,2025-12-01,6517.27,ALFA COMÉRCIO LTDA
T02142,202.303.404-50,Karen Freitas,2025-12-01,7219.03,BETA SERVIÇOS ME
T02143,666.777.888-95,Fábio Leal,2025-12-01,7600.29,Aline Monteiro
T02144,999.000.111-28,Isabela Dantas,2025-12-02,2169.61,Diego Vasconcelos
T02145,444.555.666-73,Diego Vasconcelos,2025-12-02,369.31,Fábio Leal
T02146,999.000.111-28,Isabela Dantas,2025-12-02,7831.03,SIGMA PARTICIPAÇÕES LTDA
T02147,111.222.333-40,Aline Monteiro,2025-12-02,631.92,Fábio Leal
T02148,555.666.777-84,Elisa Barros,2025-12-02,1757.98,Diego Vasconcelos
T02149,101.202.303-49,Jonas Melo,2025-12-02,7563.35,Henrique Paiva
T02150,555.666.777-84,Elisa Barros,2025-12-02,7417.63,SIGMA PARTICIPAÇÕES LTDA
T02151,111.222.333-40,Aline Monteiro,2025-12-03,6239.66,ALFA COMÉRCIO LTDA
T02152,999.000.111-28,Isabela Dantas,2025-12-03,7364.55,ALFA COMÉRCIO LTDA
T02153,888.999.000-17,Henrique Paiva,2025-12-03,2103.5,Henrique Paiva
T02154,303.404.505-61,Lucas Gouveia,2025-12-03,5876.8,Jonas Melo
T02155,888.999.000-17,Henrique Paiva,2025-12-03,2208.04,BETA SERVIÇOS ME
T02156,666.777.888-95,Fábio Leal,2025-12-03,6939.11,DELTA CONSULTORIA LTDA
T02157,111.222.333-40,Aline Monteiro,2025-12-04,5721.51,Aline Monteiro
T02158,222.333.444-51,Bruno Tavares,2025-12-04,5154.96,Karen Freitas
T02159,999.000.111-28,Isabela Dantas,2025-12-04,636.93,Fábio Leal
T02160,777.888.999-06,Gabriela Ramos,2025-12-04,227.31,Diego Vasconcelos
T02161,444.555.666-73,Diego Vasconcelos,2025-12-04,7810.58,Diego Vasconcelos
T02162,444.555.666-73,Diego Vasconcelos,2025-12-05,8186.73,Carla Nogueira
T02163,303.404.505-61,Lucas Gouveia,2025-12-05,1816.55,SIGMA PARTICIPAÇÕES LTDA
T02164,303.404.505-61,Lucas Gouveia,2025-12-05,7002.38,Karen Freitas
T02165,444.555.666-73,Diego Vasconcelos,2025-12-05,1508.66,SIGMA PARTICIPAÇÕES LTDA
T02166,333.444.555-62,Carla Nogueira,2025-12-05,5658.65,Henrique Paiva
T02167,111.222.333-40,Aline Monteiro,2025-12-05,838.5,ALFA COMÉRCIO LTDA
T02168,111.222.333-40,Aline Monteiro,2025-12-05,9875.71,ALFA COMÉRCIO LTDA
T02169,111.222.333-40,Aline Monteiro,2025-12-05,9687.09,ALFA COMÉRCIO LTDA
T02170,111.222.333-40,Aline Monteiro,2025-12-05,9825.63,ALFA COMÉRCIO LTDA
T02171,222.333.444-51,Bruno Tavares,2025-12-05,9890.88,ALFA COMÉRCIO LTDA
T02172,222.333.444-51,Bruno Tavares,2025-12-05,9675.37,ALFA COMÉRCIO LTDA
T02173,101.202.303-49,Jonas Melo,2025-12-06,2970.76,SIGMA PARTICIPAÇÕES LTDA
T02174,999.000.111-28,Isabela Dantas,2025-12-06,8160.19,ÔMEGA EVENTOS ME
T02175,303.404.505-61,Lucas Gouveia,2025-12-06,6986.92,Bruno Tavares
T02176,101.202.303-49,Jonas Melo,2025-12-06,5669.98,Isabela Dantas
T02177,101.202.303-49,Jonas Melo,2025-12-06,2999.86,Bruno Tavares
T02178,222.333.444-51,Bruno Tavares,2025-12-06,7052.37,Jonas Melo
T02179,555.666.777-84,Elisa Barros,2025-12-06,4562.27,Karen Freitas
T02180,111.222.333-40,Aline Monteiro,2025-12-06,9977.36,ALFA COMÉRCIO LTDA
T02181,111.222.333-40,Aline Monteiro,2025-12-06,9777.65,ALFA COMÉRCIO LTDA
T02182,222.333.444-51,Bruno Tavares,2025-12-06,9715.89,ALFA COMÉRCIO LTDA
T02183,222.333.444-51,Bruno Tavares,2025-12-06,9956.49,ALFA COMÉRCIO LTDA
T02184,888.999.000-17,Henrique Paiva,2025-12-07,2723.69,Jonas Melo
T02185,666.777.888-95,Fábio Leal,2025-12-07,2237.73,Aline Monteiro
T02186,555.666.777-84,Elisa Barros,2025-12-07,5195.49,Carla Nogueira
T02187,202.303.404-50,Karen Freitas,2025-12-08,3319.95,Bruno Tavares
T02188,999.000.111-28,Isabela Dantas,2025-12-08,378.65,Jonas Melo
T02189,333.444.555-62,Carla Nogueira,2025-12-08,1731.69,Aline Monteiro
T02190,666.777.888-95,Fábio Leal,2025-12-08,8212.76,Elisa Barros
T02191,999.000.111-28,Isabela Dantas,2025-12-08,4463.56,Gabriela Ramos
T02192,222.333.444-51,Bruno Tavares,2025-12-09,5714.39,Diego Vasconcelos
T02193,999.000.111-28,Isabela Dantas,2025-12-09,1626.7,BETA SERVIÇOS ME
T02194,303.404.505-61,Lucas Gouveia,2025-12-09,7093.06,Jonas Melo
T02195,777.888.999-06,Gabriela Ramos,2025-12-09,2753.66,Bruno Tavares
T02196,444.555.666-73,Diego Vasconcelos,2025-12-09,2165.71,ÔMEGA EVENTOS ME
T02197,666.777.888-95,Fábio Leal,2025-12-09,837.1,Henrique Paiva
T02198,222.333.444-51,Bruno Tavares,2025-12-09,3072.73,Fábio Leal
T02199,333.444.555-62,Carla Nogueira,2025-12-09,4177.74,Aline Monteiro
T02200,202.303.404-50,Karen Freitas,2025-12-10,2072.14,BETA SERVIÇOS ME
T02201,101.202.303-49,Jonas Melo,2025-12-10,6839.13,Elisa Barros
T02202,888.999.000-17,Henrique Paiva,2025-12-10,277.7,Lucas Gouveia
T02203,666.777.888-95,Fábio Leal,2025-12-10,2073.9,Diego Vasconcelos
T02204,888.999.000-17,Henrique Paiva,2025-12-10,7620.82,Karen Freitas
T02205,303.404.505-61,Lucas Gouveia,2025-12-10,2358.88,Elisa Barros
T02206,303.404.505-61,Lucas Gouveia,2025-12-10,4906.46,Bruno Tavares
T02207,444.555.666-73,Diego Vasconcelos,2025-12-11,7071.11,ÔMEGA EVENTOS ME
T02208,202.303.404-50,Karen Freitas,2025-12-11,6920.72,Lucas Gouveia
T02209,202.303.404-50,Karen Freitas,2025-12-11,1027.75,BETA SERVIÇOS ME
T02210,777.888.999-06,Gabriela Ramos,2025-12-11,5880.17,Elisa Barros
T02211,777.888.999-06,Gabriela Ramos,2025-12-12,6188.38,Isabela Dantas
T02212,222.333.444-51,Bruno Tavares,2025-12-12,8171.8,Bruno Tavares
T02213,555.666.777-84,Elisa Barros,2025-12-12,6665.03,Aline Monteiro
T02214,111.222.333-40,Aline Monteiro,2025-12-12,9931.78,ALFA COMÉRCIO LTDA
T02215,111.222.333-40,Aline Monteiro,2025-12-12,9886.67,ALFA COMÉRCIO LTDA
T02216,111.222.333-40,Aline Monteiro,2025-12-12,9721.91,ALFA COMÉRCIO LTDA
T02217,222.333.444-51,Bruno Tavares,2025-12-12,9922.55,ALFA COMÉRCIO LTDA
T02218,222.333.444-51,Bruno Tavares,2025-12-12,9817.55,ALFA COMÉRCIO LTDA
T02219,222.333.444-51,Bruno Tavares,2025-12-12,9888.61,ALFA COMÉRCIO LTDA
T02220,444.555.666-73,Diego Vasconcelos,2025-12-13,6005.29,ÔMEGA EVENTOS ME
T02221,666.777.888-95,Fábio Leal,2025-12-13,8116.08,Bruno Tavares
T02222,888.999.000-17,Henrique Paiva,2025-12-13,1389.44,Carla Nogueira
T02223,777.888.999-06,Gabriela Ramos,2025-12-13,1901.51,Aline Monteiro
T02224,111.222.333-40,Aline Monteiro,2025-12-13,9907.85,ALFA COMÉRCIO LTDA
T02225,111.222.333-40,Aline Monteiro,2025-12-13,9948.29,ALFA COMÉRCIO LTDA
T02226,111.222.333-40,Aline Monteiro,2025-12-13,9967.88,ALFA COMÉRCIO LTDA
T02227,222.333.444-51,Bruno Tavares,2025-12-13,9794.87,ALFA COMÉRCIO LTDA
T02228,303.404.505-61,Lucas Gouveia,2025-12-14,6214.16,Diego Vasconcelos
T02229,666.777.888-95,Fábio Leal,2025-12-14,1346.28,Jonas Melo
T02230,202.303.404-50,Karen Freitas,2025-12-14,2048.82,Henrique Paiva
T02231,222.333.444-51,Bruno Tavares,2025-12-14,4447.66,Lucas Gouveia
T02232,202.303.404-50,Karen Freitas,2025-12-15,7726.47,Elisa Barros
T02233,666.777.888-95,Fábio Leal,2025-12-15,8253.23,Jonas Melo
T02234,444.555.666-73,Diego Vasconcelos,2025-12-15,4607.12,Bruno Tavares
T02235,888.999.000-17,Henrique Paiva,2025-12-15,1934.93,Elisa Barros
T02236,444.555.666-73,Diego Vasconcelos,2025-12-15,6210.58,Elisa Barros
T02237,333.444.555-62,Carla Nogueira,2025-12-16,5019.09,Aline Monteiro
T02238,777.888.999-06,Gabriela Ramos,2025-12-16,1895.32,Aline Monteiro
T02239,666.777.888-95,Fábio Leal,2025-12-16,7636.87,DELTA CONSULTORIA LTDA
T02240,555.666.777-84,Elisa Barros,2025-12-16,6513.33,Jonas Melo
T02241,303.404.505-61,Lucas Gouveia,2025-12-17,1301.93,DELTA CONSULTORIA LTDA
T02242,444.555.666-73,Diego Vasconcelos,2025-12-17,2454.24,Jonas Melo
T02243,202.303.404-50,Karen Freitas,2025-12-17,3300.3,Aline Monteiro
T02244,777.888.999-06,Gabriela Ramos,2025-12-17,816.46,Diego Vasconcelos
T02245,222.333.444-51,Bruno Tavares,2025-12-18,6188.96,Bruno Tavares
T02246,101.202.303-49,Jonas Melo,2025-12-18,5347.88,Diego Vasconcelos
T02247,222.333.444-51,Bruno Tavares,2025-12-18,347.03,Gabriela Ramos
T02248,555.666.777-84,Elisa Barros,2025-12-18,3868.2,Carla Nogueira
T02249,222.333.444-51,Bruno Tavares,2025-12-18,6229.15,Henrique Paiva
T02250,777.888.999-06,Gabriela Ramos,2025-12-18,8019.8,Karen Freitas
T02251,444.555.666-73,Diego Vasconcelos,2025-12-18,6543.86,Bruno Tavares
T02252,101.202.303-49,Jonas Melo,2025-12-19,2759.36,ÔMEGA EVENTOS ME
T02253,888.999.000-17,Henrique Paiva,2025-12-19,6721.86,Gabriela Ramos
T02254,555.666.777-84,Elisa Barros,2025-12-19,1690.1,Gabriela Ramos
T02255,777.888.999-06,Gabriela Ramos,2025-12-19,2039.83,SIGMA PARTICIPAÇÕES LTDA
T02256,666.777.888-95,Fábio Leal,2025-12-19,3016.19,Henrique Paiva
T02257,444.555.666-73,Diego Vasconcelos,2025-12-19,3362.75,Bruno Tavares
T02258,202.303.404-50,Karen Freitas,2025-12-19,657.77,Bruno Tavares
T02259,111.222.333-40,Aline Monteiro,2025-12-19,9979.27,ALFA COMÉRCIO LTDA
T02260,222.333.444-51,Bruno Tavares,2025-12-19,9938.93,ALFA COMÉRCIO LTDA
T02261,666.777.888-95,Fábio Leal,2025-12-20,2405.68,Fábio Leal
T02262,888.999.000-17,Henrique Paiva,2025-12-20,1534.84,Lucas Gouveia
T02263,444.555.666-73,Diego Vasconcelos,2025-12-20,6544.49,Karen Freitas
T02264,444.555.666-73,Diego Vasconcelos,2025-12-20,7841.39,Carla Nogueira
T02265,202.303.404-50,Karen Freitas,2025-12-20,7216.14,Jonas Melo
T02266,222.333.444-51,Bruno Tavares,2025-12-20,4264.18,Elisa Barros
T02267,111.222.333-40,Aline Monteiro,2025-12-20,2504.15,Elisa Barros
T02268,888.999.000-17,Henrique Paiva,2025-12-20,4728.11,BETA SERVIÇOS ME
T02269,222.333.444-51,Bruno Tavares,2025-12-21,6080.84,Henrique Paiva
T02270,999.000.111-28,Isabela Dantas,2025-12-21,4924.75,Diego Vasconcelos
T02271,777.888.999-06,Gabriela Ramos,2025-12-21,6529.95,Lucas Gouveia
T02272,202.303.404-50,Karen Freitas,2025-12-21,6026.86,Jonas Melo
T02273,111.222.333-40,Aline Monteiro,2025-12-21,6604.58,Karen Freitas
T02274,999.000.111-28,Isabela Dantas,2025-12-21,7511.54,Fábio Leal
T02275,999.000.111-28,Isabela Dantas,2025-12-21,3222.88,Henrique Paiva
T02276,333.444.555-62,Carla Nogueira,2025-12-22,3184.58,Aline Monteiro
T02277,777.888.999-06,Gabriela Ramos,2025-12-22,4126.57,Lucas Gouveia
T02278,101.202.303-49,Jonas Melo,2025-12-22,5522.06,DELTA CONSULTORIA LTDA
T02279,202.303.404-50,Karen Freitas,2025-12-22,5660.07,Aline Monteiro
T02280,303.404.505-61,Lucas Gouveia,2025-12-22,2011.77,Carla Nogueira
T02281,999.000.111-28,Isabela Dantas,2025-12-22,4798.06,Isabela Dantas
T02282,777.888.999-06,Gabriela Ramos,2025-12-22,5044.82,ÔMEGA EVENTOS ME
T02283,999.000.111-28,Isabela Dantas,2025-12-23,3132.65,SIGMA PARTICIPAÇÕES LTDA
T02284,222.333.444-51,Bruno Tavares,2025-12-23,2139.6,Aline Monteiro
T02285,666.777.888-95,Fábio Leal,2025-12-23,1602.93,GAMA LOGÍSTICA LTDA
T02286,202.303.404-50,Karen Freitas,2025-12-23,7492.18,Elisa Barros
T02287,555.666.777-84,Elisa Barros,2025-12-24,3380.96,Bruno Tavares
T02288,111.222.333-40,Aline Monteiro,2025-12-24,4184.93,Bruno Tavares
T02289,888.999.000-17,Henrique Paiva,2025-12-24,7426.95,DELTA CONSULTORIA LTDA
T02290,303.404.505-61,Lucas Gouveia,2025-12-24,2632.39,Isabela Dantas
T02291,222.333.444-51,Bruno Tavares,2025-12-24,7617.81,Elisa Barros
T02292,999.000.111-28,Isabela Dantas,2025-12-24,2088.83,ALFA COMÉRCIO LTDA
T02293,999.000.111-28,Isabela Dantas,2025-12-25,4253.74,Karen Freitas
T02294,222.333.444-51,Bruno Tavares,2025-12-25,616.79,DELTA CONSULTORIA LTDA
T02295,666.777.888-95,Fábio Leal,2025-12-25,1165.91,Isabela Dantas
T02296,444.555.666-73,Diego Vasconcelos,2025-12-25,4192.33,Elisa Barros
T02297,888.999.000-17,Henrique Paiva,2025-12-25,4920.8,SIGMA PARTICIPAÇÕES LTDA
T02298,888.999.000-17,Henrique Paiva,2025-12-25,3206.67,Lucas Gouveia
T02299,101.202.303-49,Jonas Melo,2025-12-25,7752.98,Karen Freitas
T02300,666.777.888-95,Fábio Leal,2025-12-26,1627.92,Henrique Paiva
T02301,888.999.000-17,Henrique Paiva,2025-12-26,4432.05,GAMA LOGÍSTICA LTDA
T02302,303.404.505-61,Lucas Gouveia,2025-12-26,2884.85,ALFA COMÉRCIO LTDA
T02303,202.303.404-50,Karen Freitas,2025-12-26,6122.08,ÔMEGA EVENTOS ME
T02304,303.404.505-61,Lucas Gouveia,2025-12-26,1237.88,Henrique Paiva
T02305,111.222.333-40,Aline Monteiro,2025-12-26,9959.58,ALFA COMÉRCIO LTDA
T02306,111.222.333-40,Aline Monteiro,2025-12-26,9908.27,ALFA COMÉRCIO LTDA
T02307,222.333.444-51,Bruno Tavares,2025-12-26,9679.59,ALFA COMÉRCIO LTDA
T02308,222.333.444-51,Bruno Tavares,2025-12-26,9882.05,ALFA COMÉRCIO LTDA
T02309,444.555.666-73,Diego Vasconcelos,2025-12-27,3733.79,Aline Monteiro
T02310,666.777.888-95,Fábio Leal,2025-12-27,7208.84,Diego Vasconcelos
T02311,101.202.303-49,Jonas Melo,2025-12-27,4827.19,GAMA LOGÍSTICA LTDA
T02312,666.777.888-95,Fábio Leal,2025-12-27,6435.08,Lucas Gouveia
T02313,101.202.303-49,Jonas Melo,2025-12-27,1775.35,Henrique Paiva
T02314,666.777.888-95,Fábio Leal,2025-12-27,4744.14,Isabela Dantas
T02315,333.444.555-62,Carla Nogueira,2025-12-27,3741.35,Diego Vasconcelos
T02316,111.222.333-40,Aline Monteiro,2025-12-27,9815.51,ALFA COMÉRCIO LTDA
T02317,111.222.333-40,Aline Monteiro,2025-12-27,9889.02,ALFA COMÉRCIO LTDA
T02318,111.222.333-40,Aline Monteiro,2025-12-27,9716.23,ALFA COMÉRCIO LTDA
T02319,222.333.444-51,Bruno Tavares,2025-12-27,9723.86,ALFA COMÉRCIO LTDA
T02320,222.333.444-51,Bruno Tavares,2025-12-27,9926.76,ALFA COMÉRCIO LTDA
T02321,222.333.444-51,Bruno Tavares,2025-12-27,9713.34,ALFA COMÉRCIO LTDA
T02322,888.999.000-17,Henrique Paiva,2025-12-28,4727.32,Karen Freitas
T02323,101.202.303-49,Jonas Melo,2025-12-28,6385.24,ÔMEGA EVENTOS ME
T02324,666.777.888-95,Fábio Leal,2025-12-28,7657.72,Karen Freitas
T02325,101.202.303-49,Jonas Melo,2025-12-28,4034.89,Henrique Paiva
T02326,101.202.303-49,Jonas Melo,2025-12-28,2870.3,BETA SERVIÇOS ME
T02327,999.000.111-28,Isabela Dantas,2025-12-28,736.9,Henrique Paiva
T02328,777.888.999-06,Gabriela Ramos,2025-12-28,1833.03,Lucas Gouveia
T02329,333.444.555-62,Carla Nogueira,2025-12-28,2486.45,Gabriela Ramos
T02330,333.444.555-62,Carla Nogueira,2025-12-29,7218.31,Henrique Paiva
T02331,444.555.666-73,Diego Vasconcelos,2025-12-29,2665.89,ALFA COMÉRCIO LTDA
T02332,202.303.404-50,Karen Freitas,2025-12-29,258.38,Jonas Melo
T02333,101.202.303-49,Jonas Melo,2025-12-29,6815.92,DELTA CONSULTORIA LTDA
T02334,888.999.000-17,Henrique Paiva,2025-12-29,2897.94,ALFA COMÉRCIO LTDA
T02335,999.000.111-28,Isabela Dantas,2025-12-30,162.98,Diego Vasconcelos
T02336,111.222.333-40,Aline Monteiro,2025-12-30,4605.58,ÔMEGA EVENTOS ME
T02337,555.666.777-84,Elisa Barros,2025-12-30,6973.95,BETA SERVIÇOS ME
T02338,999.000.111-28,Isabela Dantas,2025-12-30,5398.6,Aline Monteiro
T02339,101.202.303-49,Jonas Melo,2025-12-31,4714.97,Lucas Gouveia
T02340,303.404.505-61,Lucas Gouveia,2025-12-31,7932.9,Karen Freitas
T02341,202.303.404-50,Karen Freitas,2025-12-31,7943.01,Karen Freitas
T02342,888.999.000-17,Henrique Paiva,2025-12-31,4244.41,Aline Monteiro
T02343,303.404.505-61,Lucas Gouveia,2025-12-31,5220.57,Henrique Paiva
T02344,666.777.888-95,Fábio Leal,2025-12-31,1228.51,Karen Freitas
T02345,303.404.505-61,Lucas Gouveia,2025-12-31,4829.14,Fábio Leal
T00001,999.000.111-28,Isabela Dantas,2025-01-01,3587.6,Aline Monteiro
T00002,777.888.999-06,Gabriela Ramos,2025-01-01,2384.11,Henrique Paiva
T00003,303.404.505-61,Lucas Gouveia,2025-01-01,7687.0,Henrique Paiva
T00004,333.444.555-62,Carla Nogueira,2025-01-02,2361.21,Karen Freitas
T00005,444.555.666-73,Diego Vasconcelos,2025-01-02,2526.36,Fábio Leal
T00006,222.333.444-51,Bruno Tavares,2025-01-02,6417.59,Fábio Leal
T00007,666.777.888-95,Fábio Leal,2025-01-02,1093.41,ALFA COMÉRCIO LTDA
T00008,555.666.777-84,Elisa Barros,2025-01-02,6164.72,Diego Vasconcelos
